CustomerID,FullName,DOB,Gender,City,State,Email,Phone,CustomerSegment,Status,JoinDate
1,Amanda Conley,28-06-1959,Male,Grosshaven,Virginia,reneemullins@example.net,8939100251,Premium,Active,29-01-2025
2,Melanie Burns,13-01-1984,Male,South Laurenhaven,California,hopkinscarl@example.net,241.543.3377x6174,Regular,Inactive,09-08-2024
3,Patrick Torres,03-03-1955,Male,North Timothy,Illinois,radams@example.org,001-637-348-4777x183,Regular,Inactive,30-03-2022
4,Robert Donaldson,12-09-2006,Male,Mcknightfurt,California,sabrinaarias@example.org,001-612-384-5298,Regular,Active,09-08-2021
5,Katelyn Johnson,20-09-1992,Male,South Erinfurt,Washington,jessica65@example.com,815-805-5613x04451,Regular,Active,28-08-2022
6,Jeffrey Hill,13-06-2010,Male,West Cristianport,Texas,johnbaker@example.net,435-660-6883x10679,New,Active,01-06-2024
7,Carolyn Perry,28-08-1979,Female,Kennethview,Oregon,tdouglas@example.com,-2869,VIP,Inactive,01-01-2026
8,Charles Lee,23-11-2004,Male,East Matthewland,Illinois,john49@example.org,2669683645,Premium,Active,02-06-2026
9,Jonathan Soto,04-03-1967,Female,North Joseph,Ohio,patrickbrewer@example.com,902-506-7970x1687,Premium,Active,11-04-2026
10,Wesley Rodriguez,04-07-1997,Male,Millerton,Ohio,caseyjesse@example.org,+1-842-648-6111x4893,Regular,Active,14-08-2022
11,Eric Murray,08-12-1963,Male,Deannabury,Texas,jfox@example.org,6645003761,Regular,Active,22-06-2024
12,Andrew Morgan,25-07-1990,Female,Coxfurt,New York,adamcarter@example.net,637-634-3373,New,Active,25-01-2026
13,Stephanie Washington,22-01-1957,Male,New Dustinfurt,Michigan,lewisterri@example.org,(900)226-7511x25328,Regular,Active,01-08-2024
14,Victoria Ramos,25-03-1969,Female,North Christianland,California,robert18@example.org,(754)961-0735x8735,VIP,Inactive,31-01-2025
15,Pamela Williams,03-05-1952,Female,South Bryanton,Washington,james19@example.com,(245)590-4544x091,Premium,Active,16-07-2023
16,Ricardo Clarke,15-12-1956,Male,Briggsberg,Michigan,zwhite@example.net,429-535-5759x1836,Regular,Active,14-01-2025
17,Mr. Christopher Simmons,26-12-1974,Female,North Josephland,North Carolina,colejimenez@example.net,623.626.7938x144,Premium,Inactive,17-09-2024
18,David Sanchez,24-11-1972,Female,West Nicole,Georgia,markfoster@example.org,583.317.0107x37504,VIP,Active,23-02-2025
19,Cheyenne Jones,18-07-1953,Male,South Carrie,Colorado,rodriguezcaitlyn@example.net,(230)755-2034x093,Regular,Active,21-06-2024
20,Angela Johnson,23-01-1975,Male,Kelleyland,Oregon,zgarcia@example.net,-7903,Regular,Active,07-05-2023
21,Heather Butler,18-09-2007,Male,Deannafurt,Illinois,aharris@example.com,(461)216-9572,New,Active,21-01-2023
22,Jennifer Berry,15-08-1953,Female,Joburgh,Illinois,michaelmartin@example.org,716-273-4207,Regular,Active,21-03-2022
23,Michael Watts,24-12-1986,Female,Lake Kristi,North Carolina,christinemendez@example.org,529.230.6826x5123,Premium,Active,24-08-2024
24,Mary Nguyen,21-07-2003,Female,Greeneside,Ohio,deborah49@example.org,(965)478-7200x97737,New,Inactive,30-08-2025
25,Ian Diaz,25-02-1999,Male,Gordonton,Oregon,fieldschristopher@example.net,681-408-6201x91327,New,Active,28-06-2023
26,Roy Bishop,09-09-1991,Female,Erikview,Georgia,gthomas@example.com,594.498.3550,Regular,Active,24-01-2025
27,Garrett Bennett,23-09-1974,Female,Darinhaven,California,fieldsmichael@example.com,-10256,Regular,Active,25-08-2024
28,Jessica Thompson,28-02-1985,Male,West Loriview,Colorado,danielle95@example.net,7032249668,Regular,Active,17-04-2023
29,Alison Smith,11-06-1958,Male,Kevinhaven,New York,amanda69@example.com,001-523-459-7220,New,Active,21-08-2022
30,Maurice Nelson,28-07-1977,Male,Tammyton,Florida,brooke97@example.net,373.220.0080x62320,Regular,Active,31-10-2021
31,Jason Holmes,12-04-1987,Male,Liburgh,Michigan,bryce07@example.net,-2695,VIP,Inactive,30-09-2024
32,Paul Neal,16-06-1964,Female,Jenniferview,Colorado,hjennings@example.com,731-580-2433x2536,Regular,Inactive,16-09-2021
33,Vicki Skinner,15-04-1973,Female,Kennedyhaven,Washington,mathewssamuel@example.net,494.436.9919,Regular,Active,16-09-2025
34,Candice Madden,30-06-1952,Male,North Bobbyton,Oregon,doylecameron@example.net,001-653-981-6133x31001,New,Active,25-01-2022
35,Christine Flores,06-07-1956,Male,Greenstad,Florida,sarah05@example.com,001-298-574-9060x68157,VIP,Active,31-12-2021
36,Donna Graham,20-05-1993,Male,West Kathleen,Florida,smithtravis@example.com,001-927-495-8492x433,Regular,Active,03-08-2025
37,Richard Terry,11-02-1957,Male,Lake Markville,Washington,vmcfarland@example.org,(205)734-4688x26372,New,Active,25-08-2024
38,Joanna Spencer,01-06-1985,Female,Gavinmouth,Illinois,beth25@example.com,+1-738-434-4922x3598,Regular,Active,01-02-2024
39,Troy Cooley,10-09-1964,Male,Lake Craig,Ohio,jhernandez@example.com,001-846-843-1143x6700,Regular,Active,21-03-2026
40,Julie Thomas,16-02-1992,Female,Smithbury,Arizona,lhaynes@example.net,+1-563-893-2176x5416,Premium,Active,24-12-2023
41,Jeff Gibson,23-04-1993,Female,Holmesburgh,Ohio,kimberly67@example.org,9485323851,Regular,Inactive,12-08-2024
42,Sandra Boyd,23-07-1993,Female,Harmonmouth,Texas,veronicawhite@example.net,001-719-650-4466x00166,Regular,Active,14-01-2024
43,Troy Mata,28-01-1957,Male,Murrayburgh,Virginia,sarahjones@example.net,478.932.5674,Regular,Active,05-01-2023
44,James King,22-10-1971,Female,Sheltonfort,Virginia,trujillolauren@example.com,445.677.6915,Premium,Inactive,13-09-2025
45,Susan Bowers,15-10-2001,Female,New Marie,Georgia,sandovaljason@example.org,+1-844-491-9232x7523,New,Active,19-10-2021
46,Ann Valenzuela,03-02-1987,Male,Jamesborough,Colorado,harmonsamuel@example.org,-3954,New,Inactive,25-11-2024
47,Jonathan Ryan PhD,19-07-1978,Male,East Marymouth,California,dortega@example.com,(461)225-0090x51877,Regular,Active,25-03-2022
48,Brandon Hopkins,28-04-1963,Female,Thomashaven,Oregon,justinpeterson@example.com,-9006,Regular,Active,25-07-2023
49,Erin Stewart,08-01-2009,Female,Davidland,Arizona,rossangela@example.com,-2256,Premium,Active,26-09-2024
50,Lisa Sims,11-11-1997,Male,East Benjaminmouth,Pennsylvania,craigwhite@example.org,(810)252-4844x26050,Regular,Active,29-12-2025
51,Patricia Fisher,21-05-1980,Male,Griffintown,Michigan,qwheeler@example.org,368.511.7320x6001,Regular,Active,01-02-2024
52,Nathan Allen,11-09-2002,Female,North Michael,North Carolina,jessicamiller@example.net,-1216,Regular,Inactive,25-02-2022
53,Scott Tucker,08-03-1969,Male,West Michaelshire,Massachusetts,kharrison@example.org,752-667-6749,Regular,Active,08-02-2025
54,Rebecca Greene,26-04-1967,Male,Port Edwardport,Virginia,pbray@example.com,(269)637-4054x4629,Regular,Active,29-07-2024
55,Laura Hill,07-07-2000,Male,Reedland,California,msalinas@example.net,249.806.7349,Regular,Inactive,05-07-2025
56,Patricia Hall,07-02-1978,Male,Nicolehaven,Colorado,thomas93@example.org,831.424.5995,Premium,Active,13-12-2021
57,Sean Watson MD,19-04-1965,Female,East Leslietown,Arizona,juan90@example.org,8393799344,Premium,Active,21-01-2026
58,Tracey King,24-04-2007,Male,West Jamesburgh,Colorado,dmiller@example.org,-11038,VIP,Active,16-04-2025
59,Mckenzie Long,22-05-1984,Female,Atkinsonstad,Illinois,victoriawalker@example.org,750-280-0487x012,Regular,Active,01-09-2024
60,Kevin Chang,19-11-2006,Male,South Marioview,Texas,emartinez@example.com,(573)320-7302,VIP,Active,05-11-2024
61,Brenda West,24-07-2006,Female,South Meganland,Illinois,ucompton@example.org,615.825.3027x8272,New,Active,12-10-2025
62,Ryan Cook,25-03-1975,Male,West Travis,North Carolina,stephen71@example.org,303.887.4143x56433,Regular,Active,14-04-2022
63,Nicholas Carter,20-11-1967,Female,South Lindsaymouth,New York,scottclarke@example.net,525-460-6349x2228,Regular,Active,04-12-2025
64,Lee Simpson,28-04-1962,Male,Gregoryberg,California,brandiharris@example.org,001-986-408-5547x106,Premium,Active,28-11-2021
65,Ronald Richardson,04-11-2002,Female,Lake Nathan,Michigan,kellysarah@example.net,315-935-6904,Regular,Active,30-10-2022
66,Brandy Sanchez,22-04-1977,Male,East Christineburgh,Florida,collinsangela@example.org,5139409978,Premium,Active,24-08-2021
67,Amber Martinez,10-09-1956,Male,Willisview,Michigan,martinezrichard@example.org,-10886,Regular,Active,17-10-2025
68,Amanda Waller,26-02-1992,Male,Port Michaelfurt,Pennsylvania,marybaldwin@example.net,468-305-8253x60518,Regular,Active,15-06-2024
69,Courtney Fisher,25-12-1969,Female,Frankmouth,Arizona,lambnicole@example.org,6943948091,VIP,Active,04-07-2022
70,Donna Torres,27-09-1981,Male,North Bruce,Florida,christopher98@example.org,618.924.6944x318,Premium,Active,26-08-2023
71,Christina Page,13-02-1987,Female,Snowport,Illinois,tharrison@example.org,253.738.8696,Regular,Active,28-04-2024
72,Gabriel Nelson,04-04-1960,Female,West Brian,New York,moorecarl@example.com,708.467.5183x265,Premium,Active,14-03-2026
73,Samantha Holmes,16-01-1991,Female,Adamsberg,Arizona,apitts@example.com,001-989-917-6926x49916,Regular,Active,19-07-2024
74,Joseph Larson,21-10-1967,Male,Adamfort,Georgia,lwallace@example.net,526-896-9315x5935,Regular,Active,03-04-2023
75,David Huang,30-12-2003,Female,Samanthaport,California,hholmes@example.net,+1-866-775-0957x01831,Regular,Active,21-03-2026
76,Brittany Lopez,29-07-1980,Female,Tuckermouth,Michigan,heather12@example.com,551-548-2145x86284,Regular,Inactive,15-09-2024
77,Ashley Hudson,04-04-1975,Male,Lake Roberttown,Florida,jennifer80@example.com,(419)500-3278x9488,Premium,Active,25-10-2021
78,Peter Rodriguez,10-03-1975,Female,North Georgehaven,Massachusetts,nmorrow@example.com,2096523542,Regular,Inactive,12-02-2022
79,Amy Lee,29-03-1988,Female,Smithbury,New York,caguilar@example.com,7932330292,Premium,Active,29-09-2025
80,Lance Choi,14-06-2004,Female,Pettyland,Colorado,ericaleonard@example.net,464.767.0312,Regular,Active,13-07-2025
81,Jennifer Cox,05-04-1973,Female,Amandafurt,Pennsylvania,richard11@example.com,(283)763-7453x604,Regular,Active,22-07-2021
82,Craig Gardner,24-10-1998,Female,New Scott,Massachusetts,erikgomez@example.net,(969)734-7833x7249,Regular,Active,16-09-2022
83,Beth Christensen,08-08-1982,Female,New Melissafurt,California,sandovalashley@example.com,7616235311,Regular,Active,04-07-2023
84,Dylan Montoya,02-02-1962,Female,Campbellfurt,New York,ohampton@example.org,420-655-6073x651,New,Active,19-01-2025
85,Michelle Williams,08-06-1957,Male,New Fernandoborough,Arizona,eric08@example.com,+1-629-239-7846x9501,Regular,Active,03-01-2026
86,Valerie Becker,11-01-2003,Female,Port Lucasstad,Florida,butlerjulie@example.net,+1-234-581-5675x878,Regular,Active,24-05-2024
87,Bethany Gill,22-03-1976,Female,Lake Mandyside,Texas,greg23@example.net,930-925-5613x422,Regular,Active,14-01-2024
88,Jill Boyle,16-10-1964,Female,Helenberg,Illinois,brianaallen@example.net,386-622-9763,Regular,Active,16-09-2022
89,Steven Torres,07-04-1951,Female,Lake Kyleville,Georgia,markharrison@example.com,928-810-0771x5941,VIP,Active,29-11-2023
90,Ian Davis,28-10-1979,Female,Courtneyview,California,christianburgess@example.org,001-762-745-2821x49562,VIP,Active,16-05-2025
91,Sara King,02-05-1964,Male,North Danielfurt,Florida,duffytroy@example.com,001-224-999-1232x2761,Regular,Active,10-03-2022
92,Andrew Bishop,15-04-1979,Female,Thomasland,Illinois,robertsonrobert@example.com,770-522-6407,Premium,Active,05-08-2022
93,Jessica Nichols,26-08-1978,Male,South Suzanne,Illinois,shepherdbrian@example.net,594-999-6572x45803,Regular,Active,09-03-2024
94,Kristen Hahn,02-01-1992,Female,Alyssashire,Arizona,hsanders@example.org,(638)913-4138,Regular,Active,29-03-2022
95,Melissa Fitzgerald,21-02-1964,Female,Port Rickyland,Colorado,gtaylor@example.net,218.817.6823x97125,Premium,Active,09-10-2023
96,Kristopher Lewis,25-09-1964,Female,Davidberg,New York,fkerr@example.net,391.552.5504,Regular,Active,08-05-2023
97,Mindy Williams,25-11-1972,Male,Coryside,Virginia,leah10@example.net,245.937.0971,Premium,Active,22-02-2025
98,Julian Roberts,22-02-1957,Female,Huffshire,Pennsylvania,amanda47@example.org,4528787001,Regular,Active,16-06-2025
99,Joan Perez,05-02-2001,Male,West Markborough,Florida,patricia99@example.org,725.275.9765,Regular,Active,11-04-2026
100,David Walter,26-08-1970,Female,Lake Dustinberg,North Carolina,patrick18@example.com,(399)789-2081x369,Regular,Inactive,24-11-2023
101,Robert Thomas,13-01-1998,Male,West Sydneymouth,California,william35@example.net,001-465-405-5785x335,Premium,Active,02-06-2025
102,Jennifer Foster,04-11-1962,Female,Sarahshire,Georgia,thomasjennifer@example.com,001-998-751-3919x2495,Regular,Active,21-11-2025
103,Tammy Roberson,02-10-2008,Male,Rachelview,Virginia,amy24@example.org,001-503-206-7394x813,Regular,Inactive,29-11-2024
104,Robert Hutchinson,23-04-2008,Male,Jennifertown,Georgia,josephday@example.org,+1-850-235-5076x9520,Regular,Inactive,22-06-2024
105,Victoria Ross,02-10-1955,Female,Markstown,Colorado,anne50@example.com,+1-852-710-2328x155,Premium,Active,13-07-2024
106,Mary Guzman,03-11-1982,Female,Jerryview,California,xhines@example.net,987-384-5884x2408,Regular,Active,30-05-2024
107,William Perez,04-11-1989,Female,North Colleenville,Virginia,danielsjamie@example.org,595-722-2805x377,Regular,Active,29-04-2025
108,Richard Johnson,01-08-2004,Female,North Lindsayfurt,Pennsylvania,brian96@example.com,(630)640-4633x5356,Regular,Active,07-06-2023
109,Dr. Karen Peck,15-04-2003,Male,Stephanieberg,Illinois,justin50@example.com,525.799.7390,Premium,Active,21-12-2023
110,Jeffrey Taylor,17-04-1953,Female,Ginaville,Florida,terrismith@example.com,(785)812-7616,Premium,Active,28-04-2025
111,David Conner,09-06-2003,Male,North Dennisbury,North Carolina,uhale@example.org,2514117286,Premium,Active,03-05-2026
112,Kimberly Holder,16-12-1963,Female,Maryland,Illinois,tara31@example.com,001-720-644-1038x068,Premium,Active,05-03-2024
113,Kimberly Dunn,27-02-1951,Female,Haasview,New York,ihenderson@example.com,(526)566-2039x8496,Regular,Active,25-11-2024
114,Amanda Moran,30-04-1990,Male,Bensonmouth,Colorado,udunn@example.com,001-507-878-5986,Regular,Active,11-12-2021
115,Deborah Keller,01-11-1971,Male,Charlesside,California,sandracannon@example.com,458.797.9321x8583,Premium,Inactive,01-11-2021
116,Julia Davidson,02-11-1964,Female,West Patrickchester,Washington,ortizjacqueline@example.com,855-688-4714,Premium,Inactive,14-05-2022
117,John Yates,04-05-2010,Female,North Erin,North Carolina,tracy39@example.com,656.740.8309x40924,Premium,Active,08-12-2024
118,Joseph Snyder,09-11-1965,Female,East Davidport,Arizona,samantha76@example.com,4465694536,Regular,Active,28-10-2022
119,Amy Harris,08-03-2009,Female,North Katelynfurt,Florida,ffox@example.net,001-901-499-7766x72176,Regular,Active,15-09-2025
120,Natalie Morales,24-03-1981,Female,Lake Kellymouth,North Carolina,hcarrillo@example.org,919.201.7139,Regular,Active,29-07-2025
121,Scott Pierce,17-12-1999,Female,Bridgesberg,Massachusetts,omontoya@example.org,653-880-2848x41564,Premium,Active,02-07-2022
122,Eric Delacruz,07-03-1981,Female,Gatesview,Florida,james03@example.net,+1-257-379-2553x7805,Regular,Inactive,02-08-2023
123,Donald Flynn,21-01-1975,Female,Jamesborough,Georgia,usullivan@example.com,930.426.1021,Regular,Active,18-04-2024
124,Carly Walker,16-05-1951,Female,Laurieside,New York,dustinhardin@example.org,417.213.1063x47620,New,Active,24-01-2025
125,Shelly Robles,17-02-1960,Male,West Rhonda,North Carolina,ana32@example.net,360.556.2438,Regular,Inactive,18-09-2023
126,Michael Wilson,22-05-1978,Male,Davidborough,Illinois,robertsmichael@example.com,537-444-9981,New,Active,05-02-2025
127,Sue Riley,01-10-1978,Male,Antonioville,Illinois,coopersheryl@example.net,302-955-7735x5214,Regular,Active,17-04-2025
128,Linda Murray,05-04-1956,Male,North Williamville,Colorado,ilucas@example.com,001-251-952-5215,Regular,Active,25-03-2024
129,David Hernandez,21-09-1968,Female,Amandaville,New York,taylor29@example.net,4845534683,New,Inactive,21-10-2022
130,Brandon Rodriguez,12-02-1994,Female,South Latoyashire,Georgia,haleyperez@example.org,(340)366-9814,Regular,Inactive,24-02-2024
131,Reginald Palmer,10-05-1990,Female,Port Johnmouth,Texas,williamschristine@example.net,(845)817-9205,Regular,Active,03-08-2022
132,Jorge Jackson,15-06-1952,Female,Kaylaborough,Washington,saraparks@example.net,307-507-8519,Regular,Active,25-05-2025
133,Jason Curtis,09-07-2002,Male,Brandifort,Michigan,staylor@example.com,3793266849,Regular,Active,07-10-2021
134,Ryan Hall,17-08-2008,Male,New Stephen,Georgia,natalieandrews@example.net,001-606-265-6613x596,Regular,Active,23-05-2025
135,Sherry Alvarez,19-07-1968,Female,Jacobsmouth,Oregon,matthewlewis@example.com,(379)504-5142x7683,Regular,Active,27-06-2024
136,Cathy Nelson,01-07-1991,Male,West Gary,Massachusetts,pamela96@example.com,958.693.2680x0213,Premium,Active,21-09-2021
137,Dr. Nicole Wade,19-09-1994,Female,Port Patricia,Massachusetts,njones@example.com,244.354.6807x750,Premium,Active,04-11-2024
138,Stephanie Daniel,19-12-1983,Female,Johnsonmouth,North Carolina,rtaylor@example.org,599.680.6294,VIP,Active,21-09-2023
139,Jennifer Miller,22-11-1996,Male,Vasquezstad,Colorado,mario97@example.org,-1337,Regular,Active,24-08-2021
140,Paula Ward,22-12-2004,Male,West Kyle,Michigan,ugonzalez@example.com,(814)456-5674x1397,Regular,Active,28-05-2024
141,Peter Harrison,29-03-1997,Female,Goodwinview,Massachusetts,zcox@example.net,514-370-0894x5954,Regular,Inactive,25-01-2023
142,Sandra Flowers,21-01-2003,Male,West Gabrielburgh,Michigan,hamptonralph@example.net,766-375-5228x86423,Premium,Active,29-12-2021
143,Kenneth Young,29-12-2005,Female,Powellshire,Arizona,kristen22@example.org,+1-638-514-0642x69419,Regular,Active,05-11-2021
144,Keith Beasley,02-10-2004,Male,West Andrewhaven,California,martinezstephanie@example.org,2722748079,VIP,Active,15-01-2023
145,Mr. Timothy Oconnell,17-10-1982,Female,East Angela,Colorado,juandickson@example.net,-9387,VIP,Inactive,26-10-2023
146,Jose Chapman,29-12-1993,Female,Lake Mikayla,Illinois,brocksusan@example.com,+1-341-879-2679x73593,New,Active,24-05-2024
147,Steven Smith,15-06-1960,Female,Port Jane,Illinois,kerriharris@example.net,409-701-5360x8485,Premium,Active,03-04-2025
148,Christopher Kelly,04-01-2010,Female,Port Jenniferville,Pennsylvania,daniel25@example.com,715.657.2189x4863,Regular,Active,09-01-2023
149,Donald Briggs,25-11-1989,Male,Schroederfurt,Georgia,lisaskinner@example.org,(301)939-8600,Regular,Active,16-02-2026
150,Suzanne Garrison,05-05-1997,Female,Claudiamouth,Florida,nmack@example.org,935.961.1923,Premium,Active,10-07-2022
151,Suzanne Gill,04-11-1984,Female,Port Thomasfurt,Ohio,jenniferharrison@example.com,+1-521-279-6133x069,New,Inactive,17-01-2026
152,Aaron Owens,29-01-1965,Male,Allenbury,Michigan,ariasdanielle@example.com,702-370-7112x282,Premium,Active,25-12-2025
153,Shawn Jones,09-02-1981,Female,New Deborahland,Virginia,mccarthydoris@example.net,876-308-3028x7313,New,Inactive,23-03-2026
154,Megan Miller,13-04-1987,Male,Port Nicole,North Carolina,davisjoshua@example.com,001-542-879-9530x11019,Regular,Active,11-12-2021
155,Mariah Hendricks,09-11-1977,Male,North Marytown,New York,melissajordan@example.org,(294)774-2445,VIP,Active,10-07-2023
156,Travis Rios,16-06-1973,Female,Farmermouth,Michigan,linda06@example.net,3534855035,Regular,Active,26-04-2022
157,Mark Richardson,23-10-1956,Male,South Evanhaven,Pennsylvania,santosamanda@example.com,613.834.0461x29792,Regular,Active,30-07-2025
158,Michael Clark,06-06-1965,Male,Christineshire,Arizona,dianaharper@example.net,(941)611-8015x1281,New,Active,13-10-2022
159,Dawn Foster,06-10-2005,Female,South Veronica,Florida,callahansteven@example.com,206.531.3554,Regular,Inactive,25-09-2023
160,Mary Collins,18-11-1954,Male,Henryberg,New York,ddavis@example.com,719-493-0140x425,Premium,Inactive,16-12-2021
161,Jacob Mills,28-10-1958,Male,Port Johnburgh,California,kathleen03@example.net,336.853.7400,Regular,Inactive,24-05-2025
162,Jeffrey Wilson,15-09-2000,Female,Petersfort,Massachusetts,sullivantodd@example.org,967.901.3145,Regular,Active,03-09-2022
163,Jordan Webb,12-11-1964,Male,New Cheryl,Texas,brodriguez@example.net,9386285311,Regular,Inactive,09-03-2023
164,Bonnie Roman,18-08-1978,Male,Coreyview,Florida,carlos77@example.com,(980)480-7083,Regular,Inactive,04-03-2026
165,Theresa Yang,03-08-1989,Female,Dianaburgh,Michigan,alexisellis@example.net,773-504-7234,VIP,Active,26-03-2022
166,Alexandria Vaughan,20-11-2006,Male,North Thomas,New York,nchambers@example.net,237.834.7435,Premium,Active,30-06-2023
167,Laura Carrillo,04-03-1961,Female,Port Mary,Georgia,cathyscott@example.com,488.762.4381x4622,Regular,Active,20-07-2023
168,Christopher Richards,18-09-2003,Male,Tylerview,Georgia,michellekrueger@example.com,001-861-306-1041x422,New,Active,19-10-2021
169,Martha Hunt,14-04-1982,Male,South Johnhaven,California,rachel83@example.com,794-696-2436,VIP,Active,10-09-2025
170,Lori Ruiz,02-03-1991,Female,Laurentown,Ohio,ralvarez@example.net,+1-727-753-6138x6623,Premium,Active,17-11-2021
171,Zachary Bowman,29-04-1973,Male,Danielhaven,Virginia,nicolegilbert@example.net,879-775-9855,Premium,Active,13-12-2023
172,Michael Martin,17-01-1961,Male,Daveport,Colorado,cynthiabush@example.org,(844)621-9790x309,Premium,Active,21-11-2023
173,Angelica Wright,06-04-1952,Male,East Greg,Ohio,andrewwilson@example.org,827.951.8554,Regular,Active,11-06-2025
174,Deborah Baker,03-01-2003,Female,New Brianview,Arizona,latoyadaniel@example.com,372.939.8026x64034,Regular,Active,27-02-2023
175,Michael Brock,04-03-1956,Female,New Christopher,Oregon,icunningham@example.org,793.217.3486,Regular,Inactive,26-05-2024
176,Earl Bowman,17-05-1952,Female,Mendezburgh,Georgia,valeriecowan@example.com,(620)237-5465,Regular,Active,29-01-2025
177,Frederick Young,30-12-1996,Male,Lake Natalie,Oregon,ujohnson@example.org,685.578.4111x96671,New,Active,26-01-2023
178,Jennifer Thornton,01-07-1977,Male,Chanmouth,Colorado,garciastephen@example.net,820-382-1790x415,Premium,Active,16-09-2025
179,Nancy Johnson,18-03-1959,Male,New Daniel,Illinois,stewartlori@example.net,(623)826-6551x37811,Regular,Active,12-12-2024
180,Donna Marshall,20-11-1978,Female,Lake Kristin,Florida,ruthhenry@example.net,230-248-7295x52536,Premium,Inactive,22-03-2026
181,Phillip Obrien,21-04-2002,Male,West Jeremymouth,Illinois,stefanie45@example.net,(466)641-3069x302,Regular,Active,06-05-2024
182,Ryan Anderson,18-09-1965,Male,Emilyton,Florida,paula25@example.org,001-380-387-5773x5531,Regular,Active,29-09-2024
183,Crystal Jones,24-02-1970,Male,South Joyceborough,Arizona,tbowman@example.com,(349)975-5459x1998,Regular,Inactive,24-08-2021
184,Crystal Clark,16-04-1977,Female,Saraville,Washington,murrayashley@example.org,001-226-512-8485x139,Regular,Inactive,30-07-2021
185,Brooke Walsh,10-07-1972,Female,South Jamesport,Florida,zachary27@example.net,001-280-229-6822x08195,New,Active,25-02-2026
186,Stephanie Lester,19-12-1962,Male,New Steven,North Carolina,annthomas@example.net,906.229.4943x638,Premium,Active,20-08-2021
187,Mitchell Goodman,24-01-1956,Male,New Jonathan,Virginia,jessethompson@example.org,001-917-293-4680,Regular,Active,19-07-2021
188,Robert Byrd,29-01-1977,Female,West Steve,Ohio,whitneyrogers@example.net,633.426.5964,Regular,Active,11-12-2021
189,Kevin Martinez,14-08-1988,Male,Isaiahfort,Georgia,lmack@example.com,747.883.7982x8231,Regular,Active,17-09-2023
190,Jeffery Bell,16-07-2008,Male,Brewermouth,Washington,williamskristen@example.com,(786)569-4280x256,Regular,Active,03-07-2023
191,Jennifer White,04-12-1970,Female,East Priscillatown,Oregon,lindsay77@example.com,(680)258-8571x546,Regular,Active,01-03-2026
192,Thomas Ryan,01-10-1972,Female,Patriciaport,Massachusetts,smartin@example.com,5132302243,Regular,Active,05-06-2023
193,Susan Rodriguez,19-09-1976,Male,New Andrea,California,mejiaedgar@example.org,2763612924,Premium,Active,13-02-2022
194,Michael Mccoy,17-11-1953,Male,South Fernandoburgh,Pennsylvania,chelseachambers@example.org,(416)456-6473x702,VIP,Active,17-02-2022
195,Mary Griffin,03-02-2004,Female,Port Scottshire,Ohio,hayesnicole@example.net,+1-256-282-0882x7262,VIP,Active,03-06-2025
196,Chelsea James,10-03-2001,Male,Cookfort,Illinois,lesliebennett@example.com,790.495.5849,Regular,Active,20-04-2023
197,Shannon Zhang,08-12-1984,Female,Conradton,Texas,ronniemiller@example.com,898-960-1921x6419,Regular,Active,15-03-2024
198,Jerry Richardson,24-06-2003,Female,South Maryport,Florida,calvinscott@example.com,888.986.9475,Regular,Active,01-07-2025
199,Roberta Phillips,08-01-2008,Female,West Dana,Illinois,qhodge@example.net,9773011037,Regular,Active,30-09-2021
200,Cathy Taylor,09-04-1994,Male,Lake Jacobhaven,Georgia,matthew23@example.com,844.903.2941,Regular,Inactive,17-03-2023
201,Erik Brown,04-04-1963,Female,Hallmouth,Ohio,mmorrow@example.com,(981)985-6227,Premium,Active,26-07-2023
202,Jonathan Mccann,07-07-2006,Male,Fernandoville,Florida,noah12@example.com,001-745-569-8250,VIP,Active,15-04-2024
203,Jacob Strickland,07-01-1978,Female,Timothyborough,Ohio,michaeljacobs@example.com,539-316-0381x3881,Regular,Active,23-03-2026
204,Megan Reeves MD,30-07-1991,Female,South Christopherview,Illinois,paula08@example.com,(698)720-9323x131,Regular,Inactive,28-01-2026
205,Alyssa Carlson DDS,04-01-1991,Female,Rodriguezview,Georgia,ronaldharrell@example.org,4067986255,Premium,Active,29-05-2023
206,Carla Hernandez,01-09-2005,Male,New Lauraville,Washington,kylebradley@example.org,-1089,Regular,Active,04-05-2023
207,Heather Ayala,24-01-2006,Female,Chapmanchester,Ohio,thomas03@example.net,6783309231,Premium,Active,19-07-2021
208,Blake Webster,16-12-1996,Female,New Kimberlymouth,Colorado,ginajackson@example.com,718-262-9071x20480,Regular,Active,25-03-2025
209,Kayla Jackson,01-09-1956,Male,South Jonathon,Texas,ddavis@example.org,001-636-713-6184x553,Premium,Active,03-03-2025
210,Jessica Moore,17-11-1963,Female,North Amyview,New York,reyeserin@example.com,417.497.4197,Regular,Active,28-06-2023
211,Allison Lopez,19-07-1954,Female,Port Jenniferland,Massachusetts,phamjohn@example.org,001-945-425-6427,Regular,Inactive,02-09-2023
212,Sharon Walsh,26-09-1950,Male,Lake Monica,Massachusetts,wilsonoscar@example.net,902.505.1495,Regular,Active,20-12-2021
213,Beth Kelly,11-03-1969,Male,New Joshua,Ohio,williambarnes@example.net,+1-820-684-4175x873,Premium,Inactive,10-07-2022
214,David Flores,08-02-1968,Female,Lake Shannon,Michigan,jenna75@example.org,001-253-836-4504x80556,Regular,Inactive,07-08-2025
215,Tracy Brock,28-03-2008,Female,West Matthew,California,cortezjillian@example.org,415.734.7025x6746,Premium,Active,06-02-2024
216,Heather Brown,04-10-1959,Female,West Benjamin,Oregon,patriciasimmons@example.org,(658)211-4786,Regular,Active,02-09-2024
217,Nancy Wilson,14-01-1974,Male,Masonton,Illinois,jamieriley@example.net,+1-234-713-3379x951,Regular,Active,07-06-2022
218,Joe Young,25-06-1981,Male,Collinschester,California,alexis31@example.com,(936)935-9360x8844,Regular,Active,13-09-2025
219,Julia George,03-08-1978,Female,Port Carol,New York,ykelley@example.org,347-314-7301,Premium,Active,02-08-2021
220,Jesus Ellison,20-07-1961,Female,Zacharyburgh,Arizona,dixontristan@example.com,383-736-5599x8944,Premium,Active,17-07-2021
221,Miss Brenda Craig,14-02-2001,Female,West Evantown,Ohio,jeffrey02@example.net,487.756.4327,Regular,Inactive,27-04-2023
222,Stephen Flores,05-06-1999,Male,Lowefort,Illinois,iowen@example.org,722-648-2928,Regular,Active,21-10-2021
223,Mr. Chad Parker,24-07-1983,Male,New Teresa,Michigan,emilypaul@example.com,001-325-277-8201,Regular,Active,06-03-2022
224,Brittany Drake,14-01-1986,Male,East Rebeccahaven,Texas,smithpamela@example.com,278-432-3559,Premium,Active,27-11-2024
225,Marcus Martinez,18-09-1970,Female,Lake Kelly,Pennsylvania,kevin13@example.com,+1-448-800-4341x879,Premium,Active,04-11-2021
226,Joy Gonzalez,24-06-1992,Female,West Joseph,North Carolina,deantorres@example.org,913.275.7858,Regular,Active,20-10-2023
227,Michelle Morales,22-12-1987,Male,West Tyler,California,wmoore@example.org,(927)683-3359x14451,Regular,Active,14-04-2025
228,Jeffrey Smith,18-02-1973,Male,Jonathanberg,New York,jackiejackson@example.net,467-466-3126,Regular,Active,13-05-2024
229,Donald Garcia,02-08-1969,Male,East Thomas,Illinois,scottgordon@example.org,6375091863,Regular,Active,08-09-2024
230,Brian Roman,22-11-2006,Female,Lake Kurt,Ohio,andrea10@example.net,9334314414,Premium,Active,13-05-2022
231,Jacob Kramer,17-07-1965,Male,Wilsonbury,Virginia,wilsonkara@example.com,001-570-633-5056x686,Premium,Active,30-12-2022
232,Nicole Rhodes,06-08-1975,Female,Hillchester,Pennsylvania,dclark@example.net,879.238.8115,Regular,Active,24-07-2024
233,Sarah Harrison,27-04-1951,Male,Port Kevin,North Carolina,douglaslong@example.org,+1-640-267-5893x51201,New,Active,08-08-2024
234,Rhonda Wilson,17-12-1997,Male,West Anthonystad,New York,christinafields@example.net,(711)987-4776x16363,Regular,Active,09-01-2023
235,Pedro Ramirez,18-04-1989,Female,New Bobbymouth,Texas,morgan32@example.com,(294)852-9826x2431,Regular,Active,12-08-2025
236,Rachel Bartlett,05-06-1955,Female,Pageland,Michigan,glassdaniel@example.com,506.352.7100x28311,Regular,Inactive,15-07-2024
237,David Allen,27-09-1958,Male,New Judyville,Florida,dtorres@example.org,461-893-9474,New,Active,22-07-2025
238,Joshua Little,21-10-1951,Female,North Lauriefort,North Carolina,jeremy15@example.net,544.453.6849x93674,VIP,Active,06-10-2023
239,Kristin Miller,16-05-2010,Male,West Jonathon,Washington,reginaldthompson@example.net,841-827-8603,Regular,Active,14-09-2024
240,Kristina Cherry,19-08-1991,Male,Richardshire,Colorado,mrobertson@example.com,(485)787-0131,New,Active,25-06-2022
241,Karen Edwards,13-04-2003,Female,Tonyaburgh,Virginia,georgemoore@example.net,637.551.8228x35441,VIP,Active,01-11-2022
242,James Smith,18-03-1974,Male,Hartmanville,Oregon,richardallen@example.net,576-298-1374,New,Active,30-07-2021
243,Belinda Charles,08-11-1972,Female,Lake Jenniferfort,Georgia,lisamoore@example.net,645.762.3195x963,Regular,Active,21-05-2026
244,Amanda King,13-05-1953,Male,Elainechester,Illinois,dcole@example.net,919-921-3232x37535,Regular,Active,25-12-2023
245,Wesley Thompson,09-02-1998,Male,North Shauntown,Massachusetts,gpaul@example.org,(232)709-6354x76608,New,Active,16-08-2024
246,Daniel Hatfield,04-10-1952,Male,North Meganchester,Texas,xwolfe@example.org,001-369-950-6469,Regular,Active,24-05-2025
247,Jared Garcia DDS,22-01-1983,Male,North Jessicafort,Florida,brandon69@example.com,+1-607-535-9761x49905,Premium,Active,14-05-2023
248,Kylie Gay,22-03-2006,Female,South Steveside,Georgia,cindywoods@example.net,-6035,VIP,Inactive,21-04-2024
249,Michael Rice,21-10-1964,Male,Christinaberg,Colorado,wrightzachary@example.com,(327)428-4508x470,Regular,Active,24-05-2023
250,Melanie Burgess,26-10-2000,Male,Markberg,Texas,tanderson@example.net,001-509-217-8271x324,Regular,Inactive,10-07-2021
251,Steven White,10-10-1953,Male,Schultzmouth,Arizona,samanthaedwards@example.net,(529)274-4982x2952,Regular,Active,03-01-2026
252,Pamela Torres,30-11-1990,Male,Lake Juanmouth,Arizona,scottdavis@example.com,(523)910-1612,Regular,Active,12-02-2022
253,Jerry Johnson,03-05-1990,Male,Jamesshire,Massachusetts,yklein@example.com,-5556,Regular,Active,24-10-2025
254,Shawn Pope,22-09-1976,Female,Noahland,Washington,coleashley@example.com,974-861-3828x630,VIP,Active,15-09-2023
255,Martin Hawkins,02-09-2000,Female,South Donnaport,Arizona,srobertson@example.com,874.297.9922x480,Premium,Active,05-04-2026
256,Shawn Sawyer MD,31-12-1966,Female,South Wendyborough,California,davistiffany@example.org,663-365-9765x6131,Regular,Active,27-02-2024
257,Mrs. Heather Barnes,07-07-1985,Female,East Sheila,Virginia,yrivera@example.com,570.579.8302x0541,Premium,Active,20-09-2023
258,Jennifer Jones,03-06-1980,Male,East Elizabethland,Florida,hhernandez@example.net,251-828-5631x0175,Premium,Active,27-12-2022
259,David Lopez,20-01-1988,Female,East Lisa,California,wbautista@example.org,+1-768-813-4548x318,Premium,Active,22-11-2022
260,Jeremy Oneill,11-05-1964,Male,Kevinbury,California,kennethsharp@example.com,-2724,Regular,Active,31-08-2025
261,Linda Clark,23-05-1980,Male,South Kellieborough,Virginia,thomas04@example.com,+1-227-393-4879x23465,Premium,Inactive,29-08-2023
262,Charles Gutierrez,30-04-1968,Female,Darrylshire,Ohio,tabithaturner@example.net,(647)748-5403x53536,Regular,Active,08-01-2026
263,Adam Yoder,15-12-1951,Male,Derrickstad,Virginia,littlematthew@example.net,(264)719-7745,Regular,Inactive,18-08-2025
264,Christopher Porter,07-10-1975,Male,East Nicole,Virginia,youngjohn@example.org,7382328757,VIP,Active,31-07-2024
265,William Lopez,22-01-1962,Male,Blakeview,Washington,david28@example.net,(718)992-6243,Regular,Active,07-08-2024
266,Christine Ayala,06-04-1955,Female,South Patriciaborough,Florida,amypugh@example.org,001-373-891-5213x855,Regular,Active,15-11-2023
267,Mario Shaffer,10-10-1956,Female,Ruizmouth,Georgia,lisa03@example.com,(213)459-6311,Regular,Active,06-03-2024
268,Kurt Briggs,21-06-1951,Male,Sabrinachester,Colorado,allison42@example.com,833.720.9427,New,Active,23-01-2026
269,Anthony Cuevas,24-04-2007,Female,South Stephanieton,Illinois,fdominguez@example.com,(328)562-8644,Premium,Active,14-07-2021
270,Brent Rosales,08-06-1957,Male,New Jason,Massachusetts,davisjesse@example.org,806-620-1773,Premium,Active,29-01-2026
271,Michael Ford,22-07-1995,Female,Jacksonstad,Washington,lindaspence@example.org,001-237-911-5889x8204,Regular,Active,18-08-2024
272,Gary Fuller,04-03-1985,Female,South Johnhaven,North Carolina,zachary26@example.com,(349)717-0516x772,Regular,Active,04-08-2023
273,Anthony Mckinney,25-09-1952,Male,Nunezton,Georgia,maryallen@example.com,001-477-261-3251x597,Regular,Active,19-04-2024
274,Jill Carpenter,31-12-1975,Male,North Heather,Illinois,fisherjohn@example.net,001-719-337-5395x1792,New,Active,31-07-2022
275,Jason Hanson,03-03-1970,Female,Meganmouth,Ohio,morrisjamie@example.com,-6122,Regular,Inactive,01-07-2024
276,Carol Lee,29-03-1966,Female,East Jessica,New York,randallmalone@example.com,462.450.6428x5364,Regular,Active,04-09-2023
277,Julia Rose,23-08-2003,Male,East Gregory,Colorado,traci84@example.org,+1-662-614-1314x87593,Regular,Active,15-04-2023
278,Amy Mcgee,03-10-1997,Female,New Bradleyburgh,Arizona,michelle19@example.com,337.885.7044,Regular,Active,06-11-2024
279,Elizabeth Garcia,14-09-1989,Male,Port Melissa,Michigan,julian49@example.org,701.696.5926,Regular,Active,10-04-2023
280,Mary Dixon,21-05-1965,Male,New Morgan,California,trananthony@example.com,487.228.6972x05105,Regular,Active,30-04-2022
281,Edward Rosales,27-08-1986,Male,New Ginachester,Arizona,amyphillips@example.org,(472)776-2246,Regular,Active,13-05-2025
282,Anita Rivera,25-08-1983,Female,Linville,California,bradleychelsea@example.org,356-708-1126x45024,Premium,Inactive,04-07-2023
283,Joyce Delgado,14-05-1971,Female,West Kevinhaven,Oregon,reesenicole@example.com,001-686-358-8957x421,VIP,Active,20-09-2024
284,Andrew Ho,24-02-1992,Male,Angelaside,Ohio,robertgrant@example.org,(531)227-9030,Premium,Active,30-09-2024
285,Jamie Beard,02-12-1993,Female,East Melissa,Michigan,zschmitt@example.com,4359487056,Premium,Active,24-03-2025
286,Erin Curtis,10-04-1958,Female,Arnoldside,North Carolina,albertmendoza@example.com,(590)670-1711x965,VIP,Active,19-06-2024
287,Joshua Kirk,25-10-1989,Male,Carpenterhaven,Michigan,tom36@example.org,(818)652-8633x33350,VIP,Active,14-09-2024
288,Thomas French,15-09-1967,Male,Harperport,Oregon,thomasmarshall@example.com,(701)379-5280x7234,Premium,Active,05-08-2021
289,Jasmine Walton,31-03-1970,Male,Markmouth,Washington,douglas09@example.org,785.638.1053x684,VIP,Active,19-05-2024
290,Melissa Davidson,14-08-1982,Female,New Angelafurt,New York,renee05@example.com,9443050903,Regular,Active,20-11-2021
291,Dawn Garcia,07-03-1986,Male,Lake Whitneymouth,Georgia,lnorton@example.net,-5602,Premium,Active,08-03-2023
292,Laura Thomas,20-01-2002,Female,Cooperchester,Georgia,sbradford@example.com,401.282.2479,Premium,Active,22-08-2021
293,Erica Brown,04-08-2009,Female,Joelshire,Washington,hooperjason@example.org,+1-431-833-1791x5657,Regular,Inactive,27-08-2021
294,Jerome Nichols,12-10-1978,Male,South Annfort,Ohio,jonesjohn@example.com,(819)967-7629,Regular,Active,17-04-2022
295,Stephanie Cooley,08-09-1961,Male,West Nathan,Massachusetts,johnvaughn@example.com,476.982.3355x11417,Premium,Active,19-10-2023
296,April Jones,09-05-1988,Female,New Ryantown,Colorado,jameschase@example.com,635-293-8430x35800,Regular,Active,02-02-2026
297,Richard Myers,04-02-1987,Female,Reesestad,Massachusetts,hardinjill@example.net,629.702.7594x870,Premium,Active,30-06-2025
298,Angel Ramos,03-01-2004,Female,New Robertville,Colorado,ypacheco@example.org,540-361-8836,New,Active,10-08-2021
299,Kelly Benson,12-09-1991,Male,New Kim,Colorado,millerkaren@example.org,(955)560-5628,Regular,Active,04-07-2024
300,Gabrielle Gutierrez,19-08-1992,Male,Parkbury,Georgia,blake56@example.net,369.961.1114,Regular,Active,29-01-2024
301,Lisa Harris,11-06-1953,Male,Port Nicole,Illinois,christinefisher@example.org,552-557-2748x704,Regular,Active,16-01-2025
302,Marcia Richards,06-06-1979,Female,Debraside,Pennsylvania,charlesriddle@example.net,+1-620-527-2084x56370,New,Active,28-12-2025
303,Gabriel Thomas,25-11-2001,Male,Joannafort,Virginia,santoschristopher@example.com,537.821.8781x052,Regular,Inactive,08-03-2022
304,Kenneth Bruce,08-05-1982,Female,Charlesville,Colorado,seanwilson@example.net,(843)446-9163x4661,Premium,Inactive,02-10-2024
305,Matthew Thomas,15-04-1960,Male,South Amanda,Virginia,jamielopez@example.com,275-251-3198,Regular,Active,07-10-2025
306,Nicole Garcia,18-12-1990,Female,Johnshire,Massachusetts,vmoreno@example.com,001-869-968-8280x4332,Regular,Active,05-05-2024
307,Noah Jones,11-01-2005,Female,Gutierrezview,Virginia,veronica64@example.net,+1-970-977-5807x28441,Regular,Active,21-08-2023
308,Wesley Woods,07-01-1955,Female,Alyssafurt,Illinois,stephengarrett@example.org,(542)755-5679x022,New,Inactive,08-11-2025
309,Justin Silva,06-01-1964,Male,Lake Brittanybury,Florida,hannah28@example.net,001-714-556-7468,VIP,Inactive,23-02-2023
310,Devin Tucker,21-01-1967,Male,East Taylorland,Massachusetts,swagner@example.net,411-915-7371x754,Premium,Active,30-11-2025
311,Christina Crawford,07-02-1958,Male,East Timothy,Georgia,zsmith@example.com,001-938-494-1490x4232,New,Active,08-08-2025
312,Kimberly Parker,21-09-1978,Female,West Traciland,New York,paulcole@example.com,001-412-438-3721x57586,Premium,Inactive,19-03-2022
313,Raymond Webb,18-09-1959,Male,Port Christopherburgh,Pennsylvania,joygarcia@example.org,4513168510,Regular,Active,19-03-2026
314,Anna Murphy,12-12-1978,Female,North Richardmouth,Ohio,youngbrooke@example.net,5555173971,Premium,Active,10-03-2025
315,Randy Vaughn,23-01-1992,Male,North Teresaview,Arizona,jason11@example.com,289.302.9396,Regular,Active,17-07-2021
316,Patrick Roberts,29-07-1956,Male,Paynestad,Pennsylvania,lmaynard@example.org,897-405-6796,Premium,Active,25-05-2022
317,Alexandria Hernandez,31-08-1953,Male,Leefort,Michigan,fbarr@example.com,542-780-8367,Regular,Inactive,26-08-2025
318,Michael Watson,16-04-1970,Female,Charlestown,Virginia,chaseerika@example.com,+1-374-542-6531x791,Premium,Active,11-03-2022
319,Matthew Burns,27-06-1981,Male,Spencerchester,Virginia,wsmith@example.com,3702760553,Regular,Active,27-09-2025
320,Pamela Miller,27-01-1981,Male,West Jaclynville,Ohio,johnsonshannon@example.org,+1-820-751-1823x147,VIP,Active,10-11-2023
321,Heather Wilson,25-12-1990,Female,Walterville,Arizona,hunter52@example.com,001-703-421-1986x571,VIP,Active,01-06-2022
322,Briana Fernandez,17-10-1997,Female,Eileenbury,Florida,aelliott@example.com,001-283-622-4756x147,Regular,Active,14-08-2025
323,Brandon Hernandez,10-01-2003,Male,Brandonchester,California,nowen@example.net,001-921-972-4419,Premium,Active,25-08-2024
324,Megan Reyes,27-03-1958,Female,Wendyland,New York,eric34@example.com,829-744-8340,Premium,Active,07-03-2026
325,Melissa Burns,20-03-1972,Male,Jonesstad,Texas,parksamanda@example.com,+1-743-605-0954x98311,Regular,Active,24-11-2021
326,Pamela Cox,29-12-1954,Male,Melissaton,Washington,caseytapia@example.net,766.549.5858,Regular,Active,26-12-2023
327,Mary Jones,16-01-1951,Female,East Rachelstad,Virginia,ashea@example.org,001-730-458-8822,VIP,Active,07-05-2025
328,Samantha Drake,13-05-2007,Male,Port Matthew,Arizona,timothy34@example.com,-6698,Regular,Active,16-01-2025
329,Stephen Payne,11-06-1972,Male,Desireefort,Arizona,jamiemoreno@example.org,(960)806-2082x4861,Regular,Inactive,10-11-2021
330,Sarah Brown,10-04-1993,Female,Lake David,Washington,james50@example.com,+1-652-546-3588x14765,Premium,Active,15-02-2023
331,Marissa Patterson,30-11-1977,Female,West Danielberg,Georgia,ivan25@example.org,932.872.9411,Premium,Active,04-04-2024
332,Natalie Allison,08-07-2002,Female,Shahstad,Georgia,fowlerchristopher@example.org,(945)484-0321x835,Regular,Active,13-04-2025
333,William Russo,23-10-2000,Male,Christinechester,Texas,rogerthomas@example.net,543.414.6994x9401,Regular,Active,22-08-2021
334,John Mills,25-10-1983,Female,South Jacob,Texas,james03@example.org,+1-220-881-8751x8756,Regular,Active,13-02-2023
335,Michael Walter,17-01-1992,Male,West Shelbyfurt,Georgia,tranjames@example.org,(329)880-6023,VIP,Active,24-03-2024
336,Katherine Hodge,06-11-1981,Male,East Maryfort,Colorado,robinsonrichard@example.org,001-397-830-7267,Premium,Active,01-08-2021
337,Jennifer Shannon,20-07-2007,Male,West Trevor,Georgia,novakstephanie@example.com,507.999.7646x89300,Regular,Active,21-12-2022
338,Andrew Lawrence,01-11-1986,Male,East Nathanielchester,New York,transtacy@example.net,386-972-6217,Premium,Inactive,16-02-2024
339,Joshua Beard,23-09-1971,Female,West Kara,New York,timothygarrison@example.org,859.283.7647,New,Active,31-12-2021
340,Dr. Isaiah Bates,13-09-1975,Female,Wiseborough,Illinois,keith84@example.org,211.635.2182,VIP,Active,14-08-2022
341,Chelsea Murillo,02-08-2005,Female,Port Carla,Arizona,guerreroalejandro@example.net,487-848-9298,Regular,Active,10-02-2023
342,Amy Butler,26-08-1961,Male,Tiffanyhaven,Oregon,hubbardjoshua@example.net,(247)418-2272x0558,Premium,Active,23-12-2024
343,Candice Goodwin,31-07-1962,Male,Lake Davidstad,Virginia,christopher72@example.com,417.581.2713x982,Premium,Active,09-09-2021
344,Lucas Nguyen,12-10-1969,Male,Ashleystad,Oregon,wardjustin@example.com,+1-336-799-4234x0284,Premium,Inactive,08-08-2022
345,Patricia Cooley,28-11-1950,Female,West Renee,Florida,tony23@example.com,+1-950-344-8018x774,Regular,Active,18-01-2024
346,Dennis Rodriguez,24-09-1960,Male,Maciasland,Virginia,john83@example.com,(959)428-6978x8834,VIP,Active,19-12-2023
347,Katrina Berry,15-04-2001,Male,South Kennethchester,Virginia,michaelbrown@example.com,972-704-9624x865,Regular,Active,12-12-2024
348,Dennis Rodriguez,17-05-1991,Male,New Susan,Oregon,karendawson@example.net,901-493-5325,Regular,Active,23-01-2022
349,Adrian Williams,08-08-1958,Male,Contrerasview,Florida,matthewharmon@example.com,001-389-409-8689x44465,Regular,Active,14-09-2022
350,Tonya Bond,26-09-1991,Female,Carlystad,California,rodrigueznicole@example.net,+1-365-272-8974x442,Regular,Active,26-01-2026
351,Tanner Shields,10-09-2005,Female,Victoriaport,Ohio,pjones@example.org,209.947.9218x51211,New,Active,20-02-2022
352,Robert Miller,18-02-2001,Male,North Stephaniebury,Florida,rosewebster@example.org,001-516-824-7367,Regular,Active,20-09-2024
353,Lisa Brown,19-10-2002,Female,New Caitlin,Pennsylvania,joshua83@example.com,2689238899,Premium,Inactive,14-08-2024
354,Adam Smith,26-10-2004,Male,Lake Royview,Texas,wedwards@example.org,347.734.5885x2468,Regular,Active,22-03-2026
355,Jessica Cox,09-03-1992,Male,Shannonhaven,Colorado,gregory52@example.org,5355527726,Regular,Active,06-11-2023
356,Ronald Clark,13-08-1969,Male,Rachelbury,Virginia,pthomas@example.org,-7142,Premium,Active,22-07-2021
357,Catherine Allen,09-05-1995,Female,Port Andrealand,Virginia,jacobthompson@example.org,721-222-1694x1084,Premium,Active,07-07-2025
358,Noah Cordova,15-10-1952,Male,Ramirezborough,Massachusetts,moorejessica@example.org,001-974-728-0340,New,Active,22-03-2024
359,Stephanie Ward,12-03-1992,Female,Lake Robert,Virginia,fmack@example.org,687.563.5603,Regular,Active,25-07-2021
360,Beth Black,26-08-2003,Female,Port Rachelmouth,Washington,sallybush@example.com,+1-415-410-9264x2899,Regular,Active,06-10-2023
361,Brandon Thornton,14-05-1985,Female,Sarahport,California,fbrowning@example.com,001-700-558-1461x18918,VIP,Active,15-06-2024
362,Brenda Bell,30-10-1998,Female,South Ronald,Oregon,millerbruce@example.org,(221)349-8583,New,Active,23-05-2022
363,Kerry Klein,07-01-1962,Female,New Henryland,Colorado,stricklanddaniel@example.net,854.309.7464x88609,Premium,Inactive,21-06-2022
364,Robert Johnston,31-01-2000,Female,Lisatown,Arizona,ubrown@example.org,393.209.3245,Premium,Active,01-03-2022
365,Gregory Cisneros,13-03-2003,Female,New Sethtown,Oregon,lopezdebra@example.com,001-552-601-0869x86295,Regular,Inactive,25-04-2026
366,Stephanie Arroyo,16-09-1961,Male,Hansonbury,Arizona,hudsonkimberly@example.com,(887)797-7309x430,VIP,Inactive,28-02-2023
367,Shane Rose,26-03-1966,Male,Bernardberg,Michigan,james75@example.com,+1-450-883-2970x126,New,Active,18-02-2025
368,Kevin Young,28-03-1972,Female,Saratown,Massachusetts,tuckerrobert@example.org,001-756-987-5352x357,Premium,Active,21-07-2025
369,Roberto Frazier,09-02-2009,Female,South Danafurt,Colorado,sjones@example.com,792.790.6347x52245,Regular,Active,01-12-2025
370,Ryan Garcia,27-08-1951,Male,Port Laurie,Arizona,lfisher@example.org,436.999.2142x170,Premium,Active,09-09-2022
371,Mark Larson,03-12-1962,Female,New Brent,Georgia,williamstodd@example.org,+1-326-600-4399x755,New,Active,08-10-2022
372,Taylor Stanley,24-10-2005,Male,Lake Bruce,Colorado,jeffrey19@example.net,877-610-8147x4559,Regular,Active,31-10-2021
373,Richard Wilkerson,07-08-1977,Female,Katrinaborough,Florida,alanjennings@example.org,671-352-7264x68288,Regular,Active,24-08-2023
374,Melissa Sanders,16-02-1954,Female,Smithberg,Washington,wrightjoseph@example.org,887.707.0791,Regular,Active,15-08-2024
375,Teresa Maldonado,29-10-1982,Male,Wilsonville,Georgia,joseph66@example.org,730.458.9059x95640,Regular,Active,26-08-2025
376,Debra Mitchell,02-02-1982,Female,Williamsonfort,Massachusetts,matthewhall@example.org,001-226-304-6914x3975,Premium,Active,25-11-2023
377,Carrie Washington,24-04-1965,Male,Samanthamouth,North Carolina,april49@example.net,967-284-6503,Regular,Inactive,06-03-2023
378,Mindy Haney,14-04-1980,Female,East Stevenborough,New York,brian46@example.net,874-419-0592x6253,Regular,Active,30-04-2022
379,Kelsey Cowan,16-09-1980,Male,North Danielport,Illinois,banderson@example.org,(471)262-7920x422,Regular,Active,25-08-2025
380,Allison Doyle,07-04-1996,Female,Loganport,California,murillochristine@example.com,001-953-965-3369,Regular,Active,06-11-2021
381,Mrs. Sarah Morales,03-03-1969,Female,Cortezstad,Georgia,janet28@example.com,(605)984-5020,Regular,Active,30-01-2025
382,Richard Nunez,10-06-2006,Female,Tracyland,New York,mariejuarez@example.com,001-882-267-5797x75936,New,Active,06-08-2021
383,Jane Bell,22-06-2004,Male,Orozcoshire,Michigan,camposjustin@example.net,393-556-0769,VIP,Active,21-02-2026
384,Claudia Porter,21-10-2001,Male,Kristinmouth,Colorado,ohooper@example.org,001-923-306-9995x4935,Regular,Active,31-10-2025
385,Kelly Lucas,04-05-1967,Female,Freemanfurt,Pennsylvania,pgriffin@example.com,(445)852-6302x18884,Regular,Inactive,17-07-2021
386,Becky Moreno,19-09-2004,Male,Dennisburgh,Colorado,toddjane@example.com,(808)505-4953,New,Active,23-05-2025
387,Lauren Jennings,02-06-1952,Male,Smithchester,Michigan,pgomez@example.com,+1-620-392-6927x343,Regular,Active,30-08-2025
388,Joseph Case,05-10-1952,Male,South Keith,Colorado,charles55@example.net,-10641,Regular,Inactive,16-01-2022
389,Melissa Martin,25-08-1990,Female,Marquezland,North Carolina,natalie07@example.net,588-376-4698x55566,New,Active,03-11-2021
390,John Campbell,23-10-1971,Male,North Cindy,Michigan,johnwalters@example.org,538.645.4673x7716,New,Active,27-05-2025
391,Mark Sanders,23-12-1981,Male,Manningview,Texas,mking@example.net,3379518119,Regular,Active,14-05-2024
392,Mrs. Lisa Harris,14-08-1995,Female,South Monicaville,Texas,seth08@example.net,001-303-537-2118,Regular,Active,06-10-2023
393,Gary Martin,19-11-1987,Male,Robinsontown,Georgia,taylorgreg@example.net,475-978-0845x10026,Premium,Active,05-01-2026
394,Wendy Dean,08-12-1998,Female,East Debrafort,New York,carolspencer@example.org,460-487-2604x10438,Regular,Active,01-02-2022
395,Melissa Hamilton,24-01-1969,Female,Lake Michaelport,New York,robertkaufman@example.com,+1-604-312-9045x615,Regular,Active,02-04-2023
396,Monica Rios,09-05-2006,Female,Port Haileyburgh,North Carolina,leahross@example.com,-5182,VIP,Inactive,15-05-2023
397,Matthew Mcdaniel,14-01-2004,Male,Lake Sandra,Pennsylvania,david15@example.org,+1-614-594-6798x7047,Premium,Active,11-02-2023
398,Daniel Curtis,28-06-1995,Male,East Dawnstad,Ohio,paulcarson@example.net,378-781-9190,New,Active,14-03-2024
399,Carmen Kerr,21-04-1962,Female,Thomasside,Illinois,fhorton@example.net,(762)251-2728x781,VIP,Inactive,23-03-2025
400,Mark Schneider,21-04-1963,Female,Port Courtney,California,lgilbert@example.net,369.935.6097x8860,Premium,Active,13-02-2026
401,Jay Vance MD,25-04-1993,Female,Jamesmouth,Washington,chasestewart@example.net,001-288-635-9092x72609,VIP,Active,02-07-2023
402,Bailey Rogers,03-12-1974,Female,Robertmouth,Illinois,heather27@example.com,(325)890-5971,Regular,Active,31-03-2024
403,Jennifer Hernandez,15-07-1969,Male,Lake Carrie,Pennsylvania,sanchezhannah@example.com,001-559-815-4759x4622,Premium,Active,26-03-2025
404,Earl Williams,08-10-1981,Male,Fosterside,Michigan,wellsshelley@example.org,-3527,Regular,Active,26-03-2022
405,Diana Murphy,08-06-1974,Male,Coryville,Michigan,russellpatrick@example.com,001-877-319-1054x321,Premium,Active,18-05-2026
406,Kyle Brown,03-01-1964,Male,New Justinview,Michigan,apowell@example.net,001-424-757-8364x820,Regular,Active,31-07-2021
407,Julie Johnson,24-05-2005,Female,East Janetberg,New York,bakerjim@example.net,-2101,Regular,Active,02-10-2021
408,Cynthia Torres,13-05-1978,Male,Coopermouth,Virginia,orodriguez@example.net,771-447-2648x67661,VIP,Active,18-04-2024
409,Jeremy Johnson II,26-11-1965,Male,Stevensside,Massachusetts,torresashley@example.com,9026219486,Regular,Active,18-01-2025
410,Pamela Smith,09-12-1976,Male,Rodriguezbury,North Carolina,campbellmichael@example.com,(311)991-9485x176,Regular,Active,09-09-2023
411,Douglas Mullins,17-07-1966,Male,North Mariaberg,Texas,clarkelizabeth@example.com,908-755-8665x539,VIP,Inactive,19-07-2022
412,Monica Craig,27-08-1960,Male,South Amy,California,virginia58@example.org,001-865-438-1339,Regular,Active,30-12-2023
413,Mariah Torres,01-12-1958,Male,New Jean,Pennsylvania,victoria10@example.com,406-269-8405x35976,Regular,Inactive,10-08-2025
414,Luis Phillips,04-12-1978,Female,Jenkinsville,Ohio,alexanderconley@example.com,+1-574-601-0707x5709,Regular,Active,26-04-2026
415,Edward Garcia,16-11-1988,Female,Jessetown,Georgia,joshua72@example.org,+1-990-479-8611x81557,Regular,Active,12-05-2026
416,Allen Thompson,22-10-2004,Male,Mirandaberg,North Carolina,ivega@example.com,820-422-9084x18052,Premium,Active,05-12-2021
417,Travis Kim,13-07-1992,Male,Rodriguezberg,Florida,martin32@example.com,497-533-7131,New,Active,14-12-2024
418,Mike Payne,08-05-1953,Female,Port Paulhaven,Ohio,kellybrown@example.net,001-481-975-6024x86827,Regular,Active,20-05-2024
419,Jeffrey Kemp,30-03-1998,Male,West Robert,Arizona,kylehickman@example.net,(557)635-5427x07888,Regular,Active,23-02-2026
420,Jennifer Reed,18-11-1982,Female,New Taylor,Texas,jacobsjoseph@example.org,768.872.4714x88052,Premium,Active,11-09-2022
421,Patrick Ray,23-07-1970,Female,Leemouth,Virginia,sergio07@example.com,573.801.8298x07865,Regular,Active,22-01-2025
422,Daniel Burton,06-10-1975,Female,Lake Michaelstad,Illinois,ovalentine@example.com,298.281.9334x449,New,Active,15-02-2024
423,Eric Spencer,06-12-2000,Male,South Chad,Massachusetts,marybailey@example.org,001-445-992-2693x43320,Regular,Active,04-02-2024
424,Jamie Schwartz,25-05-1963,Male,Lake Tammy,Massachusetts,ryan38@example.com,538.832.7724x3006,Premium,Active,13-02-2025
425,John Thomas,17-09-2009,Male,Port Marcusport,New York,iwood@example.org,(416)846-3303,Regular,Active,04-07-2023
426,Michael Robinson,21-07-1989,Female,Butlerberg,Colorado,jackmcbride@example.net,(870)439-2575x09054,Premium,Inactive,14-03-2024
427,Amanda Houston,15-09-1957,Female,Jermaineburgh,New York,bstrickland@example.org,001-286-466-5124x344,New,Active,29-07-2023
428,Debra Mason,06-06-2002,Male,East Robertview,Illinois,brianharrison@example.com,(727)594-1186x47361,Regular,Inactive,26-05-2022
429,Michael Davis,13-01-2008,Male,North Noahberg,Ohio,owatkins@example.com,996-311-9996x48462,Regular,Active,19-03-2026
430,Kelly Landry,28-04-1993,Male,Hannahshire,California,awilliamson@example.org,206.893.2952x58836,Regular,Active,04-06-2025
431,Lindsey Mclean,07-06-1959,Male,Lake Brandon,Michigan,deanna96@example.com,299-795-4747x4037,Regular,Active,10-06-2024
432,Morgan Brown,21-10-1988,Female,North Brandonview,North Carolina,dawsoncynthia@example.com,747-710-0978,Premium,Active,22-12-2021
433,Casey Jensen,06-07-1965,Male,South Steve,Ohio,samantha65@example.com,725-249-4421x964,Regular,Active,09-06-2024
434,Dylan Smith,05-11-1982,Female,Meyerport,Michigan,justin15@example.org,243-296-5358,Regular,Active,18-06-2024
435,Jason Lee,03-05-1987,Male,Christineside,North Carolina,drobinson@example.org,5757183612,New,Active,18-11-2025
436,Gabriella Smith MD,01-08-1977,Female,Port Aprilview,Colorado,amanda62@example.net,(355)256-3616x55381,Regular,Inactive,12-03-2024
437,Jacob Butler,24-09-1960,Female,Foxside,Oregon,esmith@example.net,889.351.2321x14008,Premium,Active,27-11-2022
438,Jodi Hanson,25-11-1984,Male,Herringport,Colorado,stephensonkimberly@example.org,001-865-735-0714x6064,New,Active,30-01-2022
439,Emma Miller,04-05-1991,Female,West Adam,Washington,cindy22@example.org,245.596.6812,Regular,Inactive,14-05-2025
440,Leslie Lynch,13-04-1999,Female,Karlchester,Washington,jill76@example.org,614-778-8197x57793,VIP,Inactive,01-06-2024
441,Kristen Torres,08-03-1980,Male,Lake Robert,Washington,ithompson@example.com,889.211.3300x2708,Premium,Inactive,24-04-2026
442,Anthony Hunter,08-11-1985,Female,Janicemouth,North Carolina,matthew89@example.com,515-843-6063x46201,New,Active,29-06-2024
443,Dustin Foster,05-12-2003,Male,Cooperton,Massachusetts,amandabaker@example.org,898.580.2439,Regular,Active,27-12-2024
444,Matthew King,07-10-1971,Female,North Crystal,Oregon,jennifermejia@example.org,868-335-6568x8788,Regular,Active,20-04-2022
445,Ian Vaughn,25-08-2005,Male,East Jonathan,Illinois,chadbanks@example.com,658.527.7882x53525,Regular,Active,09-06-2025
446,Andrea White,03-05-1960,Female,East Tony,Texas,drakejeremy@example.com,001-590-383-6874x9285,VIP,Inactive,14-08-2023
447,Jose Martinez,15-10-1952,Male,Holtbury,Texas,harrislisa@example.net,001-419-315-5366x4546,New,Active,01-08-2023
448,Miss Julie Garza,23-06-1996,Female,Derrickhaven,Texas,sanfordgina@example.net,(263)904-6405x6062,Premium,Active,19-07-2024
449,Erik Berg,14-08-2006,Male,Carlsonbury,Oregon,emilyrichards@example.net,953.519.1516x213,Regular,Active,11-08-2021
450,Jennifer Shields,20-07-1988,Male,Aguilarmouth,Arizona,justinwhite@example.org,896-774-6696,Regular,Active,25-10-2025
451,Christian Kennedy,18-01-1978,Male,South Danielside,Michigan,jordan19@example.com,769-717-3952x96756,Regular,Active,23-06-2023
452,Jennifer Griffin,26-11-2007,Male,South Randyshire,Pennsylvania,christianbarnett@example.net,777.596.3309x86567,Regular,Active,15-10-2023
453,Diana Cunningham,07-02-1965,Female,Smithside,Oregon,vicki64@example.com,351-318-2640,Premium,Active,30-05-2025
454,William Mueller,05-08-2002,Male,East Janice,Arizona,hdavis@example.com,001-935-745-4344x68092,VIP,Active,20-01-2024
455,Abigail Fowler,17-04-1987,Male,New Emma,Colorado,hufftina@example.com,890-221-1771x76303,Regular,Active,10-04-2022
456,Brenda Carter,17-09-1993,Female,Cruzside,Arizona,stanleymichele@example.net,+1-662-608-2402x1314,Premium,Active,01-09-2022
457,Kevin Rodriguez,03-09-1967,Female,Port Sandraborough,California,mspencer@example.net,604.831.9178x658,Regular,Active,20-01-2024
458,Erica Harper,28-11-2008,Female,Jenniferland,Colorado,pdavila@example.com,+1-801-413-1600x9356,Regular,Active,16-10-2021
459,Rachel Navarro,10-11-1955,Male,East Robert,Washington,brownchristopher@example.net,945-321-9994,Premium,Active,04-01-2024
460,Justin Shelton,18-04-2007,Female,Lake Joseph,Georgia,dcampos@example.net,001-427-733-4511x2502,Regular,Active,12-01-2022
461,Robert Carpenter,21-05-2005,Male,East Gwendolyn,Florida,byoung@example.net,001-593-336-2553x488,Premium,Active,19-07-2025
462,Nathaniel Miranda,25-03-1986,Male,Lake Bobbyborough,Colorado,barbarajohnston@example.org,4556114288,VIP,Active,20-12-2022
463,Veronica Ferguson,26-10-1979,Male,Andersonmouth,North Carolina,rogerssteven@example.net,558-437-0167x366,New,Active,03-04-2025
464,William Mercado,19-06-1951,Male,Kingtown,Oregon,christine52@example.com,497-715-3672x818,Regular,Active,24-09-2022
465,Kenneth Robinson,09-06-1978,Male,New Nicholasfurt,Michigan,carriecrawford@example.org,(504)486-2541,VIP,Active,12-01-2023
466,Danielle Jones,28-07-1963,Female,Port Michaelland,Michigan,padilladonald@example.com,527-385-1007x48962,VIP,Active,28-04-2022
467,Dennis Page,02-11-1994,Male,Sarahtown,Oregon,fernandezwilliam@example.com,001-329-820-9004x90100,New,Active,27-06-2025
468,Jaime Baker,25-12-1952,Male,East Dawnmouth,Virginia,hking@example.com,(839)966-2690x861,Regular,Inactive,02-04-2026
469,Shannon Fisher DVM,28-10-1952,Male,Port April,Oregon,ashleyhunt@example.net,8997237347,VIP,Active,11-08-2022
470,Mary Mora,18-09-2008,Male,Henrymouth,Colorado,wolfemary@example.net,-5845,New,Active,17-09-2022
471,James Wolfe,22-04-1993,Female,Davidshire,Massachusetts,jim61@example.org,+1-245-780-3940x87630,Regular,Active,29-11-2025
472,Scott Campbell,08-08-1961,Female,East Julie,Washington,frank44@example.com,+1-627-295-2898x92413,Regular,Active,28-11-2025
473,Amanda Clarke,21-07-1969,Female,Kyletown,Colorado,zyoder@example.net,001-863-971-0082x59003,Regular,Active,24-11-2022
474,Kevin Taylor,07-05-1951,Female,Brownside,Illinois,jamesdiaz@example.org,315-524-0246x91223,Regular,Active,22-06-2022
475,Kylie Gaines,15-11-2004,Male,Jasonmouth,Florida,gabriella39@example.net,001-460-712-1114,VIP,Active,04-03-2025
476,James Carter,10-09-1964,Male,Claytonview,Washington,james90@example.org,214.233.0709x510,Regular,Active,10-12-2021
477,Michael Schmidt,19-12-2001,Male,Benjaminport,California,zhangjohn@example.org,(939)685-4075,Regular,Active,12-05-2023
478,William Kelley,30-12-1989,Female,Bradleyport,Arizona,kevin78@example.com,359.898.8385x72723,New,Active,07-12-2024
479,Joseph Perez,01-11-1983,Female,South Alexaberg,Oregon,olsonroger@example.net,(434)370-4439x53411,Regular,Active,10-06-2025
480,Jonathan Whitaker,25-10-1992,Female,South Brian,Pennsylvania,bakerfrank@example.net,001-243-404-5391x6511,New,Active,08-07-2024
481,Danielle Carrillo,26-12-1979,Male,Lake Joseph,New York,markking@example.net,001-743-472-2867,Regular,Active,20-10-2021
482,Ryan Douglas,12-05-1983,Male,East Davidside,Georgia,kreynolds@example.com,-10507,New,Active,05-03-2026
483,Jennifer Callahan,27-09-1968,Female,North Melissa,Washington,hleach@example.com,001-742-398-1630x547,Premium,Active,20-06-2023
484,Christina Jackson,25-08-1976,Male,West Kevin,Ohio,darnold@example.org,758-710-7777x79009,Regular,Active,21-07-2023
485,Darlene Patton,13-06-1967,Male,New Denise,Arizona,barreracharles@example.com,(854)377-1712x20809,Premium,Active,29-09-2023
486,Steven Stephens,24-07-1977,Female,West Heatherfurt,Washington,wilsonpatricia@example.net,+1-543-426-5338x33283,VIP,Inactive,10-07-2021
487,Amanda Alexander,24-07-1988,Female,East Timothy,Ohio,kbarnes@example.com,9515703404,Premium,Inactive,12-09-2022
488,James Simmons,13-11-2003,Male,Alicestad,Georgia,hunterboyd@example.com,561-692-3187x79475,Regular,Active,16-07-2024
489,Earl Miller,26-01-1953,Male,New Patricia,Massachusetts,chall@example.com,823.323.0974,Premium,Active,04-12-2024
490,Michelle Walker,21-12-2007,Male,South Andrewside,Oregon,susanyoung@example.com,529-443-5772x785,Regular,Active,06-10-2025
491,Jordan Stark,24-04-1987,Male,Lauraport,Arizona,yhiggins@example.net,678.589.6458x3676,Regular,Active,22-10-2025
492,Brian Thomas,18-09-1998,Male,Kimberlystad,California,christopherrichards@example.net,567-645-4366,Regular,Active,04-01-2025
493,Sylvia Moore,20-04-1967,Female,Kellyberg,Illinois,alexisavery@example.com,001-492-662-4098,Premium,Active,25-10-2024
494,Mrs. Theresa Garcia MD,21-12-1990,Male,Desireebury,Illinois,milesjessica@example.org,(469)644-6769,Regular,Active,04-09-2025
495,Kimberly Lewis,28-01-1965,Male,Kellyport,California,tinatodd@example.com,918.904.1553,Regular,Active,05-02-2022
496,Brandon Johnson,23-02-1986,Female,South Jamesberg,Pennsylvania,cameronharris@example.org,-4572,Premium,Inactive,03-05-2022
497,Carolyn Graham,01-09-1954,Male,West Christopher,California,sjames@example.net,9455178225,Premium,Active,10-06-2022
498,Nancy Davis DDS,21-03-1996,Male,Lake Michaelburgh,North Carolina,danielcameron@example.com,500.796.3342x19758,Regular,Active,23-02-2023
499,Monica Kirby,22-01-1962,Female,North Lindseyville,New York,allenluis@example.com,+1-336-929-4664x30644,New,Inactive,25-12-2023
500,Kristi Liu,20-08-1950,Male,Jamesburgh,Massachusetts,arussell@example.org,(996)947-5392x77908,Regular,Active,03-03-2025
501,Peter Pena,02-09-2001,Male,North Madisonland,Texas,natasha29@example.org,538.541.0756,Regular,Active,23-07-2022
502,Robert Morton,02-09-1987,Male,West Erica,Pennsylvania,nicolewilliams@example.net,6196376918,Regular,Active,24-10-2023
503,Michelle Price,29-06-1980,Male,Zacharytown,Texas,jefferyford@example.org,959.779.3599,Regular,Active,15-02-2022
504,John Cobb,13-11-1997,Male,Sherifurt,Washington,wrightshelley@example.net,4576510162,Regular,Inactive,15-07-2023
505,Christian Nguyen,15-12-1984,Female,North Jamesfort,Arizona,vnixon@example.org,738-854-3525,Regular,Active,23-07-2024
506,Mary Campbell,12-04-1974,Female,Johnsonfurt,Florida,pamela07@example.net,797.863.3292,Regular,Active,12-10-2023
507,Debbie Clay,29-04-1996,Male,South Sheriburgh,Oregon,ethan88@example.com,542.427.1769x20618,Regular,Inactive,25-12-2024
508,Karen Reed,02-10-1969,Female,New Heatherville,California,youngtammy@example.com,001-891-508-7958,VIP,Active,10-02-2024
509,Jennifer Gutierrez,06-01-1982,Male,Mendozatown,Ohio,prattvalerie@example.net,001-447-784-1167x561,Regular,Active,13-05-2022
510,Mark Anderson,05-09-1996,Female,Penningtonview,Colorado,anna05@example.com,+1-529-938-3941x8638,Premium,Active,08-04-2022
511,Kenneth Morris,04-04-2004,Female,North Kyleville,Washington,sanderson@example.com,271-944-0830,Regular,Active,27-02-2023
512,Wanda Davis,12-08-2007,Male,Smithhaven,Oregon,ypotts@example.com,447.329.1688x3378,VIP,Active,25-02-2024
513,Mark Mason,17-09-1996,Male,North Jasonborough,Colorado,michelle51@example.net,001-400-202-6157x750,Regular,Active,25-01-2023
514,Amanda Meyers,01-03-1992,Male,Andersonfort,Oregon,angelicalittle@example.com,001-550-434-2810x0118,Regular,Active,03-08-2025
515,Cynthia Evans,30-06-2001,Female,New Jonathan,Illinois,wpena@example.org,999.268.9077x0353,Regular,Active,23-05-2023
516,Kyle King,15-01-1990,Male,East Brianafort,Michigan,riverakatherine@example.org,(894)919-6937x96198,Premium,Active,17-11-2022
517,Paul Thornton,11-10-1957,Female,Liuberg,Pennsylvania,griffinscott@example.com,343-531-5858x605,VIP,Inactive,08-12-2024
518,Hayley Bauer,15-02-2006,Male,New Nicole,Massachusetts,fsmith@example.net,488-611-6953x337,Regular,Active,02-10-2024
519,Patrick Hamilton,06-12-1979,Female,Lake Kathryn,Georgia,danielcantrell@example.com,558-524-7670,Regular,Active,03-09-2025
520,Leonard Stevenson,25-10-1964,Male,West Luis,North Carolina,feliciajohnson@example.org,403-488-2537x02341,New,Active,14-05-2026
521,Kimberly Key,20-12-2006,Female,Riceville,Pennsylvania,harrisondavid@example.net,772-682-7676x73954,Premium,Active,16-04-2024
522,Derek Garcia,25-01-1991,Male,East Luke,Colorado,theresasmith@example.org,212.791.3425,Premium,Active,04-08-2021
523,Brad Nichols,07-12-1957,Male,Ericstad,Florida,william58@example.com,586-974-4615,Premium,Active,18-05-2023
524,Rachel Bennett,14-03-1988,Female,South Timothymouth,California,ibullock@example.net,001-498-457-4890x02853,Premium,Active,12-12-2021
525,Michael Flores,12-09-1950,Female,West Evanview,California,davidmary@example.com,470.567.9561x0083,Regular,Active,09-04-2022
526,Laura Bailey,05-04-1965,Male,Teresaside,North Carolina,ltravis@example.org,001-816-431-5046x1638,Regular,Active,11-10-2021
527,Jennifer Hunter,31-05-2001,Male,East Hollyside,Florida,khanthomas@example.org,+1-218-942-0722x2672,Premium,Active,13-10-2021
528,Linda Schaefer,02-09-1953,Female,South Victoria,Georgia,lisa40@example.com,001-373-357-8552x1213,Regular,Active,05-10-2024
529,Miguel Bell,11-11-1955,Male,Woodberg,Arizona,cperez@example.com,+1-428-785-9556x882,Regular,Active,12-04-2023
530,David Curry,09-04-1999,Female,South Jenniferstad,Massachusetts,fhernandez@example.com,652.959.5084,Regular,Inactive,05-05-2025
531,Jeffery Gonzalez,12-11-1988,Male,Tracyview,Michigan,nsmith@example.org,484-760-3115x03892,Regular,Active,30-05-2026
532,Dakota Medina,17-02-2007,Female,Wongbury,Oregon,harveychristopher@example.net,228-744-7326x9974,Regular,Active,10-04-2026
533,James Hill,11-02-1991,Female,North Debra,North Carolina,ryan84@example.org,518-974-5769x492,New,Active,29-06-2023
534,Leslie Sanchez,27-07-2007,Male,Vanessaview,Ohio,jwashington@example.org,9114339152,Regular,Active,14-07-2025
535,Bradley Acosta DDS,05-05-1965,Male,Lake Sheriport,Texas,uduran@example.net,790-413-8818x63658,Regular,Active,05-08-2024
536,Colleen Warner,04-03-1994,Female,East Roberta,Georgia,dominiquerodriguez@example.org,211.820.0909x00721,VIP,Active,06-09-2021
537,Lawrence Williams,26-08-1953,Male,Douglaston,Arizona,kathleenklein@example.net,772-508-1696x614,Premium,Inactive,18-03-2026
538,Christopher Hale MD,24-10-1951,Male,Taylorberg,Virginia,vegabrian@example.org,001-514-494-1038,Premium,Active,17-05-2024
539,Leslie Adams,15-03-1975,Female,East Brandy,Massachusetts,ksmith@example.com,001-978-733-0967,New,Active,17-06-2024
540,Anthony Gonzalez Jr.,27-02-1995,Female,Ramosburgh,Texas,christina15@example.net,681-479-3607x29360,New,Active,26-10-2021
541,Gabriela Bullock,11-07-1963,Male,New Frankchester,North Carolina,terri96@example.com,793.877.6423x245,Premium,Active,26-07-2024
542,Jared Johnson,12-09-1979,Female,Tuckermouth,Georgia,eharris@example.org,001-968-950-0160,VIP,Active,13-10-2025
543,Danny Frazier,25-02-1976,Male,Wilsonbury,Oregon,adamstracy@example.net,423.754.9314x7384,Premium,Active,08-09-2024
544,Shelley Fleming,29-06-1973,Male,Josephtown,Michigan,kristajohnson@example.com,698.290.7536x397,Premium,Active,09-09-2022
545,Christopher Romero,20-11-1959,Female,East Sarah,Pennsylvania,mary92@example.org,(320)380-4231x78203,New,Active,09-01-2022
546,Elizabeth Benitez,18-10-1969,Female,Nolanborough,Texas,cameron02@example.com,(934)904-3166x8042,Premium,Active,26-08-2021
547,Nicole Lloyd,27-10-1995,Male,Timothyfurt,Virginia,fieldsdustin@example.com,4938864555,VIP,Active,23-08-2021
548,Timothy Smith,10-05-1975,Female,Ashleyburgh,Ohio,brian65@example.com,(897)377-5389x70923,Premium,Inactive,15-05-2024
549,Billy Wang,12-05-2005,Male,New Jeffburgh,Michigan,elizabethwall@example.net,732.764.3860,Regular,Active,21-01-2025
550,Scott Taylor,21-10-1988,Female,Thomasstad,Massachusetts,sierrasexton@example.org,806.532.0172x2504,Regular,Active,29-10-2022
551,Linda Page,07-06-1988,Female,Anthonyberg,Illinois,garciasusan@example.net,534.805.2079x405,Regular,Active,09-08-2021
552,Michelle Bradley,14-06-1984,Female,South Julia,North Carolina,brianturner@example.com,(889)410-0643x90065,Premium,Active,05-02-2022
553,Amanda Nguyen,10-04-2008,Female,East Allen,Illinois,lynchlauren@example.com,+1-724-564-5519x94899,New,Active,22-12-2021
554,Jennifer Mills,08-01-2010,Female,Lake Micheal,Illinois,grose@example.org,001-337-802-0779x855,New,Active,17-11-2023
555,Clayton Yang,26-07-2001,Male,Sheilafort,Washington,wongkyle@example.com,606.746.4439x792,Premium,Active,25-12-2025
556,Mrs. Alexis Herrera,14-07-1969,Female,East Robertport,Ohio,brianphillips@example.com,524.936.5017x5359,Premium,Active,14-10-2023
557,Alexander Sanchez,26-07-2001,Female,Lake James,Colorado,david43@example.net,001-937-484-9487x760,VIP,Active,11-05-2023
558,Daniel Maddox,08-02-1985,Female,Lake Jacobshire,California,rebecca12@example.net,(756)829-4359,Regular,Active,27-12-2022
559,Christopher Stewart,13-02-1996,Male,Lake Donnaville,Michigan,jamesramirez@example.net,936-411-2999,Regular,Active,12-12-2024
560,Alyssa Thomas,20-12-1971,Female,Huangborough,Pennsylvania,yrivers@example.com,(304)250-0547,New,Active,05-06-2026
561,Michael Jordan,23-11-1959,Female,Justinland,Pennsylvania,rose97@example.net,969.560.7692x4592,Premium,Active,06-06-2025
562,Mr. Robert Richardson,03-07-1952,Male,East Keith,Texas,jennifer90@example.org,001-400-596-0852x5678,Regular,Inactive,04-05-2024
563,Kathryn Larson,15-07-1976,Female,North Calebburgh,Florida,qrichardson@example.org,+1-701-474-4529x2755,Premium,Active,19-06-2023
564,Andrew Watson,24-06-1985,Female,Rodriguezshire,New York,briananderson@example.net,924-200-1243x21535,Premium,Inactive,11-03-2026
565,Maria Gilbert,20-01-1994,Female,Matthewstad,Georgia,caitlynryan@example.org,966-435-9478,VIP,Active,01-03-2026
566,Jacqueline Myers,26-10-2000,Female,West Shelly,Florida,kenneththomas@example.com,904-775-5102,Premium,Active,21-03-2024
567,Elizabeth Mathis,29-04-1968,Female,Port Thomas,North Carolina,carlosvelasquez@example.net,001-576-611-5002x77689,Regular,Active,03-07-2023
568,Elizabeth Burton,10-04-1952,Male,Robertsonshire,Colorado,kelseyperez@example.org,2047531536,VIP,Active,14-06-2023
569,Jasmin Jones,14-06-1960,Male,New Pamelabury,Ohio,pwatkins@example.net,863-208-4498x45144,Regular,Active,28-03-2024
570,Stephanie Wood,31-10-1974,Female,Riveraport,Washington,johnsonadam@example.net,5939461650,Regular,Active,22-10-2022
571,John Robinson,24-02-1952,Female,Richardshire,Washington,tclark@example.org,846.352.1456,Regular,Active,07-11-2025
572,Brandon Johnson,28-12-1972,Female,Ruizchester,Michigan,kevin27@example.net,919.739.8750,Regular,Active,26-12-2024
573,Thomas Mills,28-07-1951,Female,Martinfurt,Texas,smithchristopher@example.com,7533662302,New,Active,17-10-2023
574,Taylor Colon,03-11-1958,Female,Jacquelineville,Ohio,dawn55@example.net,241-588-3081x02842,New,Active,30-01-2026
575,Stuart Smith,25-08-1969,Male,Christineview,Illinois,sarah05@example.net,(537)312-2891,Premium,Active,04-02-2024
576,John Lambert,21-04-1961,Female,South Alexander,Colorado,cameronrebecca@example.org,(556)942-6710,Regular,Active,31-01-2024
577,Shawn Moore,23-03-1993,Female,North Christopher,Virginia,nthomas@example.net,517-812-7895x6768,Regular,Active,22-09-2024
578,Jerry Simmons,19-03-1984,Male,New Jenniferfort,Texas,zhangpaige@example.org,+1-351-524-4691x30989,VIP,Inactive,07-07-2025
579,Robert Smith,06-08-1974,Female,Ortizchester,Illinois,greenshannon@example.com,841-868-5005x487,Regular,Active,27-11-2021
580,Michael Robinson,29-08-1952,Female,East Leeberg,Washington,hammondmolly@example.net,(733)667-7370x6493,Regular,Active,17-07-2025
581,Cameron Singleton,17-02-1974,Male,Jamesfurt,Ohio,stephenball@example.com,486.316.9427x095,Regular,Active,05-02-2022
582,Timothy Lawrence,31-08-2008,Female,Davisstad,Georgia,tford@example.net,553.368.6142x73344,Regular,Active,16-07-2023
583,Courtney Acevedo,21-09-1975,Female,North Yolandamouth,Oregon,stephanie09@example.net,596.529.3833x59946,New,Inactive,01-12-2025
584,John Savage,12-03-1957,Male,North Wendyview,Colorado,phillipsaaron@example.org,001-789-214-2039x786,New,Active,18-08-2024
585,Deborah Mason,08-04-1992,Male,North Maurice,Washington,tgonzalez@example.com,(875)383-5342x716,Premium,Active,19-04-2023
586,Randy Miller,17-10-1960,Female,Woodburgh,Massachusetts,toddherrera@example.org,733-960-3505x00108,Regular,Active,19-12-2021
587,Earl Krueger,20-06-1996,Female,Karabury,Washington,breed@example.net,(254)372-0626x19381,Premium,Active,22-12-2023
588,Cynthia Olson,04-07-1970,Male,North Seth,North Carolina,tbowman@example.net,(827)883-3472,Premium,Active,10-06-2025
589,Brian Villanueva,01-04-1973,Male,Carrieport,Illinois,mlewis@example.org,537-804-4940x77441,Premium,Active,03-08-2024
590,Ashley Anderson,23-04-1979,Female,Boyletown,Massachusetts,jamesjennifer@example.com,223-317-8837x605,Premium,Active,06-07-2024
591,Cameron Hood,11-01-1972,Female,Javierberg,Michigan,oconnorbrandon@example.com,6257450778,Regular,Active,11-11-2022
592,Julie Martinez,04-08-1969,Male,Ramseyhaven,New York,shughes@example.org,419.586.4073,Regular,Inactive,29-10-2022
593,Joshua Davis,23-05-1957,Male,Andrewport,Georgia,markthomas@example.net,234-470-4198x34133,Premium,Active,19-09-2023
594,Andrea Sanchez,23-01-1997,Female,New Katherine,North Carolina,donald40@example.com,(266)645-8254x67159,Premium,Active,12-05-2023
595,Robert Prince,08-08-1973,Male,Floydland,Florida,rangelbrett@example.com,(455)778-4416,New,Active,25-01-2026
596,Jennifer Ramirez,17-12-1977,Female,Nicoleville,Illinois,ztaylor@example.net,(266)406-5180x2995,New,Active,01-08-2021
597,Dr. Scott Santos,18-06-2000,Male,New Ryanville,New York,cdunn@example.net,6382776774,Regular,Active,08-08-2025
598,Tonya George,28-01-1960,Male,Royport,Georgia,laura80@example.net,490.328.9562x71546,Premium,Active,16-09-2025
599,David Turner,05-03-1952,Male,Garciaside,Massachusetts,tarnold@example.com,(610)803-8764x549,VIP,Active,22-09-2025
600,Katelyn Thompson,04-10-1983,Male,North Jamesfurt,Texas,ljohnson@example.org,(473)713-4668x2430,Regular,Active,07-04-2023
601,Richard Green,01-05-2010,Male,East Joseph,Pennsylvania,kelly46@example.com,235-763-9635,Regular,Active,23-10-2022
602,John Fletcher,31-08-1988,Female,East Peterside,Florida,solomonrhonda@example.net,970-524-7123,Premium,Inactive,01-10-2025
603,Jeremy Munoz,23-09-1958,Male,South Melanie,Massachusetts,john69@example.org,(894)360-6686x219,Regular,Active,02-06-2026
604,Aaron Brown,09-08-1964,Female,New Shirley,California,thomasflynn@example.net,8017036154,VIP,Active,27-02-2022
605,Steven Reyes,18-09-1958,Female,Laratown,Massachusetts,ashley35@example.com,(414)549-9222x351,Premium,Active,30-08-2025
606,Adam Davis,27-03-2008,Female,Youngbury,New York,chadjones@example.org,(459)780-9423,Regular,Active,22-02-2024
607,Randy Ramos,23-01-1997,Male,Joshuatown,Texas,alicia56@example.net,+1-399-908-8546x001,New,Active,01-07-2025
608,Ronnie Brown,16-05-1974,Female,North Rogerberg,Massachusetts,dturner@example.net,(615)739-0419x45327,Regular,Active,20-06-2024
609,Margaret Hayes,28-04-1963,Female,Port Meganfurt,New York,david85@example.net,(880)628-8838,VIP,Active,23-12-2022
610,Samantha Snyder,15-03-1966,Male,West Andrewside,Michigan,njohnson@example.org,001-770-637-3327x98504,Regular,Active,27-04-2025
611,Nicholas Harris,26-03-1987,Female,Port Kimberly,Colorado,vanessawilliams@example.net,742-656-3267x41963,VIP,Active,01-10-2024
612,Erin Cannon,23-09-1986,Female,Elizabethville,Michigan,timothyhale@example.org,001-936-955-3985x715,New,Active,05-05-2024
613,Julie Walter,18-10-1956,Female,Chelseaberg,Illinois,gloverian@example.net,473-558-5878x9539,Regular,Active,22-07-2021
614,Shane Pennington,24-05-1954,Male,East Darrell,Texas,ymurphy@example.net,(497)577-2036x8544,Regular,Active,15-07-2024
615,Jason Green,01-04-1952,Female,Parkerstad,Virginia,travis25@example.org,410.849.9641x592,New,Active,13-02-2025
616,Taylor Flores,05-10-1950,Female,Lake Jeffreyview,Colorado,charles09@example.net,(238)506-1732,Regular,Inactive,04-04-2026
617,Christian Douglas,11-07-1975,Male,East Crystal,Massachusetts,michael80@example.net,+1-265-677-6327x2468,Regular,Active,17-08-2022
618,Suzanne Fisher,11-05-1965,Male,Angelicaborough,Texas,myerssherri@example.net,001-895-443-0003,Regular,Inactive,28-05-2026
619,Heather Hayden,18-11-1952,Female,South Nicoletown,Washington,matthew93@example.net,(785)212-7363,Premium,Active,02-09-2022
620,Cassie Payne,09-01-2010,Female,Wellsview,Washington,davidthomas@example.org,2627021258,Regular,Active,01-02-2026
621,Chase Castillo,07-08-1975,Female,Shawnstad,North Carolina,ewalters@example.net,594-754-8134x967,Regular,Active,08-02-2026
622,Kathryn Shaw,16-02-2006,Male,Barneshaven,Illinois,kmalone@example.org,(872)703-6283,Premium,Active,24-05-2022
623,Rachel Dickerson,03-01-1972,Female,Aaronmouth,Michigan,jacqueline40@example.org,+1-486-307-1683x988,Regular,Inactive,20-10-2022
624,Alexander Wheeler,06-10-1977,Female,Bennettstad,Illinois,butlerterri@example.org,801.375.9494,New,Active,15-09-2023
625,Bradley Long,27-01-1963,Male,Alexanderberg,Georgia,lauren13@example.net,+1-914-452-3966x70523,VIP,Active,24-04-2026
626,Melissa Franklin,22-05-1971,Male,West Edwardmouth,Massachusetts,melissarivera@example.org,752.767.2555x49390,VIP,Active,18-02-2022
627,Sheryl Morris,22-09-1999,Male,Lake Jackside,Illinois,erivera@example.org,964.703.4443x6779,Premium,Active,24-02-2026
628,James Prince,29-07-1961,Female,Jessicatown,Massachusetts,vmyers@example.net,+1-523-578-8687x3535,Premium,Active,06-06-2025
629,Tracy Rose,23-08-1984,Female,Hartport,Colorado,teresa78@example.net,+1-998-958-9917x73981,Regular,Active,21-02-2025
630,Gabriela Lane,20-04-1971,Female,Morrisside,Virginia,daniel00@example.org,394.631.5802x45557,Premium,Inactive,11-01-2023
631,Larry Thompson,21-04-1953,Male,Nelsonchester,Massachusetts,valentinemicheal@example.net,645-254-4878x85536,Regular,Active,16-10-2024
632,Isabella Moore,22-06-2008,Female,Port Lisa,Colorado,lisabailey@example.net,672-967-4686x834,Regular,Active,03-06-2022
633,Joyce Ford,08-05-1953,Female,South Stephanieview,Ohio,shawnmacias@example.org,001-649-414-9210x2348,Premium,Active,26-01-2025
634,Brandon Wilson,08-04-1997,Female,Port Emilyfurt,Michigan,scox@example.org,(309)256-6138x85821,Premium,Active,28-10-2024
635,Alyssa Serrano,09-06-1987,Female,East Vanessachester,Florida,omckinney@example.org,957-336-0429x286,New,Active,10-12-2024
636,Stephanie Keith,21-08-1962,Male,Rodneyhaven,Ohio,ebishop@example.net,9143118751,Regular,Active,28-04-2026
637,Robert Williams,08-10-1970,Female,Port Jenniferhaven,Massachusetts,wagnerstephanie@example.com,8596502438,New,Active,30-12-2025
638,Mr. Charles Owens,31-07-1993,Male,South Jacobton,Virginia,andreabarnes@example.com,-2010,Regular,Active,16-03-2023
639,Ryan Kemp,29-01-1960,Female,Lesliemouth,California,kevinmcdonald@example.net,-1758,VIP,Active,03-09-2021
640,Steven Willis,11-09-1962,Male,Lake Maria,California,david16@example.org,(838)918-8013,Regular,Active,18-06-2023
641,Veronica Kirby,13-07-1976,Male,Scottburgh,Arizona,twalker@example.com,+1-332-507-4552x4271,New,Active,03-08-2024
642,Juan Miller,19-12-1957,Male,Gaineston,North Carolina,karenlam@example.com,+1-857-394-4342x776,Premium,Inactive,09-03-2023
643,Anthony Barnes,26-05-1967,Male,Lake Elizabethmouth,Florida,markrobinson@example.com,467.768.6579,Regular,Inactive,21-01-2023
644,Cindy Patterson,02-08-1950,Female,Port Michael,Illinois,jamespearson@example.net,(910)680-8512,Regular,Active,31-05-2026
645,Christopher Kelly,20-09-1984,Male,Angelachester,Washington,rodgersjermaine@example.net,(788)893-6898x855,New,Active,24-12-2023
646,Crystal Chapman,23-04-1960,Female,Boydtown,California,armstrongjohn@example.org,208-813-6917x3975,Premium,Active,15-08-2024
647,Eric Patterson,05-12-1987,Female,West Corymouth,Ohio,cervantesbrandi@example.net,467-447-5467x8208,Regular,Active,30-04-2024
648,Rebecca Briggs,20-11-2005,Male,Stoneport,Florida,honicholas@example.org,553-846-4374,Premium,Active,26-01-2024
649,Christopher Schmidt,22-04-1959,Female,North Richardborough,Colorado,angela77@example.org,6122096926,Regular,Active,02-07-2025
650,William Thornton,12-06-1976,Male,Parkerborough,California,fwilliams@example.net,001-286-949-8667,New,Active,20-01-2022
651,Jennifer Perez,28-11-1989,Female,North Leonard,Texas,amandastout@example.net,+1-473-721-9220x9339,Regular,Active,14-06-2022
652,Erica White,10-07-1975,Female,Smithfurt,Ohio,danielmatthews@example.com,430-244-4085,Regular,Active,13-01-2022
653,Erica Mooney,02-02-1990,Male,East Christopherhaven,Florida,ryannicholson@example.net,836-258-8185,Regular,Active,11-07-2023
654,Jonathan Lane,20-05-1994,Female,Millerland,Illinois,banderson@example.com,(442)708-2234x65302,Premium,Active,04-03-2025
655,Joseph Whitehead,14-11-1998,Female,Craigberg,North Carolina,whawkins@example.com,909-374-1022,Premium,Active,03-06-2024
656,Tanya Dixon,15-01-1958,Female,Alexandriamouth,Texas,rangelchristopher@example.org,416-251-6879,VIP,Active,11-12-2025
657,Christopher Taylor,01-06-1981,Female,Theresafort,Michigan,matthew01@example.org,-4253,Regular,Active,31-10-2022
658,Melissa Walters,24-05-1960,Female,West Aliciastad,Illinois,ugarcia@example.net,001-369-897-6769x955,Regular,Active,04-08-2023
659,Donald Moreno,24-06-1992,Male,New Julie,Massachusetts,nshelton@example.com,485-705-3160x38402,Regular,Active,29-05-2024
660,Eric Franklin,11-12-1955,Female,Richardsonhaven,Florida,kathryn14@example.com,7868636494,New,Active,12-03-2026
661,Barry Austin,13-03-1982,Male,Williamfort,Texas,smithbrittany@example.net,743.523.8815,Premium,Active,24-01-2022
662,Tammy Stanley,25-03-1966,Male,Lake Johnberg,Michigan,tylershepard@example.org,001-831-298-7673x26993,New,Active,04-02-2026
663,Dr. Donald Rojas,06-09-1956,Male,Port Kevin,Ohio,jamesrandall@example.net,+1-507-889-1955x797,New,Inactive,20-07-2022
664,Patrick Moore,21-09-1973,Male,Williamsberg,California,tammy48@example.org,281.234.3267x364,Regular,Active,04-12-2025
665,Adam Hampton,21-07-1987,Female,South Kurtport,Virginia,fisherjustin@example.org,530.276.3001,Regular,Inactive,10-11-2023
666,Donald Lucas,27-05-1988,Female,West Dalton,Pennsylvania,wilkinsonkim@example.net,-10279,Regular,Active,17-04-2023
667,Richard Lee,16-02-1976,Male,Lake Brian,New York,murphykevin@example.com,755-612-4085x0362,Premium,Active,30-11-2023
668,Erica Banks,27-03-1957,Female,North Glenn,Massachusetts,smccoy@example.com,687-816-3976,Regular,Active,24-10-2025
669,Jennifer Ibarra,29-04-1982,Female,Alanstad,Colorado,tamara63@example.net,888.711.8044x361,New,Active,21-03-2026
670,Kevin Barrera,08-09-2009,Male,Marieton,California,cassandra99@example.net,(598)201-3166x34352,Regular,Active,21-04-2025
671,Troy Williams,19-07-1958,Female,Zacharyshire,North Carolina,leemitchell@example.net,(338)661-3359x410,Regular,Active,11-04-2024
672,Joshua Ochoa,01-11-2004,Female,Port Michael,Michigan,daniel75@example.org,222-871-9056,Regular,Inactive,11-08-2025
673,Diana Dennis,28-03-1954,Male,Holthaven,Ohio,smithkathleen@example.org,-4521,Regular,Inactive,29-09-2022
674,Julia Holden,21-06-1994,Female,South Janet,Illinois,juarezcrystal@example.org,001-452-522-3556,VIP,Active,15-01-2025
675,Evan Lopez,06-03-1967,Female,Watsonville,California,mikayla58@example.com,001-720-933-7351x24318,Regular,Inactive,16-03-2022
676,Aimee Higgins,12-07-1980,Male,East Ryan,Washington,kendra59@example.com,001-418-490-7207x85073,Premium,Active,21-10-2022
677,Fred Velazquez,29-11-1960,Female,West Veronicaburgh,Georgia,meyerbrittany@example.com,+1-997-909-2594x243,Premium,Inactive,11-05-2026
678,Joy Owens,03-11-1991,Male,West Ashley,Massachusetts,angela56@example.org,971.404.4734,Regular,Active,19-07-2023
679,Nicole Cook,13-10-1985,Female,New Tarahaven,Ohio,vbishop@example.org,001-389-809-4361x70763,Regular,Active,14-08-2022
680,Elizabeth Hall,17-08-2007,Female,Huffborough,California,jonesmelissa@example.org,484-379-0847,VIP,Active,24-10-2025
681,Michele Huffman,20-05-1990,Male,Reginaldberg,Illinois,max00@example.com,320.504.4964x9971,New,Active,23-11-2025
682,Nicholas Frost II,28-01-1958,Female,Port Patricialand,New York,hfrench@example.net,+1-589-605-7217x9447,VIP,Active,12-10-2025
683,Sharon Adams,08-05-1964,Female,Harmonport,Florida,michellephillips@example.net,687-795-6606x641,Regular,Active,22-12-2024
684,Andrew Jones,04-09-1973,Female,Michaelmouth,Washington,wesleytaylor@example.com,-1745,New,Active,19-09-2025
685,Rebecca Murphy,14-04-1951,Male,Lake Mirandachester,Georgia,marcbolton@example.com,(575)717-5481x3546,VIP,Active,09-06-2025
686,Dennis Kirby,06-02-1998,Male,West Lauraberg,Illinois,hillthomas@example.org,-4637,Premium,Active,24-08-2024
687,Rhonda Blair,10-02-1998,Female,East Kennethchester,New York,travismcdaniel@example.com,791-448-3381x584,Premium,Active,05-04-2022
688,Cynthia Davis,21-04-1965,Female,Turnerborough,Florida,wjames@example.net,001-884-514-3744,New,Active,26-08-2024
689,Heidi Moore,22-05-2005,Female,Port Nicole,Illinois,robersontimothy@example.net,001-743-743-0634x52454,Premium,Active,25-03-2023
690,Michelle Ross,12-08-2003,Male,Phamfort,Illinois,ericquinn@example.com,(431)855-7778,Premium,Active,28-04-2022
691,William Weeks,08-06-1963,Male,Williamstad,Massachusetts,brian80@example.org,793.811.4718x284,VIP,Inactive,13-09-2021
692,Todd Tate,18-06-1977,Male,Pagehaven,Massachusetts,wilkinsoneric@example.com,895-687-6492,New,Inactive,11-05-2024
693,Colin Rogers,14-03-2009,Male,Goodmanmouth,Florida,masseymeghan@example.org,585-443-0039x04706,Regular,Active,10-09-2023
694,John Alvarado,02-02-1953,Female,New David,Michigan,davidsonmatthew@example.com,794-938-6241x920,Regular,Active,11-10-2024
695,Jackie Moore,05-01-1978,Male,New Jeffrey,Oregon,paulmartinez@example.net,-5140,VIP,Inactive,25-09-2021
696,Sherry Lewis,01-06-1962,Female,East Todd,California,gabrielhart@example.net,708-374-2772,Regular,Active,07-01-2025
697,Mitchell Ward DDS,02-04-1956,Female,Wendyburgh,Arizona,qguerrero@example.org,265-856-7890,Premium,Active,19-09-2021
698,Jon Bishop,30-04-2001,Female,Loveton,Colorado,juliabenitez@example.net,+1-481-363-3480x330,Regular,Active,21-02-2022
699,David Blanchard,08-10-2002,Female,Sarahborough,Illinois,paul61@example.com,232.606.7710x541,Regular,Active,01-11-2024
700,Jeffrey Jones,20-07-1973,Female,Byrdside,Illinois,angel73@example.org,(390)270-8404x50384,New,Active,24-07-2024
701,Sean Browning,18-06-1961,Male,Anthonyland,Michigan,vmiller@example.org,810-865-8787,Premium,Active,23-02-2022
702,Edward Johnson,06-11-1985,Male,North Amymouth,Georgia,ian23@example.net,-7735,Premium,Active,14-11-2025
703,Stephanie Garcia,18-07-2009,Male,East Jeffreyburgh,Texas,jameslong@example.net,001-853-476-2332,Regular,Active,24-05-2024
704,Benjamin Strickland,19-11-1955,Female,Christineburgh,Washington,paul33@example.org,001-943-805-7839x3388,Regular,Active,09-11-2022
705,Stacy Becker,20-06-1975,Female,West Richard,Virginia,hturner@example.net,546.755.8514x0315,Premium,Active,26-11-2025
706,Timothy Allen,20-02-1963,Female,Johnside,North Carolina,landryjessica@example.net,211.712.6985x6039,VIP,Active,02-08-2022
707,Catherine Stevens,10-09-1982,Female,West Christine,Massachusetts,juan74@example.net,933-203-9406x7141,Premium,Active,13-04-2026
708,Pedro Allen,25-02-2003,Female,Lake Kevinbury,Washington,ohammond@example.org,(827)820-8896x030,Regular,Active,14-07-2023
709,Gregory King,03-05-1976,Male,North Wendyside,Michigan,kaylamartin@example.net,001-477-413-1696x28585,Regular,Inactive,11-10-2025
710,Monica Johnson,14-05-1975,Female,South Christopher,Virginia,kbrewer@example.org,001-942-730-3338x6575,Premium,Inactive,02-05-2023
711,Scott Thomas,20-01-1962,Male,Hoview,Massachusetts,jacobtrujillo@example.org,001-634-413-3778x4809,Premium,Active,02-07-2024
712,Michael Bowman,10-01-1977,Female,Gomezberg,North Carolina,qmaddox@example.net,671.250.1867x607,Premium,Active,04-02-2022
713,Joshua Brown,20-02-1992,Female,Lake Elizabethland,Ohio,veronicajacobs@example.net,507-420-8656x1748,Premium,Inactive,23-04-2025
714,Judy Peterson,25-04-1951,Male,Millerburgh,Washington,raymond72@example.com,561.849.6932,Regular,Inactive,30-11-2025
715,Jessica Garcia,04-11-1998,Female,Alejandrostad,New York,chenry@example.org,9654477852,Regular,Active,29-10-2022
716,Donald Kelly,18-12-1952,Female,Jamesview,New York,hallstephanie@example.org,001-545-464-8416,Regular,Active,03-02-2023
717,Tammie Wang,19-02-1992,Female,North Matthewport,Pennsylvania,weavermichael@example.net,3474391831,Premium,Active,10-06-2022
718,Jorge Robinson,05-04-1971,Female,Michaelberg,Pennsylvania,jeffreykramer@example.com,001-333-864-4538x769,Premium,Active,19-11-2021
719,Matthew Reed,18-01-1977,Female,Kelleymouth,Ohio,david98@example.org,(833)621-3122,VIP,Active,11-10-2021
720,Jennifer Norton,27-08-1967,Male,East Michelle,Massachusetts,elong@example.com,397.824.4765x149,Regular,Active,10-11-2022
721,Catherine Rivera,16-06-2010,Female,Batesburgh,Washington,taylorrhonda@example.org,3735376282,VIP,Active,12-07-2023
722,Tara Oconnell,09-11-1975,Male,Denisemouth,California,justin08@example.org,001-948-998-0603,Premium,Active,25-06-2022
723,Rachel Clark,27-10-1970,Male,East Christopher,Arizona,tammybarrett@example.org,+1-644-247-6745x970,Premium,Active,26-03-2022
724,Julie Patton,07-06-1974,Female,Christopherfurt,Michigan,twong@example.net,(533)543-8646,Regular,Inactive,18-10-2021
725,Joseph Adkins,19-05-1982,Male,East Derekbury,Virginia,schroederbradley@example.com,3898154474,New,Active,12-03-2024
726,Andrew Walters,24-09-1991,Female,West Katherineton,Arizona,melissa39@example.net,663-571-8981,Premium,Active,21-01-2024
727,Daniel Hale,07-03-1963,Male,Elizabethland,Pennsylvania,rfields@example.com,902.275.1251x3144,Regular,Active,05-04-2023
728,Sara Graham,30-08-1959,Female,Port Benjamin,Oregon,christinehood@example.net,254.723.3954,Regular,Active,21-01-2024
729,Julie Kidd,04-05-1999,Female,Seanchester,Massachusetts,ashley34@example.net,544-822-2507x28396,Regular,Inactive,25-05-2026
730,Martha Williams,25-08-1977,Male,Sharonport,Georgia,tbuchanan@example.com,736-365-0238x553,New,Inactive,05-08-2022
731,Anna Smith,14-03-1975,Female,Chambersside,Florida,whitneythornton@example.net,292-875-8102x080,Premium,Active,16-04-2023
732,John Arroyo,30-10-1951,Male,Port Matthew,Florida,turnergeorge@example.net,+1-719-975-6236x40385,VIP,Active,23-01-2025
733,Mr. Zachary Taylor,12-03-1977,Female,Manningburgh,Virginia,coneal@example.com,001-528-875-9582x8651,New,Active,29-06-2025
734,Audrey Perez,08-03-1966,Male,Ellenside,New York,ynguyen@example.com,904-772-9977,Premium,Active,27-09-2023
735,Eric Montgomery,04-05-1975,Female,South Ricky,Oregon,dyertrevor@example.net,001-489-770-0862x637,Regular,Active,26-05-2022
736,Scott Smith,02-03-2008,Male,New Anthonytown,Pennsylvania,michelle04@example.net,(588)571-7913,Regular,Active,10-06-2022
737,Ashley Obrien,08-02-1970,Male,Jenniferville,North Carolina,hollandjuan@example.org,001-342-580-5076x904,Premium,Active,28-11-2025
738,Michael Clarke,14-07-1992,Male,East Kathleenfurt,Arizona,rebecca41@example.net,408.588.4234x4346,Premium,Active,27-09-2021
739,Kellie Richardson,11-10-1965,Female,Lake Kristine,New York,perezdavid@example.com,+1-477-218-6861x151,Regular,Inactive,27-09-2021
740,Joshua Bennett,03-07-1955,Male,South Sara,New York,beardthomas@example.com,001-630-561-5058x48982,Regular,Inactive,12-01-2024
741,Kimberly Lewis,25-01-2001,Male,Taylorshire,Pennsylvania,petersenmatthew@example.net,(718)334-6779x9625,Regular,Active,25-05-2022
742,Megan Maxwell,21-05-2002,Female,West Angelamouth,Virginia,huntmary@example.org,(651)385-6208,New,Active,28-03-2022
743,Stacey Garcia,09-05-1992,Female,East Dustin,Illinois,jerry96@example.com,2427569055,New,Inactive,10-09-2023
744,Rebecca Cantu,25-01-1976,Male,Vanessabury,Washington,rileycourtney@example.net,943-846-8628x27820,Regular,Active,04-08-2025
745,Jessica Frazier,05-10-2001,Male,Joneschester,Ohio,grahammason@example.org,001-887-357-4688x967,New,Active,12-01-2026
746,Jacqueline Jones,24-11-2009,Female,Graceburgh,Florida,seanmorrison@example.net,8134292844,Regular,Active,13-11-2024
747,Sharon Nichols,24-11-1966,Female,Port Michael,Colorado,greenvictor@example.org,001-348-588-9868x11440,Premium,Active,18-02-2024
748,Sheila Lewis,25-03-1973,Male,Amymouth,Arizona,brownlisa@example.net,316-777-6718x250,Regular,Inactive,02-07-2025
749,Leah Scott,20-03-2002,Female,East Nathan,Michigan,dcruz@example.net,9278162151,Regular,Active,02-08-2023
750,Rhonda Wilson,02-01-1981,Male,South Waynehaven,Massachusetts,johnali@example.net,+1-474-805-6111x89274,New,Active,29-09-2024
751,Christopher Kelly,14-02-1985,Male,New Rachelfort,Massachusetts,torresjesus@example.com,001-369-352-2002x233,New,Active,10-05-2025
752,Whitney Wood,29-05-1952,Female,West Mitchell,Texas,lpatel@example.org,7833484679,Premium,Active,14-07-2024
753,Natalie Soto,14-04-1971,Male,North Michaelbury,Oregon,michael56@example.com,+1-637-948-0145x30897,New,Inactive,02-05-2024
754,Miss Catherine Christian,02-10-1989,Male,North Laurenstad,Michigan,stephensonjoel@example.com,589-399-7730x76939,Regular,Active,21-12-2024
755,Chelsea Johnson,26-08-1986,Male,South Tristanport,Georgia,frankhenry@example.com,+1-843-677-2287x6328,VIP,Active,04-10-2021
756,Cassidy Mullins,28-10-1957,Female,Lake Taramouth,Colorado,john28@example.org,464.844.2372x1229,New,Active,16-01-2026
757,Kyle Smith,07-04-1968,Male,Lake Lauraport,Texas,shelbysmith@example.net,001-956-362-7597x98045,Regular,Inactive,28-09-2022
758,Cynthia Webb,16-06-1977,Male,Clarkville,Texas,cheryllam@example.com,(865)696-2094,Regular,Inactive,19-05-2023
759,James Singleton,19-02-1959,Female,Evansshire,Ohio,kristinawest@example.com,304.638.1522,Regular,Active,06-12-2025
760,Ryan George,09-10-1996,Male,West Barbara,Virginia,brandon81@example.net,926-468-5465x762,Regular,Active,21-07-2023
761,Tyler Walls,23-11-1965,Female,Port Stacey,Georgia,elizabeth34@example.org,376.421.0142x161,Premium,Active,09-07-2023
762,Christopher Pitts,10-06-1957,Male,Jackiechester,New York,james36@example.org,654-381-9674,Regular,Active,23-01-2022
763,Daniel Schroeder,23-02-1985,Male,Jacksonland,Texas,stevenward@example.org,7046958934,Regular,Active,19-04-2022
764,Jasmine Carter,24-02-1959,Female,Chandlerfort,Pennsylvania,brandicarlson@example.com,001-889-724-9722,Premium,Active,24-11-2022
765,Andrea Lee,20-08-1958,Male,Richardsonfurt,Illinois,xbell@example.org,-4689,Regular,Inactive,28-04-2025
766,Andrew Johnson,15-05-2010,Female,New Matthew,North Carolina,flynnholly@example.com,8272020939,New,Active,24-10-2024
767,Peter Warner,08-09-1957,Male,Port Williamburgh,Arizona,elijahfigueroa@example.net,(983)917-5817x4163,New,Active,15-01-2022
768,Andrew Nolan,03-07-1992,Male,Garzaberg,Illinois,ojackson@example.net,9786597448,New,Active,24-09-2022
769,Vicki Stanley,01-05-1997,Male,Shawnmouth,Colorado,mitchelldaniel@example.com,001-550-889-2548x1386,New,Active,24-05-2022
770,Jonathan Rice,24-11-1981,Male,Danielletown,Arizona,edwardmitchell@example.net,(513)933-2726,Regular,Active,15-04-2025
771,James Murphy,12-10-1973,Male,Lake Timothychester,Georgia,rogersjessica@example.net,001-382-450-2053x3086,Regular,Active,27-11-2025
772,Hannah Duran,13-10-1952,Female,Thorntonberg,Washington,normankaren@example.net,001-335-794-2174,Premium,Active,11-09-2024
773,Rachel Nichols,30-07-2008,Female,Lake Andrewton,New York,espinozaerik@example.net,553-707-0123,Premium,Active,28-01-2026
774,Tina Ball,27-06-2001,Male,Cisnerosville,Arizona,charlesmarquez@example.com,7655589911,Regular,Active,26-08-2021
775,Teresa Martinez,02-06-1976,Female,Darrylland,Florida,craigwoodard@example.net,+1-488-799-1679x06517,Regular,Active,29-08-2024
776,William Thomas,05-01-1955,Female,Wilsonstad,Florida,teresagoodman@example.org,7783807850,Regular,Active,31-10-2021
777,Mrs. April Arnold,21-12-1998,Male,East Moniqueland,Arizona,jordanvickie@example.net,(560)210-5661,Regular,Active,15-02-2023
778,Timothy Strong,13-04-1995,Male,Lake Thomas,Massachusetts,aaronmorris@example.org,+1-410-279-5812x731,Regular,Active,14-04-2023
779,Amanda Bowman,06-10-1988,Female,Hollyborough,Texas,xarroyo@example.com,001-575-377-4800x3832,Regular,Active,20-11-2022
780,Lisa Palmer,07-03-1997,Female,West Jasonport,North Carolina,mark55@example.net,(967)602-7397,Regular,Active,04-07-2023
781,Brandon Phillips,09-01-1961,Male,Greerview,Arizona,hopkinscrystal@example.org,279-319-4716,VIP,Active,27-01-2025
782,Stephanie Parrish,24-10-1960,Female,New Ruthchester,New York,james98@example.com,990-401-4289,Premium,Active,02-03-2026
783,Laura Carr,02-05-1980,Male,Thomashaven,Colorado,chelsealarson@example.com,001-970-958-5918,Regular,Active,16-09-2021
784,Laura Weaver,02-08-1998,Male,New Donnabury,Oregon,fhall@example.com,+1-714-331-1002x07541,Premium,Active,31-08-2025
785,Sonya Oconnor,05-06-1986,Female,East Abigail,Florida,michelle37@example.org,(662)348-5591,Regular,Active,15-01-2023
786,Eric Evans,26-07-2004,Male,Kathleenshire,Massachusetts,courtney19@example.com,-6313,Regular,Inactive,13-07-2024
787,John Evans,08-04-2009,Female,West Gloria,California,jmorrison@example.net,(760)767-2291x90005,VIP,Inactive,07-09-2021
788,Gene Roth,01-04-1985,Female,Patriciamouth,Arizona,morrisonsamantha@example.net,001-420-489-0537x370,Regular,Active,19-05-2023
789,Shelly Lane,16-01-1990,Male,South Catherine,New York,jonesnancy@example.com,+1-525-868-5906x5789,Regular,Active,07-11-2023
790,Patricia Copeland,18-04-1988,Male,South Christopherville,Washington,ksmith@example.org,001-504-751-7267x185,Regular,Active,04-10-2022
791,Timothy Olson,15-04-1984,Male,Scottburgh,Michigan,kellyscott@example.net,606.236.0480x226,Regular,Active,30-11-2022
792,Joy Duffy,13-03-1991,Female,Denisefort,Georgia,santiagojessica@example.org,554-979-6321x9090,New,Inactive,11-07-2021
793,Nathan Mueller,13-10-1979,Male,Port Paul,New York,brownphillip@example.com,001-878-572-1515x1817,Regular,Inactive,29-06-2022
794,Tonya French,14-05-1965,Female,Andersonberg,Georgia,timothyowen@example.net,306.649.9774,Premium,Active,06-11-2021
795,Calvin Myers,18-01-1962,Male,Campbellfort,Illinois,timothybarton@example.net,680-599-9813,VIP,Inactive,04-11-2024
796,Miranda Molina,09-06-1958,Female,Gordonchester,Colorado,ndyer@example.org,895-921-3811x94157,Premium,Active,04-09-2025
797,Amy Levy,05-10-1983,Male,Port Lisastad,Florida,bstevens@example.org,+1-774-315-6696x472,Premium,Active,07-07-2022
798,Chelsea Paul,15-06-1981,Male,Port Isaiahport,Texas,gavin37@example.org,492-710-4151x50296,VIP,Active,03-04-2025
799,Brandy Wolfe,19-04-1986,Female,East Michellemouth,New York,crystalsloan@example.com,206-706-1185x14213,Regular,Active,12-05-2026
800,Brenda Wilson,05-11-1969,Male,Johnport,Arizona,cory58@example.net,(887)945-6129,Regular,Inactive,19-02-2023
801,Julie Mclean,08-07-1969,Female,New Harry,Ohio,marshpaul@example.net,684-685-4319,Regular,Inactive,01-03-2026
802,Elizabeth Johnson,09-03-1974,Female,Gregoryside,Oregon,devin97@example.org,4219935198,Regular,Active,23-03-2022
803,Terry Gardner,09-05-1991,Male,Janeport,Ohio,vhunt@example.com,742-609-2960,Regular,Active,02-01-2024
804,John Morgan,04-01-1973,Male,Hernandezfurt,Georgia,sarahrobinson@example.org,4839488284,Regular,Active,10-07-2021
805,Paula Murphy,17-01-2002,Female,New Richard,Florida,danielburns@example.net,(202)444-9660x93102,New,Active,18-04-2025
806,Mandy Johnston,05-12-1953,Female,Kristinaport,Texas,twilson@example.com,+1-943-358-7566x9803,Regular,Active,16-07-2024
807,Cody Jordan,05-07-1976,Male,Lorifort,Florida,fwalsh@example.org,(851)776-4461x7209,Regular,Active,09-03-2022
808,Andrew Hansen,22-04-1967,Female,New Erikview,Oregon,susancunningham@example.net,599.605.8768,Regular,Active,11-05-2025
809,Miss Angel Meyer,25-11-1992,Female,Briannaburgh,Ohio,daniel91@example.com,5157953493,VIP,Active,07-03-2023
810,Carolyn Dunn,03-01-2006,Female,Port Sara,Illinois,reevesheather@example.org,817-922-0213x450,Regular,Active,17-01-2026
811,Dr. Lauren Moore,13-05-1996,Female,Adamview,Texas,garciastephanie@example.com,(957)446-5853x97835,Premium,Inactive,21-02-2024
812,Anna Edwards,01-01-1995,Male,South Nathanhaven,Oregon,millsemily@example.com,508.812.9216x99011,Regular,Active,03-05-2023
813,Crystal Hunter,06-06-1959,Female,North Patrickmouth,New York,walshheather@example.com,5975472276,Regular,Active,14-09-2023
814,Timothy House,01-05-1971,Female,East Veronicaland,North Carolina,jameswhite@example.net,308.887.0321,Regular,Active,17-02-2024
815,David Greene,03-02-2007,Male,North Matthewbury,Virginia,anthony38@example.net,6374610724,Premium,Inactive,13-01-2026
816,Christina Hamilton,08-10-1963,Male,Marquezfort,Colorado,alvin65@example.org,(999)920-9416x71319,Premium,Active,31-03-2026
817,Brittany Sampson,28-10-2004,Female,New Debrafurt,Colorado,garciadavid@example.com,229-286-6972,Regular,Active,28-07-2023
818,Emily Campbell,06-07-1984,Female,South Jacobtown,Oregon,william10@example.net,001-236-941-0625x27890,VIP,Active,12-07-2023
819,Jody Graham,30-06-1980,Female,Kennethfort,California,erin01@example.net,884-904-3673,New,Inactive,29-10-2025
820,Michael Kramer,27-08-1995,Female,Beckerchester,Oregon,sabrina14@example.com,+1-384-220-2502x10386,Regular,Active,10-01-2025
821,Steven Whitney,03-09-2004,Male,South Amy,Washington,spearsrebecca@example.org,(420)463-5358x767,Premium,Active,27-02-2023
822,John Carter,24-03-1986,Female,Thomasbury,Pennsylvania,agilmore@example.com,714.565.6283x30979,Premium,Active,27-11-2023
823,Elizabeth Adams,14-08-1984,Male,West Tanya,Michigan,hansenjared@example.org,646-224-1956,Regular,Inactive,13-06-2025
824,Leonard Gonzalez,29-03-1967,Female,Hortonville,North Carolina,shanelee@example.org,903.927.3733x928,Regular,Active,15-01-2026
825,Jason Romero,14-07-1950,Male,New Wandafort,Colorado,ramirezdaniel@example.com,+1-981-895-0485x2048,VIP,Active,29-05-2023
826,Todd Martin,29-01-2004,Female,South Daniel,Washington,anne50@example.org,258.269.8371,New,Active,03-04-2026
827,Jesus Mendoza,18-02-1954,Male,West Keith,Massachusetts,frenchwilliam@example.net,330-715-1797,New,Active,19-02-2023
828,Mikayla Hall,04-06-2005,Female,Hartstad,Arizona,lynngary@example.org,+1-841-773-8374x55528,Regular,Inactive,08-03-2024
829,David Garcia,24-03-2004,Male,Thomasfort,Ohio,david30@example.net,692.621.4692x48250,Regular,Active,11-10-2023
830,Ana Ramos,01-03-2000,Male,East Ann,New York,tonybean@example.org,7387157121,New,Active,14-04-2022
831,Cindy King,21-09-1982,Female,New Angelaberg,Massachusetts,gwhite@example.net,372.308.6638x1239,Premium,Inactive,23-03-2022
832,Raymond Jones,28-12-1962,Female,Hahnbury,Illinois,maureenrobinson@example.org,001-405-239-2291x1036,New,Inactive,05-08-2024
833,Jo Figueroa,21-05-1952,Female,West Joshua,Florida,dmays@example.net,955.896.4437x57067,Premium,Active,27-11-2025
834,Dr. Rebecca Fleming MD,02-06-2000,Female,New Craig,Arizona,karen46@example.net,395.813.0408,Regular,Active,03-01-2023
835,Amber Miller,08-12-1972,Female,North Alan,Texas,fmonroe@example.org,694-717-0914,New,Active,13-09-2021
836,Janet West,02-03-1981,Female,New Amychester,California,kristengill@example.com,361-674-5153x8824,Regular,Inactive,20-12-2022
837,Casey Jones,30-04-1994,Male,South Luisfurt,Colorado,jessica74@example.org,(570)405-3169,Regular,Active,27-08-2025
838,Emily Maldonado,23-05-1959,Male,Port Victoria,Pennsylvania,marcus57@example.org,+1-738-551-4566x134,Regular,Active,09-08-2021
839,Heather Garrett,09-11-1952,Male,Moorebury,California,vdaugherty@example.com,(875)276-0171x015,New,Inactive,19-09-2025
840,John Stewart,03-11-1952,Male,North Aaron,Georgia,valerie55@example.com,001-386-562-0261,Premium,Active,17-09-2022
841,Christina Russell,28-10-1965,Male,Johnnyview,Colorado,vcoleman@example.net,001-962-381-2592x4727,Regular,Active,03-06-2026
842,Katie Jarvis,15-10-1951,Female,West Barryville,North Carolina,xthomas@example.net,+1-817-209-6456x60930,Regular,Active,11-07-2025
843,Michael Gordon,10-12-1991,Female,Floresland,Oregon,stevencasey@example.net,+1-739-291-2620x5673,Premium,Inactive,24-02-2024
844,Jacob Schaefer,28-03-1956,Female,Lake Nicole,Virginia,larrychandler@example.net,001-516-316-5081x64904,New,Active,07-01-2024
845,Kelly Wilson,15-09-2005,Female,West Joseph,Washington,santoskevin@example.org,914-256-6795x292,Regular,Active,28-03-2022
846,Walter Clark,26-03-1994,Male,East Rebeccamouth,Massachusetts,wwalsh@example.com,250.364.7599x70405,New,Active,11-08-2024
847,Phillip Johnson,09-09-1990,Male,Chaseview,Ohio,christina39@example.net,001-770-448-1729x1260,Regular,Active,22-10-2021
848,Daniel Watson,25-01-1974,Female,New Matthew,Texas,jeffery35@example.org,001-401-802-7702,Premium,Inactive,07-03-2024
849,Brandon Brown,17-01-1956,Female,Garnerbury,Ohio,ortizalyssa@example.net,(830)838-6040x32139,Regular,Inactive,08-10-2024
850,Brenda Maldonado,23-06-1985,Female,North Jason,Georgia,hartjonathan@example.org,001-658-892-2308,Premium,Inactive,26-04-2022
851,Charles Colon,29-09-1973,Female,West Alicehaven,New York,kyle44@example.org,+1-631-624-2790x7153,Premium,Active,03-12-2023
852,David Morrison,15-04-1982,Female,East Shane,Colorado,daryl06@example.org,(597)971-8726x9047,VIP,Active,16-03-2025
853,Thomas Butler,23-07-1983,Male,Christinechester,Georgia,grimesalexis@example.net,2222593101,New,Active,24-04-2022
854,Maria Bauer,13-09-2002,Female,West Paulastad,Ohio,kramerjoshua@example.com,496.993.1780x50896,VIP,Active,16-06-2025
855,Timothy Hayes,14-07-1996,Male,Sherryview,Michigan,shawnclarke@example.org,+1-547-286-4378x84193,VIP,Active,28-04-2025
856,James Stephens,11-08-1961,Female,Mccannmouth,Florida,johnny10@example.com,-7789,Regular,Active,08-06-2022
857,David Simpson,10-07-1992,Female,Jamesborough,Arizona,psimpson@example.net,717.531.1991x7647,New,Active,26-02-2022
858,Robert Anderson,31-03-1959,Female,Hardyfurt,California,thompsonlaura@example.org,(316)495-0811x0685,Regular,Inactive,24-10-2023
859,Brian Jackson,21-03-1957,Female,Stewartmouth,Massachusetts,kimberlyadkins@example.net,001-999-793-1009x358,Premium,Active,18-09-2022
860,Christopher Larson,21-05-1987,Male,Jessicamouth,Florida,patty20@example.com,(669)736-7890x860,New,Active,20-11-2022
861,Cheryl Brown,19-11-1988,Female,Shannonburgh,New York,david70@example.net,(381)453-7012,New,Active,22-10-2021
862,Tina Cummings,13-07-1956,Male,Port Elizabethville,New York,deanmartinez@example.net,(294)235-7511x412,VIP,Active,31-10-2021
863,Dana Mendoza,08-10-1981,Female,Randolphberg,Colorado,williamwilliamson@example.org,(335)360-3795,Regular,Inactive,10-12-2022
864,Suzanne Lynch,25-04-1955,Female,South Stevenmouth,Ohio,claudia95@example.com,001-788-699-6172x411,Premium,Active,17-07-2024
865,Roy Matthews,30-06-1963,Female,New Jessicafurt,Arizona,carlsonkenneth@example.org,2572958462,Regular,Active,05-01-2025
866,Eric Wolfe,30-12-2002,Male,Colemanberg,Oregon,christophergonzalez@example.net,+1-607-227-0606x2307,Regular,Active,28-03-2022
867,Megan Tate,06-08-1963,Male,East Elizabethport,Oregon,fwilkins@example.net,994.388.4063,Regular,Active,17-09-2022
868,Jeffrey Greene,07-07-1959,Female,Port Alexandrastad,Illinois,amy37@example.net,621.904.2452,Regular,Active,25-02-2024
869,David Rodriguez,22-09-1965,Male,Port Diane,New York,billymiller@example.org,301.629.0137x4635,New,Inactive,17-07-2021
870,Angela Kirby,28-01-2000,Female,Harrisonville,Arizona,tanner86@example.org,001-309-502-8885x63774,Regular,Active,10-02-2025
871,Alicia Gilmore,23-02-1974,Female,West Charles,Michigan,amanda46@example.com,(588)552-8706x54478,Premium,Active,12-08-2021
872,George Smith,24-02-2007,Female,Chavezfurt,Georgia,harrisjessica@example.com,(290)243-5141x106,New,Active,05-05-2022
873,Douglas Davis,17-03-1983,Female,Port Georgeton,Florida,stephenstheresa@example.net,001-428-927-4180,Regular,Active,19-10-2024
874,Lisa Mcdaniel,09-02-1987,Male,Tylerfurt,New York,glucas@example.com,(761)996-2523,VIP,Active,30-03-2023
875,Rachel Bowen,03-12-1986,Male,New Travishaven,Pennsylvania,jclayton@example.net,-9529,Premium,Active,31-05-2026
876,William Little,22-09-1964,Female,North Amanda,Texas,marythompson@example.com,711.237.3380,New,Active,04-10-2025
877,Claudia Pope,19-02-1952,Male,Ellisstad,Texas,psimpson@example.com,001-401-488-7021x373,Premium,Active,28-04-2026
878,David Allen,01-03-1995,Female,Berryfort,North Carolina,jford@example.com,001-872-770-0683x605,Regular,Inactive,04-02-2022
879,Lauren Hurley,11-11-1999,Female,West Derekview,North Carolina,maldonadotimothy@example.org,476-406-3430x8173,Regular,Active,05-01-2025
880,Julie Cortez,09-08-1976,Male,Davisborough,Arizona,taylorcarolyn@example.com,794-451-0807,VIP,Inactive,12-01-2025
881,Stephanie Coleman,26-05-1994,Male,Lake Patricia,North Carolina,wmoore@example.net,-9365,VIP,Active,30-09-2022
882,Christopher Morton,04-06-1996,Female,Smithport,Oregon,nicole19@example.org,285.653.4842,Regular,Inactive,02-09-2024
883,Danielle Barr,06-03-1993,Female,Port Patrick,Florida,guzmanjustin@example.net,856.857.3468x31367,Premium,Active,26-12-2021
884,Christine Flores,06-06-1985,Female,West Cynthia,North Carolina,gilesgary@example.net,295.922.3689x79949,Premium,Inactive,29-04-2026
885,David Smith,15-02-1969,Male,Lake Tammy,Massachusetts,jonathan66@example.org,2885408316,New,Active,15-04-2022
886,Whitney Anderson,05-06-2009,Female,Floresborough,Florida,lbarnes@example.org,(689)293-4140,Premium,Active,02-01-2026
887,William Cunningham,28-01-1973,Female,Youngbury,Pennsylvania,ryanadam@example.net,455-818-7932,New,Inactive,18-03-2024
888,Emily Larsen,21-12-2003,Female,Harmontown,Georgia,jenna08@example.com,001-717-674-7050x60958,Regular,Active,20-04-2025
889,Laura Christian MD,11-12-1968,Female,North Stephen,Ohio,autumnhunt@example.net,001-767-421-1655x4346,Regular,Active,13-05-2024
890,Tyler Richardson,25-07-1962,Male,Garciaport,Pennsylvania,benjamin25@example.com,555.560.6449,VIP,Active,21-06-2025
891,Kristin Haynes,22-03-1954,Male,Mckenziehaven,Michigan,lmorris@example.net,365-953-8985x7843,Regular,Active,28-05-2026
892,Benjamin Diaz,18-05-1997,Female,Lake Elizabeth,California,kendra50@example.com,+1-764-628-1664x784,New,Active,05-03-2025
893,Mrs. Lisa Gregory,17-09-1985,Male,South Josephshire,Florida,kbauer@example.org,(235)560-3281x07384,Regular,Active,03-03-2026
894,Jeffrey Jones,11-12-1962,Female,Petersland,Massachusetts,cameron74@example.net,001-210-940-0093x19205,Premium,Active,05-09-2023
895,Michelle Smith,21-02-2009,Female,North Timothybury,Massachusetts,krobinson@example.com,(301)397-7265x297,Regular,Active,01-02-2023
896,Kevin Reyes,30-11-1968,Male,North Daniellehaven,Massachusetts,jennifer40@example.com,+1-971-659-4197x4126,Regular,Active,30-04-2026
897,Anthony Clark,08-06-2005,Female,East Ginaton,New York,parkschristopher@example.net,642.900.4559x60424,Regular,Inactive,28-12-2022
898,Michael Greene,11-08-1988,Female,Carsonmouth,Virginia,eileenmitchell@example.net,001-326-716-7197,Regular,Active,18-08-2023
899,Angela Grimes,04-12-1980,Female,Javierland,Washington,nataliemaddox@example.org,343-279-0163,Regular,Inactive,16-07-2023
900,Andrew Brooks,15-09-1962,Male,Oliverville,New York,samantha86@example.com,382-973-7992,Premium,Active,24-03-2022
901,Shannon Rivas,26-10-1981,Female,Taylormouth,Georgia,santossean@example.org,798-333-0149x31815,Regular,Active,29-10-2025
902,John Reese,23-02-2003,Male,Edwardberg,Michigan,williammartin@example.net,(818)788-2810x4668,New,Inactive,10-05-2026
903,David Nelson,30-12-1978,Female,Jessicahaven,Colorado,rthompson@example.org,304.246.4021x6275,Regular,Inactive,14-09-2023
904,Jenna Benton,24-07-1965,Female,Christinaview,Illinois,lewismichael@example.org,001-641-812-4789x12167,Regular,Active,04-06-2026
905,Hannah Hopkins,29-04-1956,Female,East John,California,hughescheryl@example.net,001-620-949-8150x40253,Regular,Inactive,26-06-2023
906,Eric Hoffman,30-10-1958,Male,Holmesfort,Pennsylvania,ricky71@example.org,-8579,VIP,Active,13-07-2022
907,Karla Finley,31-10-1967,Male,Princemouth,Washington,wsanchez@example.net,(431)688-8280x21323,Regular,Active,20-11-2023
908,Garrett Jones,12-09-1983,Female,Terryland,Virginia,jesse27@example.org,448-306-4074,VIP,Inactive,30-07-2022
909,Timothy King,28-12-1974,Male,Hoffmantown,North Carolina,vroth@example.org,001-913-260-7544x264,Regular,Active,14-10-2025
910,Rebekah Walton,05-02-2001,Male,Taylorburgh,New York,jessicaclark@example.net,(515)381-4541x36573,Premium,Active,26-02-2025
911,Mr. Ronald Woods,31-01-1953,Male,Hunterfort,Pennsylvania,wagnerkendra@example.org,+1-530-845-8991x424,Regular,Active,27-03-2026
912,Pamela Pugh,04-12-2009,Female,Johnberg,Florida,icobb@example.net,630-481-0184x87613,Premium,Active,06-05-2024
913,Julie Monroe,11-02-1997,Female,Proctorhaven,Ohio,josephmartin@example.org,001-776-794-6883x6358,Regular,Active,13-12-2025
914,Brianna Williams,13-12-2005,Male,Brownstad,Virginia,norrisaaron@example.net,374-298-9173x4349,Premium,Active,24-10-2025
915,Gary Anderson,03-06-1999,Male,South Joshua,New York,simmonsrobert@example.com,+1-762-260-9886x62943,New,Active,15-09-2022
916,Howard Bell,06-06-1979,Male,Chadchester,North Carolina,ashley99@example.net,001-287-999-3135x05379,VIP,Inactive,02-12-2021
917,Larry Hansen,28-10-1966,Male,North Dannychester,Colorado,awatson@example.org,-8298,Premium,Active,28-08-2024
918,Katie Porter,29-04-1965,Male,Lake Nathanshire,Texas,tamaradowns@example.com,228-683-3439x151,Regular,Inactive,23-06-2023
919,Patricia Anderson,14-09-1964,Male,Michaelhaven,California,oalvarez@example.net,001-376-457-6051x3545,Regular,Active,09-01-2023
920,Jonathan Mckinney,28-09-1959,Male,Burkefort,North Carolina,samantha47@example.com,717-716-9284,VIP,Active,08-03-2023
921,Lisa Hernandez,26-02-1963,Female,Port Shawn,Michigan,nicholashines@example.org,+1-202-366-2184x042,Regular,Active,11-04-2025
922,Cynthia Reeves,04-01-1952,Female,Johnsonburgh,New York,kellihart@example.net,+1-928-647-0061x776,VIP,Inactive,06-11-2021
923,Gary Burton,19-06-1958,Male,East Samuelside,Ohio,earlanderson@example.org,481-399-7558,Regular,Active,05-01-2026
924,Scott Kerr,31-07-2007,Female,South Nicole,New York,martinsmith@example.net,-7988,Premium,Inactive,22-10-2023
925,Sherry Floyd,10-02-1998,Female,Kathybury,California,darrylramirez@example.org,858-867-5375x290,Regular,Active,26-04-2025
926,Christina Hall,04-06-2008,Male,West Hannahhaven,Florida,julia51@example.com,252-906-2789x6254,Premium,Active,16-05-2026
927,Sean Flores,20-04-1958,Female,New Kristenton,Pennsylvania,aaron23@example.net,+1-588-936-8203x90444,Regular,Active,24-09-2023
928,Steven Fields,01-11-1992,Male,West Victor,California,olewis@example.com,7344212673,Regular,Active,06-04-2024
929,Jackie Huang,05-03-1988,Female,New Richard,Georgia,matthew12@example.net,001-609-330-8032x17629,Regular,Active,17-12-2021
930,Ronald Martinez,24-05-1998,Male,Davidchester,Oregon,richardcarroll@example.com,439.756.4489,New,Active,09-11-2025
931,Becky Kemp,18-10-1995,Male,Ashleybury,Massachusetts,meagan85@example.org,001-373-948-0745x889,Premium,Active,11-04-2026
932,Rachel Graves,11-09-2003,Male,Ramirezview,New York,youngsteven@example.org,(902)815-2564x6547,Regular,Active,22-01-2025
933,Diane Graham,30-11-1961,Female,Johnmouth,Arizona,kelsey32@example.net,(605)854-6419,Regular,Active,03-12-2025
934,Mrs. Maria Peters,17-07-1981,Female,Port Coreyton,Georgia,courtney27@example.org,7587512988,Regular,Active,31-08-2022
935,Mitchell Schwartz,19-05-1973,Male,Annaborough,Georgia,pdougherty@example.net,9438947295,Premium,Active,03-09-2024
936,Tiffany May,12-07-1954,Female,Smithtown,Georgia,zhamilton@example.com,4146086582,New,Active,13-01-2022
937,Edward Nguyen,29-06-1951,Male,Lake Shannonland,California,ernest74@example.com,951.476.5327x0122,VIP,Active,21-04-2025
938,Alice Williams,09-03-1974,Male,East Alexandermouth,Illinois,jonathan55@example.org,3799185281,VIP,Active,18-12-2022
939,Katrina Ortiz,28-01-1966,Male,South Williamchester,Ohio,anthonylewis@example.com,252-489-8865x664,Premium,Active,08-03-2025
940,Pamela Randall,13-09-2004,Female,Port Tiffany,Illinois,joshuaphillips@example.org,(597)637-9210x10778,Regular,Active,28-12-2022
941,Christina Nelson,22-03-2010,Female,Bakerchester,California,alexissolis@example.net,+1-229-803-4300x1170,Regular,Active,14-03-2025
942,David Peck,01-12-1956,Female,Taylorside,Ohio,itaylor@example.org,001-695-478-5609,New,Active,01-06-2025
943,Eduardo Bush,23-06-1979,Female,Lake Emily,Washington,jonathanschroeder@example.com,(852)575-6216,Regular,Active,02-04-2025
944,James Gomez,16-07-1987,Female,Lake Rhondamouth,California,catherine54@example.com,505.553.4736x731,Regular,Active,05-07-2023
945,Terry Brown,15-01-1990,Female,Ashleyton,Washington,michaelowen@example.net,209.359.6582x58105,Regular,Active,13-04-2024
946,Lisa Leon,29-06-1970,Male,Allisontown,Washington,obrown@example.com,871-491-5788x05444,VIP,Active,05-10-2023
947,Jose Mcfarland,12-01-1957,Male,Tammyborough,Texas,dorothy52@example.com,605-202-7049x85920,VIP,Active,18-01-2024
948,Daniel White,12-07-1983,Female,East Sandra,Massachusetts,mshaw@example.org,813-896-2365x273,Regular,Active,10-12-2024
949,Ruth Kramer,16-01-2004,Female,South Williamshire,Ohio,jeansmith@example.org,778.681.3655x97246,Regular,Active,24-08-2025
950,Angela Yu,28-02-2008,Male,Gutierrezbury,Oregon,fbenton@example.net,9286948173,New,Active,18-01-2025
951,Steven Gonzalez,30-05-1956,Male,Sabrinamouth,Georgia,jacobchen@example.org,(327)660-8089x4227,Regular,Active,26-08-2023
952,Christine Watkins,30-06-2001,Male,Phillipstad,Michigan,vanessa97@example.com,7602558599,Regular,Active,15-07-2021
953,Gregory Diaz,22-09-1993,Male,South John,Pennsylvania,allenalexander@example.org,380-512-6018x107,Premium,Active,10-04-2022
954,Michael Larsen,12-08-1952,Female,Michellemouth,Colorado,kirkjohn@example.com,+1-918-732-9756x949,Regular,Active,14-11-2024
955,Justin Myers,21-03-1957,Male,East Paulaside,Florida,smithrobert@example.com,213.487.9151x486,Premium,Active,12-10-2021
956,Tracy Brown,28-07-2004,Female,New Taylor,Illinois,johnscharles@example.com,+1-499-279-3578x22239,Premium,Active,09-09-2021
957,Valerie Le,03-02-2006,Female,North Brandonton,Arizona,robert17@example.com,253-269-9737x8446,Regular,Active,06-06-2025
958,Justin Ramsey,22-03-1973,Male,North Johnshire,Florida,pbarker@example.net,646-882-9056,Regular,Active,17-12-2023
959,Brenda Jackson,14-02-1971,Male,West Ryanburgh,Virginia,ashleyrodriguez@example.org,264.685.6263x45348,Premium,Active,26-05-2025
960,Annette Fleming,04-09-1959,Female,East Rachelhaven,Pennsylvania,robinsonjoshua@example.net,430.957.4785x6457,Regular,Active,25-06-2025
961,Andrew Glass,08-07-1969,Female,East Jeremy,Colorado,jacksonjoseph@example.com,262-759-1359x37021,Regular,Active,25-12-2022
962,Mrs. Amy Sawyer DDS,21-10-1985,Female,Richardhaven,New York,caseybooker@example.com,(212)661-0509x526,New,Active,25-10-2022
963,Roger Robles,22-07-1999,Female,Williamsfort,Georgia,johnsonkylie@example.org,901.901.9397x086,Regular,Inactive,31-07-2022
964,Jack Ross,05-02-1994,Male,Matthewland,New York,john23@example.net,837.585.3725x55816,New,Inactive,01-05-2023
965,Gregory Carter,14-09-2001,Female,Port Kimton,Michigan,rcurtis@example.net,-6351,Premium,Inactive,25-11-2021
966,Julian Montgomery,14-03-1957,Male,Robertview,Florida,malik16@example.org,903.234.2328x542,Regular,Active,15-11-2023
967,Norma Smith,11-08-2005,Female,Maryfurt,Michigan,anitawilliams@example.org,001-426-878-1870x0900,Regular,Active,09-03-2024
968,Michael Patterson,14-04-1997,Male,Allenton,Texas,monicawilson@example.com,713-579-0774x89841,Regular,Active,24-04-2025
969,Jordan Macdonald,12-07-1996,Male,Antonioville,Texas,craig28@example.net,(696)217-5381x8573,Regular,Active,04-02-2022
970,Haley Mata,09-12-1974,Male,Johntown,Massachusetts,stephanieparker@example.org,420.543.4353x4079,Regular,Active,27-07-2025
971,Margaret Jensen,17-07-1997,Male,Stephanieberg,Massachusetts,daviserin@example.org,(526)250-7785x23997,VIP,Active,30-09-2022
972,Mike White,30-03-1964,Female,Martinborough,Ohio,jennifer50@example.net,217-317-3131x1998,Premium,Active,15-05-2022
973,Robert Anderson,03-08-1968,Male,Richardbury,Ohio,dalewhite@example.net,8447279314,Regular,Active,26-02-2023
974,Chad Johnson,23-09-1988,Male,Lake Jackton,North Carolina,tgonzales@example.net,001-796-846-2659,Premium,Inactive,10-07-2021
975,Todd Richardson,04-08-2005,Female,Port John,Massachusetts,arianareyes@example.org,348.535.7008,Regular,Inactive,19-08-2021
976,Christy Reed,05-03-1996,Female,West Lisamouth,California,isaaclee@example.org,+1-743-919-2958x1791,Regular,Active,09-05-2022
977,Richard Grant,21-01-1999,Female,Port Sandra,North Carolina,herreraian@example.net,(423)887-1188,Regular,Active,01-09-2021
978,Aaron Chapman,05-03-1977,Female,North Lisabury,New York,jeffrey69@example.com,(962)975-9602,Regular,Active,23-12-2024
979,Antonio Wilkerson,14-11-1979,Female,East Justin,Florida,dorothy24@example.org,(732)805-5081x2081,Regular,Active,11-11-2022
980,Jeremy Reed,18-06-1955,Male,New Barbaramouth,North Carolina,lauren97@example.net,001-442-981-9992x9099,Regular,Active,01-01-2023
981,Nancy Ramos,25-12-1962,Male,Stephanieville,Florida,dbryant@example.com,352.469.9746x210,Regular,Active,15-09-2022
982,Christopher Campos,14-06-1999,Male,Hoffmanbury,Washington,riosann@example.com,292.416.2799x37265,Premium,Active,13-05-2023
983,Diana Dominguez,27-01-1965,Male,Popehaven,Virginia,goldenstephen@example.org,756-690-7992x22506,Premium,Active,17-07-2024
984,Lauren Silva,07-09-1998,Female,West Megan,New York,charles36@example.net,+1-834-603-1850x11811,Regular,Active,29-11-2021
985,Taylor Young,10-10-2003,Male,Natashaburgh,North Carolina,willie15@example.org,258.960.7074x956,Premium,Active,13-02-2026
986,Albert Esparza,01-01-1980,Female,Port Eric,Georgia,marilynbrown@example.net,570-783-5827x785,Regular,Active,03-09-2024
987,Kimberly Reese,18-03-1960,Female,New Roger,Pennsylvania,xjohnston@example.net,001-238-686-5908x0662,VIP,Active,31-05-2022
988,Nicole Wall,05-01-1965,Female,Arthurton,Washington,aguilarapril@example.com,-7732,Regular,Active,06-03-2025
989,Paula Burke,05-10-1962,Female,Heatherborough,Florida,spencereaton@example.org,001-966-918-8600x4569,Regular,Inactive,24-01-2026
990,Kaitlin Perez,22-05-1990,Female,North Betty,Michigan,nathan34@example.com,+1-864-798-1745x2051,Regular,Active,01-11-2022
991,Dr. Douglas Kelley,28-01-1977,Male,Kimstad,Virginia,jennifergreene@example.com,001-504-227-2573x99626,Premium,Active,21-11-2024
992,Earl Le MD,07-07-1958,Male,South Jodi,Virginia,brucegonzalez@example.org,309-884-9152,Premium,Active,20-08-2024
993,Kevin Thompson,10-02-1952,Female,Kelliport,Illinois,dereklittle@example.net,+1-247-710-7639x41616,Regular,Inactive,18-03-2025
994,Kevin Smith,20-02-1981,Female,Ramirezfurt,Texas,brookereeves@example.net,+1-245-604-6860x90570,New,Active,07-04-2024
995,Terri Walker,30-09-2001,Male,Lake Pedroshire,North Carolina,ewood@example.org,2368433702,Regular,Active,18-11-2021
996,Matthew Moore,28-12-1986,Male,Sabrinahaven,Pennsylvania,danielhurst@example.org,780.831.9234,Regular,Active,18-11-2023
997,Michael Holt,27-06-1987,Female,South Lindseyton,Illinois,onelson@example.com,944-878-7305,VIP,Active,17-11-2024
998,Jesse Khan,14-02-1978,Female,North Brandon,Georgia,kennethpacheco@example.net,451.512.3927x047,New,Active,18-02-2023
999,Gail Anderson,20-09-1968,Male,Harrisfort,California,lriley@example.net,+1-967-937-3878x9939,Regular,Active,06-06-2022
1000,Rachael Johnson,02-03-1980,Male,Sotoshire,Virginia,alex37@example.com,(676)342-2178,Regular,Inactive,05-06-2025
1001,Brianna Smith,11-07-1998,Female,Samanthachester,Georgia,shermanalyssa@example.com,+1-801-373-6044x594,Premium,Active,29-09-2023
1002,Alex Phillips,10-06-1990,Female,Robertfurt,Georgia,allisonhodges@example.org,+1-597-412-8097x73564,Regular,Active,01-07-2023
1003,Amanda Davis,21-08-1957,Female,Rebekahshire,North Carolina,willisshane@example.org,-9647,New,Active,02-10-2022
1004,Leslie Thomas,04-07-2006,Male,Tylerville,Oregon,ywall@example.net,755.399.0904x1523,Regular,Active,31-12-2024
1005,Susan Moore,08-09-1981,Male,East Samuel,Massachusetts,hansenanthony@example.net,+1-604-237-5211x549,VIP,Active,28-09-2021
1006,Rachel Castillo,29-12-2003,Male,Marychester,Illinois,molly46@example.com,+1-211-766-9645x031,Premium,Active,08-12-2022
1007,Lisa Perez,16-03-1989,Female,Brewerberg,Virginia,wowens@example.org,298-212-9712x182,Premium,Active,09-09-2021
1008,Jacqueline Gordon,07-03-1997,Male,North Fernando,Michigan,vhall@example.com,444-356-7600x4337,Regular,Active,15-07-2024
1009,Allison Kelly,12-09-1956,Female,Schneidermouth,Illinois,bellsteven@example.com,7279597525,New,Inactive,04-12-2024
1010,Joseph Allison,03-03-2001,Male,Gonzalesmouth,Washington,salazarclifford@example.org,001-285-619-6094,New,Active,21-04-2023
1011,Jay Copeland,02-04-2000,Male,Jennifershire,Oregon,holly78@example.com,+1-725-420-5190x18435,Regular,Active,08-03-2024
1012,Denise West,14-12-1979,Female,North Katherine,Oregon,michael87@example.net,001-608-357-4921,Regular,Active,12-02-2023
1013,Angela Nash,10-04-1965,Male,South Danaview,Illinois,jenny61@example.com,(399)934-0543x06488,New,Active,18-08-2025
1014,Joshua Garcia,28-12-2003,Female,Port Kenneth,New York,johnsonbrittany@example.net,302-903-8143x69712,Regular,Inactive,05-07-2023
1015,Christina Campos,04-06-2003,Male,Michellehaven,California,michaelford@example.org,(253)743-8112x4995,New,Active,09-12-2024
1016,Michelle Buckley,22-09-2000,Male,East Dwayne,Illinois,ajacobs@example.org,(369)681-5361x676,Regular,Active,10-03-2025
1017,Danielle Martinez,02-07-1987,Female,Laurenville,New York,brownmark@example.net,8783570728,Regular,Active,05-12-2021
1018,Sherry Salazar,31-07-1965,Female,West Johnny,Georgia,reiddean@example.net,216-303-9084,Regular,Active,27-05-2023
1019,Casey Santiago,03-10-1982,Female,South Kristi,Colorado,oliverdaniel@example.org,423.294.9153x531,Regular,Active,25-07-2025
1020,John Woods,26-05-1989,Female,Brownmouth,North Carolina,amandasmith@example.org,+1-501-727-0900x398,Regular,Inactive,23-06-2023
1021,Sharon Holmes,18-02-1969,Female,West Michael,Florida,alexandriabrown@example.net,+1-820-792-8345x835,Premium,Active,12-10-2021
1022,Katie Thomas,11-08-1989,Female,East Kristy,Georgia,samantha98@example.org,001-276-957-5968,Premium,Active,28-09-2022
1023,Brandy Torres,03-04-1968,Male,North Carrieborough,Pennsylvania,paigewaters@example.net,468.537.2331x649,Regular,Active,16-05-2022
1024,Tracy Hudson,17-01-1951,Male,New Juan,Pennsylvania,rfrancis@example.com,(836)525-4536x2086,New,Active,01-10-2021
1025,Michael Bates,28-03-1980,Male,Amandaborough,Oregon,wjones@example.org,529.330.9857x54164,Regular,Inactive,25-08-2023
1026,Jonathan Cameron,18-08-1984,Female,Moorefurt,Colorado,ericksonjames@example.org,7869118905,New,Inactive,04-06-2023
1027,Pamela Garcia,21-05-1993,Male,West Katiefort,Massachusetts,danielvincent@example.com,+1-639-896-6467x8050,Premium,Active,11-08-2023
1028,Micheal Martinez,21-08-1972,Female,North Kevin,Massachusetts,jason93@example.net,3979498319,Regular,Active,20-09-2023
1029,Kimberly Allen,07-09-1992,Male,Gabrielaland,Michigan,christinajohnston@example.org,(923)957-2339x841,Regular,Active,20-01-2023
1030,Jessica Sanchez,13-10-1953,Female,Lake Meganburgh,Oregon,ufuller@example.com,001-702-865-1611x05669,Premium,Active,14-10-2025
1031,Phillip Willis,14-05-2001,Female,Danielchester,Washington,qkim@example.org,788-915-1212,Premium,Active,10-07-2022
1032,Frances Oneal,17-05-1994,Female,Perezburgh,Washington,wrightmichael@example.org,(243)269-8184,Regular,Active,14-10-2025
1033,Gina Howard,12-10-1976,Male,Lake Kevinton,Ohio,nwilson@example.org,(297)509-0893x09296,Regular,Active,02-10-2024
1034,Jessica Francis,17-11-2008,Female,Lake Suzannemouth,Georgia,dianeday@example.net,787.280.3680,Premium,Active,19-03-2022
1035,David Mays,20-10-1958,Male,Fritzbury,Massachusetts,obrienaudrey@example.net,542.663.2358x6325,VIP,Active,01-05-2024
1036,Kathryn Smith,01-12-1973,Female,Romeroland,Ohio,beverlyhernandez@example.com,372.877.3668x07859,VIP,Active,29-07-2022
1037,Susan Jennings,20-03-1981,Male,Millerchester,Georgia,charleshoover@example.com,943-687-2291x7710,New,Active,13-05-2026
1038,Angel Rivers,22-06-1993,Female,North Raymond,Michigan,amanda70@example.org,816.670.1210x45608,Regular,Active,22-11-2023
1039,Debra Anderson,13-06-2005,Male,New Angela,Florida,daniel26@example.net,(292)315-5653x4329,Premium,Active,08-07-2024
1040,Robert Burch,24-01-1959,Male,Carterland,Ohio,amartinez@example.com,+1-205-249-9147x231,Regular,Active,28-04-2026
1041,Jacob Potts,06-02-1981,Male,Lake Megan,California,istewart@example.com,496-939-9142x077,Regular,Active,22-12-2021
1042,Adam Patterson,24-07-1960,Male,Bernardport,Georgia,donnaharmon@example.org,377-627-6751,Regular,Active,13-08-2024
1043,Rebecca Patterson,10-07-2003,Female,Blanchardshire,Washington,tylerrodriguez@example.net,(559)573-9854x2031,Regular,Active,08-04-2023
1044,Jason Murphy,30-01-1982,Female,Lake Williamborough,Washington,ilewis@example.net,(839)720-1411x434,Regular,Active,20-11-2021
1045,Shelly Nguyen,10-05-1966,Male,Peterport,Michigan,luke72@example.com,+1-693-880-2279x497,Regular,Active,14-05-2025
1046,Karen Mack,15-10-1954,Female,Brittanyside,Illinois,debbie25@example.com,+1-522-551-8878x48785,VIP,Active,16-05-2022
1047,Candace Perry,10-07-1980,Female,Richardsonland,Virginia,hessjeffrey@example.org,001-864-928-0855,Regular,Active,18-06-2024
1048,Jordan Cooper,18-04-1953,Male,Katherineshire,Illinois,browncrystal@example.net,+1-491-522-4858x0908,VIP,Active,22-11-2021
1049,Sylvia Lindsey,14-04-1984,Female,South Christopher,California,jennifer44@example.net,(381)619-8673x7591,Regular,Active,17-05-2026
1050,Gary Newman,15-03-1994,Female,South Cynthia,New York,fhughes@example.com,701-923-9294,Regular,Active,24-11-2023
1051,Derek Rodriguez,03-04-1951,Female,Jasminetown,Pennsylvania,tatelinda@example.com,972.736.8305x38110,VIP,Active,22-09-2022
1052,Kenneth Edwards,03-10-2008,Male,Rodrigueztown,Virginia,fcopeland@example.org,+1-211-711-5438x035,Premium,Active,20-01-2022
1053,Richard Santos,31-07-1950,Male,New Jay,Georgia,rebecca91@example.net,(967)391-3707,Regular,Active,19-10-2024
1054,Jonathan Marsh,08-04-1996,Male,Luismouth,Michigan,oyoung@example.net,639.320.9008x42159,Premium,Active,18-07-2024
1055,Edward Morse,27-10-1962,Female,Tyroneton,Texas,vknox@example.com,+1-221-664-7741x6561,Regular,Active,09-10-2022
1056,John Sexton,02-02-2007,Male,Fletcherport,Arizona,susan35@example.org,(839)865-8085x504,Regular,Active,20-12-2024
1057,Luis Flynn,04-10-2002,Female,New Vincentside,Georgia,phall@example.com,473.402.9046,New,Active,13-05-2024
1058,Ashley Thomas,28-02-1989,Female,Zacharyside,Michigan,dmontgomery@example.org,(360)977-7464x92011,Regular,Active,21-11-2021
1059,Mrs. Diana Leon,06-07-1974,Female,Sarahfort,Washington,morganmichele@example.com,001-532-529-4207x851,VIP,Active,16-01-2026
1060,Karen Mcmillan,20-07-1978,Female,Port Kellyland,Colorado,jonathan58@example.org,001-953-315-1880x9758,Regular,Active,07-11-2024
1061,Guy Gillespie,29-05-1964,Male,Robertmouth,Washington,karen86@example.org,491-860-3478x693,Regular,Active,16-09-2021
1062,Matthew Roberts,21-08-1990,Male,North Mary,Illinois,michael62@example.org,001-574-648-1867,Regular,Active,22-06-2023
1063,Kelly Schmidt,20-07-1956,Male,Lake Jasonborough,Pennsylvania,gregorymclean@example.org,+1-318-796-1288x1109,Regular,Active,21-01-2024
1064,Katherine George,20-06-2009,Female,Richardsfurt,Virginia,parkerjackie@example.org,(598)536-3892x7232,Premium,Active,19-06-2023
1065,Erin Jenkins,21-10-1991,Male,Nicolefort,Florida,farmermonica@example.org,+1-594-989-8699x65399,Premium,Active,14-02-2023
1066,Tracie Harris,04-01-1984,Male,South Randyfort,Michigan,jeffery01@example.net,740.367.3427x65624,VIP,Active,05-09-2021
1067,Christine Brown,25-04-1959,Female,East Cheryltown,Washington,jasonhenson@example.com,(493)959-4511x5540,New,Inactive,09-08-2021
1068,Kenneth Johnson,22-09-1962,Female,North Chase,Massachusetts,lisa30@example.org,6333940825,Premium,Active,09-12-2023
1069,Raymond Lopez,18-02-1993,Female,West Ericfort,Texas,tanner06@example.net,+1-613-463-1958x53769,Regular,Active,31-07-2022
1070,John Clark,28-07-1961,Female,New Lauratown,Illinois,johntanner@example.net,001-395-691-1808x0180,Regular,Inactive,06-03-2024
1071,Jennifer Harris,12-05-1996,Male,West Nicolasshire,Florida,ellisjessica@example.net,-7677,Regular,Active,26-10-2021
1072,Danielle Gallagher,06-08-1964,Female,North Kelsey,Florida,ghorton@example.com,981.496.7074,New,Active,08-01-2022
1073,Tammy Pierce,29-02-1988,Female,Vincentmouth,Oregon,james01@example.org,579.922.6275x7867,Premium,Active,15-08-2024
1074,Brian White,08-11-1951,Male,Brooksfort,Texas,laurensullivan@example.org,(478)998-7710,Regular,Inactive,11-08-2023
1075,Natalie Lopez,14-11-1990,Male,Whitneyfurt,New York,ann34@example.org,+1-620-202-2049x4043,Premium,Active,20-11-2021
1076,Allison Simmons,05-03-1977,Female,East Tamaramouth,Ohio,katherinejackson@example.com,-3659,Regular,Active,10-03-2023
1077,Holly Lopez,13-12-1956,Female,Debrashire,Washington,alicia45@example.org,527-447-0188,Regular,Inactive,19-10-2024
1078,Amber Mckinney,02-08-1993,Female,South Brandonburgh,New York,margaret78@example.net,212.423.1899x385,Regular,Inactive,12-08-2021
1079,Miguel Wilson,23-01-1961,Female,Guzmanside,Virginia,umurphy@example.com,491.746.1669x40401,Regular,Active,27-09-2025
1080,Tiffany Ryan,22-01-1963,Female,Bakerton,Pennsylvania,rachel88@example.com,976.849.4258x3420,Regular,Active,20-10-2021
1081,Chelsea Singh,23-03-1995,Male,Samanthaborough,Georgia,bryanjennifer@example.com,(898)452-5341x257,New,Active,04-08-2021
1082,Dylan Caldwell,17-11-1963,Female,Leeberg,North Carolina,elizabethcarr@example.com,5884744985,Regular,Active,06-12-2021
1083,Jonathan Walker,04-08-1974,Male,North Charlesville,Washington,weaveramanda@example.com,888-527-5274x1831,Regular,Active,16-05-2023
1084,Robert Waters,24-04-1988,Female,East Johntown,Georgia,watkinsjasmine@example.org,487.906.5734x0029,Premium,Active,27-07-2023
1085,Lisa Richards,28-12-1998,Male,Amyside,North Carolina,gregory61@example.com,945-248-3710x622,Premium,Active,29-10-2021
1086,April Duke,08-04-1977,Female,Willisview,Texas,ocortez@example.com,(410)428-0575,New,Inactive,27-05-2023
1087,Kim Brown,26-01-2003,Female,Birdville,North Carolina,fruiz@example.org,-3083,VIP,Inactive,11-09-2023
1088,Denise Farmer,21-09-1994,Female,Bryanland,Massachusetts,beckersusan@example.com,(336)686-3898x923,Regular,Active,19-04-2026
1089,Patrick Mullins,05-04-1966,Female,Lorifort,Colorado,hstewart@example.net,233-331-9388x5426,Regular,Inactive,20-10-2021
1090,Mary Cantrell,28-02-1955,Male,South Devinbury,Oregon,joseph24@example.org,650-748-7637,VIP,Active,27-06-2025
1091,Anne Duke,02-03-1986,Male,Williamsonstad,Texas,gibsonrose@example.net,(643)561-6546,New,Active,03-01-2025
1092,Deborah Perez,28-09-2006,Male,North Dylan,Arizona,rogerlawrence@example.net,(601)751-4884,Regular,Active,03-01-2024
1093,Shane Mack,02-10-1964,Female,Gonzalezborough,Oregon,villanuevajennifer@example.org,001-292-931-4385x87941,VIP,Active,11-03-2024
1094,Sean Nelson,05-09-1986,Female,Sallyland,Texas,sarah37@example.org,(581)988-7932x598,Regular,Inactive,15-05-2026
1095,Mr. Nicholas Jackson,06-05-2000,Female,Clarktown,Illinois,bpierce@example.com,001-398-210-1481x0248,New,Inactive,08-11-2021
1096,Morgan Carr,13-03-1995,Male,East Robertstad,Pennsylvania,holdensharon@example.com,721-893-0944,New,Active,01-04-2026
1097,Matthew Miller,10-11-1982,Female,Lake Michele,Georgia,tyler46@example.com,+1-648-348-7751x247,Premium,Active,08-05-2023
1098,Sarah Craig,06-08-2005,Male,Lake Davidshire,New York,lwalker@example.org,673.340.2061,Regular,Inactive,23-03-2026
1099,Tonya Garcia,24-07-2004,Male,South Christinaland,North Carolina,angelasilva@example.com,924.833.7187x3471,Regular,Active,29-03-2022
1100,Bryan Johnston,08-01-1965,Female,West Michaeltown,Texas,qespinoza@example.com,+1-840-599-7981x3140,Regular,Active,15-10-2022
1101,Jonathan Freeman,22-05-2002,Female,East Christianhaven,Arizona,amandahall@example.org,947.417.5890x4927,VIP,Inactive,02-02-2026
1102,Sean Cameron,28-08-1986,Female,West David,Virginia,patrickmiller@example.org,3383676173,Regular,Active,16-04-2024
1103,Lisa Hall,01-08-1996,Female,Williamville,Massachusetts,joshuarodriguez@example.org,(702)710-9441,Premium,Active,01-08-2021
1104,Tonya Raymond,27-05-1983,Male,Lake Jessica,Virginia,smithbobby@example.org,(875)686-8233x3591,Regular,Active,30-09-2025
1105,William Barrett,27-05-1999,Male,Reneeburgh,Georgia,amanda85@example.org,9869580764,Regular,Active,02-12-2022
1106,Curtis Lambert,28-06-1955,Male,Maryburgh,Texas,rfox@example.org,+1-732-733-8371x56103,Regular,Active,08-05-2024
1107,Christina Eaton,14-01-1951,Male,Lake Kelly,Illinois,scott70@example.com,(581)612-0972,Regular,Active,25-09-2022
1108,Anthony Bell,16-02-1981,Female,North Ryan,Massachusetts,williamskim@example.org,(952)398-9413,Regular,Active,17-09-2024
1109,Luke Sherman,12-10-1987,Male,Larryfurt,North Carolina,geneallen@example.org,298.881.3450x61820,Regular,Inactive,28-06-2025
1110,Olivia Gill,14-11-1962,Female,Karenfurt,Ohio,jonathanbarker@example.net,229.418.4840x424,Regular,Active,26-05-2026
1111,Timothy Brown,29-02-1976,Female,Tonyahaven,Georgia,ryanpeter@example.com,636.599.0902x431,Regular,Inactive,30-10-2025
1112,Luis Newman,16-05-1962,Male,East Williamberg,Virginia,ihamilton@example.org,444.467.8210,Premium,Active,06-08-2025
1113,Rebecca Harris,25-05-1993,Male,Jeannestad,Colorado,hollyroberts@example.org,-7912,New,Active,21-11-2025
1114,Emily Powers,08-10-1991,Male,Fordview,Ohio,rwilliams@example.net,352.601.8524,Regular,Active,20-12-2023
1115,David Roberts,27-05-1985,Male,Kelseyton,Massachusetts,medinamegan@example.com,(766)778-8781x3105,Regular,Active,12-10-2021
1116,Meredith Horton,01-11-1987,Male,Matthewland,Georgia,daryl27@example.org,+1-387-750-2596x6524,Premium,Inactive,13-12-2021
1117,Steven Lewis,13-11-1989,Male,Maryborough,Illinois,fosterelizabeth@example.org,347-336-8589x8103,Regular,Active,18-06-2023
1118,Patrick Blackburn,27-02-1991,Male,Port Richard,Oregon,jonathan35@example.com,-2050,Regular,Active,16-03-2024
1119,Marie Newman,06-05-1974,Female,West Shannon,North Carolina,ffloyd@example.org,385.710.3535x45049,Regular,Active,06-10-2021
1120,Seth Carpenter,11-09-1993,Female,Lake Christopher,Texas,christopher73@example.org,+1-260-915-1381x28089,Regular,Active,29-05-2025
1121,Ryan Thomas,26-10-1994,Female,Port Williamview,Ohio,matthewhaas@example.net,(499)909-9675x565,Premium,Active,22-07-2022
1122,Amanda Hall,08-06-1967,Female,East Wendy,North Carolina,matthew77@example.com,+1-278-843-7977x30403,Premium,Active,21-05-2026
1123,John Ballard,21-02-1972,Male,Carterborough,Georgia,lisareeves@example.net,001-273-975-7157x5198,New,Active,18-07-2025
1124,Evan Edwards,14-02-1951,Male,South Josephmouth,Pennsylvania,cruzwayne@example.net,255.432.3909,Premium,Active,22-09-2024
1125,Teresa Boyer,13-01-1967,Female,Samanthaport,Oregon,garzaryan@example.net,4513802949,New,Active,30-07-2021
1126,Mark Jordan,03-07-1987,Male,Kimberlymouth,Pennsylvania,wmcdonald@example.net,607-971-1563x043,New,Inactive,03-05-2024
1127,Donna Miller,25-07-1972,Female,West Taylor,Illinois,ojohnson@example.net,(544)207-6640,Regular,Active,12-02-2025
1128,Valerie Yates,28-12-1958,Male,Shannonville,Washington,summer25@example.org,001-927-628-7240x92157,Regular,Active,04-11-2021
1129,Katherine Terrell,02-07-1995,Male,Lake Loribury,North Carolina,zacharyweaver@example.org,-5458,Regular,Active,31-08-2023
1130,Lori Vance,25-01-1979,Female,South Laurie,Arizona,hendersonaustin@example.com,-8513,Regular,Active,14-09-2022
1131,Patrick Carter,03-04-1961,Female,Vanessafort,Florida,mary04@example.com,(348)568-2222,Regular,Active,23-09-2023
1132,Brenda Pugh,25-07-1952,Male,Robinsonborough,Arizona,matthewanderson@example.com,682-364-3004,Regular,Active,02-01-2025
1133,Hannah Jackson,18-03-1966,Female,Chadfort,Virginia,williamskimberly@example.net,963.265.8382x94100,Regular,Active,28-03-2023
1134,Cindy Mosley,20-08-1953,Male,Petersonmouth,Virginia,maguirre@example.net,+1-596-783-9311x2197,Premium,Active,18-05-2023
1135,Lisa Harrell,29-09-2002,Male,Lake Gregoryfort,North Carolina,harrischristopher@example.org,857.496.9145,Regular,Active,07-07-2023
1136,Mark Gould,16-10-2000,Male,Millertown,Colorado,toddwood@example.org,445-864-3435x71644,Regular,Active,17-07-2024
1137,Randy Obrien,03-02-1979,Female,West Jeremy,Massachusetts,fmartin@example.com,(967)262-7438x478,Premium,Inactive,16-12-2021
1138,Christopher Stewart,10-08-1996,Male,West Julia,Pennsylvania,qmartinez@example.com,7817649717,New,Active,05-04-2023
1139,David Watson,06-08-1987,Male,West Brandonfort,Texas,kevingibbs@example.net,493-326-3961,VIP,Active,08-09-2021
1140,Ryan Rivera,08-07-2001,Female,Woodport,Colorado,sherrybrown@example.com,224.393.6124x591,New,Active,04-10-2022
1141,Jimmy Powell,10-12-1956,Male,Amychester,California,joeltate@example.net,001-935-242-7494,New,Active,16-10-2025
1142,Paula Mcdowell,28-07-1962,Female,North Jaclynshire,Colorado,rachel79@example.net,+1-429-680-9744x00983,VIP,Active,26-01-2026
1143,Christopher Rollins,15-06-1996,Male,Port Markshire,Washington,adennis@example.net,(763)209-6754x2664,VIP,Active,24-09-2021
1144,Steven Garcia,19-04-2010,Female,Nunezside,Ohio,elizabethgonzales@example.org,(946)811-3790,Regular,Active,04-08-2024
1145,Dennis Wolf,06-11-1983,Male,Port Shawnfort,Washington,aperez@example.net,683-519-3713x566,VIP,Active,28-08-2024
1146,Carlos Rivera,07-07-1968,Female,Port Kristi,Massachusetts,wendy65@example.net,(673)627-3572,Premium,Active,23-01-2022
1147,Richard Gomez,10-11-1972,Female,Rachelshire,Virginia,gina31@example.net,492-600-8185,Regular,Active,05-12-2023
1148,Debra Craig,26-04-1961,Female,East Meganmouth,California,christina21@example.org,(916)636-4799x8318,Regular,Active,14-04-2026
1149,Kevin Garcia,19-11-1951,Female,Burkeburgh,California,alex18@example.net,505-983-3591x842,Regular,Active,14-02-2024
1150,Deborah Warren,26-07-1966,Female,Lake Kelly,Ohio,kford@example.org,(597)691-3386x299,New,Active,02-10-2024
1151,Sarah Bowen,16-09-1999,Male,Keithchester,Georgia,ochoavictoria@example.com,(759)915-4866,Regular,Active,13-05-2023
1152,Douglas Thompson,19-11-1974,Male,East William,Illinois,madison94@example.org,862-471-9150x101,Regular,Active,14-04-2026
1153,Darryl Smith,20-03-2001,Female,Carmenborough,Michigan,imccormick@example.com,(903)380-5886x585,Regular,Inactive,13-01-2024
1154,David Lopez,10-08-1982,Male,Hardinfort,Illinois,stephanie27@example.com,573-805-4544x95831,Premium,Inactive,14-12-2022
1155,Jodi Young,18-09-1955,Male,North Jeffrey,Illinois,eddiebates@example.org,(283)405-7233x32882,Regular,Active,10-10-2025
1156,Lauren Golden,13-07-1965,Female,Angelaton,Colorado,dayjane@example.com,944.804.7092x75944,Regular,Active,28-03-2026
1157,Christopher Price,04-03-1990,Male,Lake Kara,Illinois,alison55@example.com,401-676-0581x34001,New,Active,14-09-2025
1158,Erin Jackson,01-04-1961,Male,Port Emily,Ohio,burkegabriel@example.com,001-856-908-5865x1196,Regular,Active,27-09-2024
1159,Shelley Edwards,28-01-1981,Male,Brianstad,New York,aaronbarry@example.net,+1-415-625-8033x0823,Regular,Active,23-09-2024
1160,Jim Morrison,23-06-1978,Male,Victorialand,Massachusetts,heidi57@example.org,878-979-8354,Premium,Inactive,16-02-2026
1161,Jocelyn Hutchinson,14-11-1991,Female,New Jameshaven,New York,thompsonjohn@example.net,8196922138,New,Active,28-03-2024
1162,Christopher Armstrong,25-05-1970,Female,Anthonymouth,Oregon,martinezjohn@example.net,+1-420-202-9350x11850,Regular,Active,27-06-2023
1163,Lance Stevenson,26-07-1985,Male,Wilcoxchester,Ohio,dthomas@example.net,001-249-511-7797,Regular,Inactive,15-03-2024
1164,Ryan Martin,04-03-1995,Female,Freemanchester,Texas,dsmith@example.org,733-230-9670,Regular,Active,09-01-2024
1165,Mary Reese,06-06-1986,Male,Dixonshire,Pennsylvania,warrenjames@example.org,815-354-6176,Premium,Inactive,18-04-2022
1166,Nancy West,03-12-1950,Male,Carterstad,Pennsylvania,myersjohn@example.net,001-313-298-1017x4396,Regular,Active,20-03-2023
1167,Jordan Duncan,27-11-1987,Female,Lewisshire,Colorado,nrasmussen@example.net,482.825.6812,Premium,Active,23-06-2025
1168,Shannon Jackson,05-11-1988,Male,South Jenny,Illinois,vbrown@example.net,(647)626-8832x220,Regular,Active,23-01-2022
1169,Alexis Petty,08-12-1988,Male,New Heather,California,zdavis@example.net,+1-241-461-0673x01716,Premium,Inactive,17-01-2026
1170,Patricia Serrano,13-11-1965,Male,Port Cherylmouth,Massachusetts,wrightkim@example.org,995.343.5295x51113,Regular,Active,08-03-2025
1171,Miranda Morse,29-09-1964,Female,Davidmouth,Oregon,thompsonnicholas@example.org,547-770-5654x1148,Regular,Active,30-03-2023
1172,William Duncan,18-02-2001,Male,Jenkinsborough,Washington,bellalan@example.net,257.842.8815x161,New,Active,15-02-2026
1173,Michael Wright,19-05-1970,Male,Zacharyfort,California,smann@example.com,(624)431-6150x127,New,Active,13-10-2024
1174,Laurie Cross,22-07-2002,Female,Lesliechester,Michigan,jonestimothy@example.org,546-658-6833,VIP,Active,15-01-2024
1175,Maria Burton,06-01-1984,Female,Christianland,Michigan,emassey@example.org,642.934.1263x044,New,Inactive,05-10-2021
1176,Tina Murphy,16-01-2003,Female,West David,Texas,lmurphy@example.net,601.625.8701x244,Regular,Active,27-08-2021
1177,Donald Smith,12-07-1975,Female,Susanfort,Arizona,aaron90@example.net,566.420.4987,Premium,Active,18-07-2022
1178,Renee Deleon,05-12-1964,Male,Martinezside,Florida,angelaharris@example.com,794-809-3164x9099,Premium,Active,11-08-2024
1179,David Harper,17-08-1966,Female,North Maryview,Michigan,whitneyjames@example.com,001-883-940-1740x471,New,Active,04-07-2022
1180,Joann Baker,13-11-2007,Female,North Samueltown,Pennsylvania,wilsonnicholas@example.org,883.290.0853,New,Inactive,19-12-2021
1181,Emily Barrera,25-06-1960,Male,Joshuaton,Pennsylvania,freyes@example.org,807-290-7724,Premium,Active,05-12-2022
1182,Luis Hudson,21-06-1972,Female,North Michaelshire,Arizona,kathryncannon@example.org,(495)229-5925,Regular,Active,22-08-2021
1183,Brian Davis,28-05-1952,Female,South Lisa,Massachusetts,adammiller@example.com,+1-258-870-7476x98179,Regular,Active,26-03-2024
1184,Dennis Saunders,10-02-1961,Female,East Cindy,Michigan,rebeccafinley@example.com,(313)388-8959x56619,Regular,Inactive,30-10-2022
1185,Jonathan Gibson,28-06-1978,Female,South Arthurport,Virginia,patellindsey@example.org,001-444-778-9659x537,New,Active,11-06-2025
1186,Rebecca Houston,11-10-1985,Male,Lawsonport,Arizona,crystal51@example.com,957.378.6915x43587,Regular,Inactive,18-04-2024
1187,Brian Pratt DVM,03-09-1995,Male,Morrowbury,Massachusetts,neil28@example.com,883-489-6418x814,Premium,Active,23-12-2022
1188,Ian Obrien,14-05-1996,Male,West Faith,Michigan,williamsonandre@example.org,814-748-5257x505,VIP,Active,10-12-2021
1189,Robert Higgins,07-06-1978,Female,Aliceburgh,California,johncowan@example.org,+1-743-919-5191x74322,Regular,Inactive,04-06-2024
1190,Vernon Martinez,18-08-2001,Male,Millerchester,Georgia,bhernandez@example.com,(552)333-3694,Regular,Active,03-04-2023
1191,Ronald Davis,08-01-1985,Male,Gonzalezmouth,Arizona,bryanstewart@example.net,001-905-772-6076x7737,Regular,Inactive,04-12-2021
1192,Christine Dixon,18-06-1979,Male,Smithside,Illinois,murphybryan@example.net,328.773.0473x145,Premium,Active,22-06-2025
1193,Heather Benton,28-08-1988,Male,Barkerstad,Michigan,frodriguez@example.com,(447)328-9190,Regular,Active,28-03-2023
1194,David Velasquez,17-07-1992,Male,West Haley,Virginia,escobarvalerie@example.com,365.283.9934x4189,New,Active,22-09-2021
1195,Paul Lee,08-09-1963,Female,West Katrinaside,Texas,ganderson@example.org,622.799.5331,Regular,Inactive,27-10-2021
1196,Christina Shelton,07-01-1975,Female,Laurenport,Florida,paultammy@example.com,673.204.2432x12345,Premium,Active,20-06-2025
1197,Johnny Lynch,05-02-2004,Female,Davishaven,Georgia,bjackson@example.net,+1-555-402-5791x044,Regular,Inactive,15-11-2021
1198,Dylan Smith,25-03-1977,Female,West Justin,Texas,judycarlson@example.org,3937642172,Premium,Active,08-01-2026
1199,John Keith,27-06-2003,Female,Katieshire,Virginia,matthewgarcia@example.net,607-647-0100x2059,VIP,Inactive,12-10-2023
1200,Alyssa Wilkinson,09-05-1951,Female,East Zacharyborough,Ohio,zmorrison@example.org,001-297-293-4537x40723,Premium,Active,11-12-2021
1201,Michael Medina,16-07-1956,Female,Williamville,Colorado,rpearson@example.com,(278)919-0055x0393,New,Inactive,27-12-2023
1202,Teresa Campbell,31-10-1991,Female,Ingramchester,Virginia,jasonelliott@example.net,206-470-8782,Regular,Active,12-10-2022
1203,Meagan Krause,06-03-1980,Female,New Lukestad,New York,nancyschmidt@example.org,215-398-3080x43525,Premium,Active,14-02-2024
1204,Jason Patton,11-03-2003,Female,New Jamesstad,Ohio,nflores@example.net,419-281-0626x4651,Regular,Active,26-11-2022
1205,John Shaw,23-04-1993,Female,Weberfort,New York,barbara28@example.org,001-791-440-5501x389,New,Active,02-07-2022
1206,Shawn Williams,22-03-1975,Female,South Andrea,Washington,ghughes@example.com,962.228.0829x98527,Regular,Active,01-12-2025
1207,Misty Yates,11-09-2004,Female,Aaronport,California,robertrobinson@example.com,(508)603-1998,Regular,Active,23-10-2025
1208,David Morales,05-10-1951,Female,Port Jeffreyborough,Pennsylvania,matthewturner@example.org,001-441-656-1375x173,Premium,Active,29-12-2021
1209,Joseph Lane,28-11-1971,Female,Millschester,Virginia,upatel@example.net,(976)759-7286x95327,New,Active,30-08-2023
1210,Cassandra Sanchez,07-09-1993,Male,West Graceland,Massachusetts,michele83@example.net,(249)592-3267x113,Regular,Active,08-03-2026
1211,William Long,26-03-1978,Female,South Candacehaven,North Carolina,jenniferbridges@example.com,653.227.8667x05768,Premium,Active,25-08-2021
1212,Douglas Perry,22-01-1999,Female,Vazquezmouth,California,lisathomas@example.org,253-861-1305,Regular,Active,05-04-2025
1213,Matthew Johnson,08-08-1967,Male,East Sheila,North Carolina,ronaldchandler@example.net,381-579-8956,Premium,Active,25-07-2022
1214,Kayla Taylor,13-05-1982,Male,Timothyside,Georgia,bshaffer@example.org,(874)436-7188,Premium,Active,08-07-2023
1215,Tyler Bush,29-09-1999,Male,North Karenside,Michigan,kendrajackson@example.com,(923)727-3774,Regular,Active,26-05-2023
1216,Alfred Fisher,18-05-2007,Female,East Jamesfort,Washington,joshua56@example.net,001-390-750-1502x6704,New,Active,29-09-2021
1217,Brent Hopkins,03-06-1984,Female,New Sarahland,Massachusetts,brittany53@example.org,6889821705,New,Active,25-08-2021
1218,Angela Reed,15-04-1966,Male,Brittneyfurt,California,jenniferhodges@example.com,373.420.7753x29869,Premium,Inactive,25-04-2022
1219,Steven Mclaughlin,10-06-1980,Male,Port Tammyberg,New York,christinaturner@example.net,754.743.5521x9652,Regular,Active,26-03-2025
1220,Julie Perez,21-12-1961,Female,Shellyville,Colorado,qjackson@example.net,307.710.3472x216,Regular,Active,17-04-2026
1221,Stephanie Powers,21-07-1993,Male,South Ravenstad,Oregon,smithleslie@example.net,(781)635-2511x9096,Regular,Active,22-05-2025
1222,Dylan Rogers,07-10-1956,Female,Marilynberg,Illinois,frankwilliams@example.com,3604863675,Regular,Inactive,18-03-2025
1223,Angelica Wade,11-04-1958,Male,South Andrewhaven,California,robinsontony@example.net,+1-375-600-4081x2393,New,Inactive,11-04-2023
1224,Mr. Michael Henderson,07-12-2000,Female,Port Amandaport,Ohio,josephjohnson@example.com,(973)345-1100,Regular,Active,08-09-2023
1225,Thomas Martinez MD,16-11-1995,Male,North Courtney,Massachusetts,bradley39@example.com,3617438124,New,Active,06-05-2023
1226,Kimberly Cooper,19-06-2002,Male,West Josephland,Ohio,timothybush@example.com,+1-298-979-5117x65385,Regular,Active,24-06-2024
1227,Chase Nguyen,11-05-1975,Male,Rileyhaven,Ohio,carolyndavis@example.net,881-380-0819x111,Regular,Active,23-10-2022
1228,Nicole Hines,12-05-1986,Male,East Mary,Virginia,daniel70@example.org,(689)234-5582x31469,Regular,Active,07-05-2025
1229,Brandon Torres,09-10-1954,Male,Lake Michael,Texas,jennifergonzalez@example.org,+1-956-537-5540x23589,Regular,Active,16-03-2023
1230,Joseph Mcguire,09-09-1959,Male,Christianland,North Carolina,heather52@example.net,001-288-635-7344x0074,New,Active,11-01-2026
1231,Mr. Larry Peck,14-05-1956,Male,New Trevor,Virginia,trevorbaker@example.com,001-295-635-3203,Premium,Active,21-02-2023
1232,Phillip Burgess,14-06-1989,Female,East Ericshire,Texas,uthomas@example.org,930-974-5023x0866,Regular,Active,24-12-2022
1233,Thomas Smith,27-02-1963,Male,West Kevin,Pennsylvania,kennethgonzales@example.net,-5446,New,Active,28-10-2021
1234,Theresa Smith,09-06-1957,Male,Port Samanthafort,Ohio,jonesamanda@example.org,757-245-9668x166,Regular,Active,23-07-2022
1235,Teresa Cabrera,30-06-1959,Female,Ericfurt,Florida,edwardturner@example.com,(807)296-1915x214,Regular,Active,02-06-2023
1236,Jacob Dillon,01-06-1999,Female,Josephmouth,Florida,ericreyes@example.com,+1-310-821-7714x008,Premium,Inactive,29-04-2023
1237,Natalie Carter,21-08-2008,Male,West Edward,Illinois,nicholas50@example.com,782-782-6617x8300,Regular,Active,30-05-2025
1238,Benjamin Miller,30-10-1989,Male,West Matthew,Oregon,william97@example.com,001-889-542-3058x4113,New,Active,09-07-2023
1239,Keith Raymond,19-06-2006,Female,Jasonshire,New York,abennett@example.org,001-986-666-1834x22629,New,Active,31-07-2023
1240,Elizabeth Ortiz,23-02-2010,Male,Port Allenfurt,Texas,amandamyers@example.org,546-766-9267x22127,Regular,Active,23-12-2025
1241,Becky Garner,10-02-1989,Male,Cynthiaburgh,New York,sotosarah@example.com,715-360-7571x2028,Premium,Active,13-06-2025
1242,Glenda Berg,17-12-1998,Male,East Nicole,Colorado,laura54@example.net,880-835-7981,Regular,Active,06-06-2023
1243,Robert Vasquez,18-05-1968,Female,Meganport,Michigan,jonathan51@example.com,(683)623-7468x830,Premium,Active,18-08-2022
1244,Christine Manning,06-12-1972,Female,West Maureenchester,California,alicia79@example.com,507-998-9751,Premium,Active,22-05-2022
1245,Victoria Lee,02-11-1986,Male,North Monique,Georgia,erindelgado@example.net,7807093282,Regular,Active,03-09-2024
1246,Carl Payne,30-10-1981,Female,Tonymouth,Massachusetts,tannerwebb@example.com,(836)614-0475x7043,Regular,Active,04-12-2022
1247,Jennifer Sanchez,20-08-1960,Female,Williamland,North Carolina,dchang@example.com,973-751-3486x37411,Regular,Active,15-03-2023
1248,Nathan Martinez,02-06-1955,Female,South Max,Florida,adavis@example.net,200.582.5452x7150,Regular,Active,12-12-2024
1249,Taylor Harris,12-04-1961,Male,North Ashley,Michigan,adam31@example.org,(563)221-9291x19914,New,Active,29-06-2023
1250,Kathleen Chambers,17-11-1963,Female,Carrbury,Michigan,fmahoney@example.com,(381)618-4573x900,Regular,Active,08-09-2022
1251,Kaylee Faulkner,30-09-1977,Female,East Katie,Pennsylvania,yolanda91@example.org,674.950.9933x35159,Regular,Inactive,30-06-2025
1252,Megan Kidd,28-11-2001,Female,Robertville,Illinois,holmestrevor@example.org,(499)484-0979,Regular,Active,16-04-2025
1253,Darren Frederick,02-11-1965,Male,West Thomastown,California,vlowe@example.net,7989939769,Premium,Active,01-07-2023
1254,Brittany Turner,16-09-1963,Male,Perkinsland,Florida,kimberly71@example.org,-5864,Regular,Active,27-09-2023
1255,Jenna Thornton,07-01-1975,Male,North Travisville,North Carolina,hollowaymarc@example.org,654-430-9440,Premium,Active,10-07-2023
1256,Stephanie Foster,09-03-1966,Female,West Stevenview,Ohio,zwilson@example.com,(590)887-0044,Premium,Active,19-02-2022
1257,James Diaz,30-03-1968,Female,Victorton,Ohio,emilysullivan@example.org,869-851-0410x193,New,Active,24-11-2025
1258,Ryan Watson,19-12-1989,Male,Dianeland,Illinois,ochoarebecca@example.org,+1-550-287-7995x81987,Regular,Active,04-11-2023
1259,Michael Herrera,12-07-1999,Male,Port Samuelfort,Illinois,donna93@example.net,862-730-8398x073,Premium,Active,20-06-2025
1260,Brad Haynes,26-03-1961,Male,South Wayne,New York,kharris@example.org,001-919-742-8514x4909,VIP,Active,24-06-2022
1261,Grace Carter,11-11-1985,Male,South Derekfort,California,hcarey@example.net,295-981-2265x0900,Regular,Inactive,02-01-2022
1262,Brandon Mcdonald,24-10-1995,Male,West Cassandraton,Arizona,ztate@example.net,(344)587-8724,New,Active,14-05-2024
1263,Timothy Jackson,25-04-1960,Female,Brittanystad,Georgia,zjordan@example.org,358-964-2647,Regular,Active,30-07-2024
1264,Derek Parker,01-04-1971,Female,West Andrewstad,Illinois,rvargas@example.net,001-249-555-0805,Regular,Active,06-09-2025
1265,Brenda Delacruz,04-02-1951,Male,Kennethstad,Michigan,samanthasims@example.org,7267765272,Premium,Active,16-07-2023
1266,Michael Anderson,10-11-2001,Male,Brendamouth,Oregon,campbellwilliam@example.com,529.622.2944,Regular,Active,16-11-2025
1267,Zachary Mckenzie,04-03-1957,Male,Stephaniefort,Arizona,amber81@example.org,693-328-4530,Regular,Active,24-03-2026
1268,Rebecca Jordan,02-11-1958,Female,Gonzalesland,Massachusetts,kennethsims@example.com,001-916-694-8332,Premium,Active,30-12-2024
1269,Timothy Smith,25-05-1969,Female,West Andrew,Arizona,rramos@example.net,001-238-617-1886x634,Regular,Inactive,21-08-2023
1270,Logan Ochoa,08-12-1967,Male,Wademouth,Michigan,bethany40@example.com,(214)930-7835,Regular,Active,22-06-2023
1271,Tiffany Cooper,10-07-1998,Male,Williamsport,Pennsylvania,nathan90@example.org,001-701-969-6125x545,New,Active,02-01-2022
1272,Levi Bernard,23-04-1957,Female,East David,Massachusetts,lzavala@example.com,371.941.8110,Regular,Active,12-08-2022
1273,Peggy Paul,06-02-1984,Male,Smallbury,North Carolina,scott76@example.com,650-743-8274,New,Active,16-06-2024
1274,Timothy Walker,07-08-1999,Female,East Williamfurt,Massachusetts,ortegascott@example.org,7976322566,Premium,Active,19-08-2022
1275,Eric Norton,29-04-1989,Male,South Melissa,Washington,owebb@example.com,5239598987,Regular,Active,27-06-2024
1276,Sean Jenkins,18-09-2009,Female,North Anna,North Carolina,jacksonmiranda@example.net,+1-299-893-3927x679,Regular,Active,03-09-2022
1277,Jennifer Potts,14-02-1953,Male,Lake Jamie,Virginia,kelly24@example.org,283-812-6161,Regular,Active,14-04-2023
1278,Matthew Daniels,07-07-1980,Female,Christopherborough,Texas,sweeneykerri@example.net,+1-620-986-9574x940,Premium,Inactive,19-09-2024
1279,Christopher Coffey,25-07-1981,Female,Stokesshire,Pennsylvania,williamsonchristopher@example.net,001-204-977-4997x826,Regular,Active,26-07-2023
1280,Cole Martinez,07-07-1981,Male,Johnsonburgh,Ohio,shannonwagner@example.org,+1-244-274-4453x2352,Premium,Active,13-04-2024
1281,Susan Bonilla,23-01-1970,Male,Leestad,North Carolina,jwashington@example.net,348.392.7828x3872,Regular,Inactive,25-01-2023
1282,Megan Benson MD,30-06-1975,Male,Port Randallmouth,Oregon,whiteregina@example.org,479.416.8643x8226,Regular,Active,12-09-2025
1283,Michael Bryant,01-12-1983,Female,Myersland,New York,jenniferjohnson@example.org,(678)393-9173x88428,Regular,Active,17-09-2022
1284,Sarah Powell,26-08-1976,Female,South Brandonmouth,Michigan,caitlynburch@example.com,+1-526-280-2812x289,New,Active,29-06-2024
1285,Anne Gomez,25-12-1989,Male,North Paulchester,Colorado,ricebrian@example.org,495.782.4825,VIP,Active,12-03-2024
1286,Carlos Clements,24-11-1958,Male,Lake Russellfurt,Washington,hernandezmegan@example.com,333.511.2537,Regular,Active,13-12-2023
1287,Emily Taylor,26-06-1951,Male,East Kimberg,Georgia,wadejohnathan@example.net,969.261.5490x450,Regular,Active,24-02-2025
1288,Jennifer Smith,10-06-2000,Male,Christopherville,Arizona,angelguerra@example.net,001-922-212-9307x33284,Regular,Active,02-10-2021
1289,Charles Rivas,02-06-2005,Male,Walkerborough,North Carolina,robertfletcher@example.com,001-202-242-7560x513,Regular,Active,25-07-2024
1290,Katherine Scott,17-12-1982,Female,Lewisfurt,New York,vschwartz@example.com,956-389-9120,Regular,Active,11-02-2024
1291,Kara Henry,01-03-1961,Male,Baileychester,Pennsylvania,chapmankristy@example.org,542.397.0012x831,Regular,Active,09-10-2021
1292,Dr. Adam Hudson,12-01-1979,Female,Port Whitney,Oregon,suzannefitzgerald@example.net,(601)910-5015,New,Active,09-12-2021
1293,Alexander Williams,08-07-1964,Male,Danielfort,New York,omitchell@example.com,645.326.2031x38664,Regular,Active,13-11-2021
1294,Alicia Arnold,08-11-1951,Female,Schneiderburgh,North Carolina,tiffanymoreno@example.org,459.351.0369x6780,Regular,Active,05-12-2025
1295,Daniel Mckinney,28-10-1978,Male,Port Michael,Arizona,vmorris@example.org,(964)802-6606,Regular,Active,19-08-2024
1296,Cameron Smith,06-03-1974,Female,Kimport,Pennsylvania,ashley78@example.com,329.837.3240x931,New,Active,16-07-2023
1297,Micheal May,04-05-1998,Female,Lake Kelsey,Pennsylvania,danny70@example.com,(547)268-0588x4231,Regular,Active,13-05-2022
1298,Michael Elliott,05-10-1956,Female,Paynetown,Colorado,njones@example.org,001-446-660-0582x1767,Regular,Inactive,30-07-2025
1299,Kevin Lang,18-04-1952,Female,Kathrynmouth,Pennsylvania,matthew39@example.net,4327438023,New,Inactive,23-06-2025
1300,Stephen Wolfe,15-05-1970,Female,Janetton,Pennsylvania,nthomas@example.org,(508)619-6506,New,Active,01-03-2023
1301,Carolyn Montes,14-05-1954,Male,New Andrew,Florida,meganbrown@example.net,(613)734-0805,New,Active,18-12-2023
1302,Amy Myers,28-09-1978,Male,North Mark,Oregon,cheryl51@example.net,784.484.1307,Regular,Active,05-02-2026
1303,Andrew Schmidt,01-12-1987,Female,West Kyle,Massachusetts,oconnorsusan@example.net,560-901-6191x22536,New,Active,18-01-2025
1304,Natasha Durham,27-03-1996,Female,Stephaniemouth,New York,gonzalezelizabeth@example.com,001-640-779-2379x88880,Regular,Inactive,18-08-2022
1305,Dennis Hunter,12-07-1999,Male,New Karenville,North Carolina,gsanders@example.net,(920)668-3157,New,Active,22-01-2025
1306,Jessica Boone,06-11-1989,Female,New Timothyport,Michigan,christine10@example.net,652-964-0599,Regular,Active,08-12-2025
1307,Calvin Bright,03-09-2007,Female,Davidmouth,New York,deansarah@example.org,001-943-362-2897x26328,Regular,Inactive,20-01-2022
1308,Christie Jones,09-05-1994,Female,West Rebecca,Illinois,amy89@example.net,(525)392-6713x15880,Regular,Inactive,20-01-2025
1309,David Odom,26-04-1972,Female,Thomasborough,Ohio,yhayes@example.net,(205)280-2053,Regular,Inactive,13-05-2026
1310,Michael Johnson,10-03-1957,Female,South Daniel,North Carolina,davenportpeter@example.net,+1-830-312-9001x0666,Regular,Active,13-03-2024
1311,Jeffery Garcia,29-09-1963,Male,Starkfort,Pennsylvania,david28@example.com,001-705-703-5826x1215,Regular,Active,23-09-2023
1312,Carla Shelton,20-12-1962,Male,Lake Matthew,Pennsylvania,ybautista@example.com,476.985.6505,Regular,Inactive,14-11-2023
1313,Savannah Dixon,21-03-1980,Male,North Michaelberg,California,danielburke@example.org,001-219-470-7925x19340,Regular,Inactive,23-10-2024
1314,Dominic Thomas,30-10-1969,Female,Schultzview,Colorado,hornedaniel@example.net,001-305-354-7780x1208,Premium,Active,09-04-2024
1315,Julie Armstrong,16-05-2003,Female,Elizabethberg,Georgia,sdickson@example.org,8863622580,Premium,Active,26-07-2023
1316,Matthew King,31-05-1988,Male,Lake Josephfort,Ohio,brenda82@example.net,2782418015,Regular,Active,09-10-2022
1317,Kelly Castro,20-12-1990,Male,Port James,Ohio,angelica57@example.org,+1-371-821-5095x850,Premium,Inactive,11-04-2025
1318,Jennifer Randall,24-01-1979,Female,New Carrie,Illinois,carterjames@example.com,001-244-402-1027x6826,Premium,Active,10-08-2022
1319,Susan Perez,28-04-1956,Male,Richardsonfort,Illinois,xdurham@example.org,(982)719-4690x62906,Regular,Active,01-06-2022
1320,Amy Fuentes,23-03-1990,Male,South Justintown,North Carolina,howard08@example.org,(573)797-9408,Premium,Active,29-08-2024
1321,David Williams,09-08-1980,Female,Robertschester,Illinois,delacruznatasha@example.org,001-597-743-2924,VIP,Active,15-06-2024
1322,Brian Larson,27-06-1981,Female,Robinport,Ohio,angelaboyer@example.com,(805)822-2772,VIP,Active,05-09-2023
1323,Joshua Ryan,23-01-1993,Male,Johnsonfurt,Florida,hannamichelle@example.com,001-443-494-3387x019,Premium,Active,28-09-2023
1324,Kevin Marks,17-08-1977,Male,New Ashleyberg,Michigan,hsmith@example.com,373.934.3794,VIP,Active,06-11-2023
1325,Janice Turner,24-01-2006,Male,New Kellyhaven,California,yrodriguez@example.com,959-608-4717,Premium,Active,05-06-2025
1326,Victor Bennett,04-01-1967,Male,North Kristin,Pennsylvania,patrickharris@example.com,(408)968-7856x143,Premium,Inactive,31-12-2025
1327,Dawn Summers,11-06-1979,Male,Jeremyhaven,Washington,swarren@example.com,632-211-5137x254,New,Active,20-12-2024
1328,Michael Morrison,25-03-2006,Male,Shannonhaven,Illinois,neil78@example.com,666.948.0020,Regular,Active,28-07-2023
1329,Faith Williams,25-05-2010,Male,Meganburgh,California,moralesshannon@example.org,678.330.0450x48797,Premium,Active,25-10-2021
1330,Wendy Rodriguez,08-06-1993,Male,New Susan,Arizona,markrangel@example.net,(777)484-9185x6584,Premium,Active,15-12-2022
1331,Joshua Garner,19-08-1982,Male,North Samuel,Georgia,joycelutz@example.com,(810)316-9842,New,Active,26-10-2024
1332,Julie Jackson,05-09-1952,Female,Port Robert,California,douglas65@example.net,001-437-424-4973,VIP,Active,20-06-2022
1333,Eric Delgado,25-06-1957,Male,Duncanmouth,Arizona,annamitchell@example.org,001-703-782-4411x497,Regular,Inactive,12-11-2025
1334,Anthony Smith,23-07-1999,Female,New Nicholas,Illinois,steve21@example.org,001-506-346-1667,Regular,Active,13-01-2024
1335,Sarah Johnson,26-09-1955,Female,Amybury,Pennsylvania,connerlisa@example.net,001-793-345-7083,VIP,Inactive,24-01-2024
1336,Kenneth Castro,18-07-1984,Male,Monicaburgh,Michigan,bergkimberly@example.org,964.580.8569,Regular,Inactive,26-06-2024
1337,Susan West,09-02-1978,Male,Brownmouth,Illinois,alexandrazimmerman@example.org,385.459.1519x0295,Premium,Active,28-12-2024
1338,Tina Goodwin,03-12-1969,Male,Ramirezfurt,New York,morenojames@example.org,501-491-4812x0318,Regular,Inactive,02-09-2023
1339,Richard Mitchell,22-12-1958,Female,Brandonburgh,Pennsylvania,debra33@example.net,(539)781-4824x33600,Premium,Active,09-03-2025
1340,Ashley Cherry,25-11-1969,Male,West Joshua,Massachusetts,wgilmore@example.net,(547)264-1217x6155,Regular,Active,19-03-2026
1341,Stephanie Nicholson,05-04-1960,Female,East Robert,Colorado,susan61@example.net,001-254-841-5558x476,Regular,Active,18-09-2022
1342,Kim Boone,23-03-1975,Female,Port Valerie,Ohio,cochrandeanna@example.net,486-474-9170,Regular,Active,18-10-2025
1343,Olivia Rowland,21-07-1985,Male,Abigailfort,North Carolina,brandi79@example.com,915.759.7379,Regular,Inactive,01-07-2025
1344,Melanie Gutierrez,11-06-1992,Male,South Jennifer,Michigan,xgreen@example.com,001-985-950-3781x902,Regular,Active,14-10-2021
1345,Mr. Eric Anderson,09-01-1975,Female,Julieburgh,Arizona,sanchezmercedes@example.net,001-903-290-8232x534,Regular,Active,19-06-2025
1346,Anthony Carroll,12-05-1956,Male,Michaelside,Washington,kenneth65@example.com,001-660-890-6877,Regular,Active,02-01-2026
1347,Darryl Cook,08-02-1961,Female,Tiffanyshire,Michigan,dcummings@example.org,(608)454-6563x398,VIP,Active,08-01-2023
1348,Morgan Ward,30-07-1959,Male,Davisfort,Ohio,lindahill@example.net,5325324293,Regular,Inactive,15-11-2022
1349,Jacob Armstrong,11-02-1977,Female,South Robinbury,Pennsylvania,logan92@example.org,001-266-762-3556x1034,Regular,Active,30-11-2025
1350,Jonathan James,09-03-1969,Female,New James,Georgia,samanthareynolds@example.org,001-777-586-8524x03424,VIP,Active,16-10-2025
1351,Marissa Turner,25-11-1977,Male,Port Benjaminport,Illinois,lauramoore@example.net,001-945-301-3028x647,Regular,Active,07-09-2022
1352,James Armstrong,30-07-2008,Female,South Randyton,Colorado,fmartin@example.net,001-865-513-7300x93868,Regular,Active,17-11-2023
1353,Vincent Chan,06-06-1994,Male,New Maureen,Ohio,dbrown@example.org,-3380,Regular,Active,09-12-2024
1354,Mikayla Vaughn,20-02-2006,Female,Lake Michaelville,Virginia,dennismiles@example.org,272.377.6455,VIP,Active,25-10-2021
1355,Timothy Jones,07-03-1986,Male,Patriciahaven,Pennsylvania,jennifer02@example.com,(786)246-6437x04937,Regular,Active,01-11-2023
1356,Sandra Simmons,25-03-1993,Male,Salinasbury,Oregon,blynch@example.com,001-385-592-0381x9134,Regular,Active,06-03-2023
1357,Joseph Jarvis,01-11-1966,Female,New Karenstad,North Carolina,meganking@example.org,507-351-7388x688,New,Active,30-08-2021
1358,Michael Taylor,13-12-1987,Female,Nortonton,Massachusetts,hsanders@example.net,001-417-305-8805x2685,Regular,Inactive,06-08-2022
1359,James Cervantes,11-11-1960,Male,Williamsfurt,Arizona,madisonsaunders@example.com,4254874069,Regular,Active,25-01-2022
1360,Shannon Walsh,08-04-1996,Male,Port Roymouth,Texas,mark56@example.org,(740)346-6136x49371,VIP,Inactive,21-05-2024
1361,Melinda Roberson,02-06-1974,Male,Jamesburgh,Georgia,cassidyjones@example.com,303-608-0372x9203,Regular,Active,04-03-2024
1362,Tina Johnson,01-06-1986,Female,Port Jenniferchester,Florida,meghanwilliams@example.org,001-572-431-4446x1089,Regular,Active,08-07-2023
1363,Chad Palmer,06-08-1982,Male,South Scottborough,Arizona,tiffanygarcia@example.com,2074014968,New,Active,20-12-2025
1364,Jimmy Allen,23-01-1951,Male,South Chadburgh,Oregon,ywalker@example.com,220-317-3648,Regular,Active,02-12-2023
1365,Matthew Dickerson,30-03-1990,Male,Thomasberg,New York,sarahyoung@example.com,352.412.0767,Regular,Active,28-01-2024
1366,Deanna Chung,23-01-1988,Female,North Heather,California,susanjones@example.net,444.302.2353x3987,New,Active,30-12-2021
1367,Madison Davenport,12-11-1957,Male,West Amanda,Washington,ogarza@example.org,574.463.4837x7405,VIP,Active,09-10-2024
1368,Aaron Smith,07-10-2005,Female,South Williamfort,North Carolina,amandagarner@example.net,364.791.1746,Regular,Active,03-08-2024
1369,Johnathan Salas,06-06-1975,Female,Jenniferton,Oregon,marcusmitchell@example.net,001-992-687-0398,Premium,Active,11-10-2024
1370,Lisa Richardson,05-11-1983,Female,West Keith,Michigan,james07@example.net,-10703,Regular,Active,22-01-2023
1371,Travis Gibson,01-11-1969,Female,East Cassandra,Georgia,loganjared@example.org,439-245-0938x680,Premium,Active,02-07-2025
1372,Richard Winters,10-07-1954,Female,Dyerbury,North Carolina,robin86@example.net,5964555672,New,Active,17-10-2025
1373,Corey Rivers,29-08-2007,Male,Lisaview,Florida,sarah79@example.org,929-301-4580x349,Premium,Inactive,14-12-2022
1374,Anthony Bennett MD,10-12-1996,Female,Port Jim,California,breanna85@example.net,2815092653,Regular,Active,14-01-2024
1375,David Mora,17-08-2003,Male,Port Deborah,Georgia,duranlaura@example.com,427.694.3519x09284,Regular,Active,29-07-2021
1376,Raven Perez,31-08-2004,Female,Port Joshuafort,Oregon,emilystevens@example.com,467-831-0435x4862,Premium,Active,29-01-2025
1377,Paige Green,10-01-1998,Male,New Sarah,Illinois,powelljeffrey@example.com,567.787.9661,Premium,Active,10-10-2023
1378,Mary Pierce,31-07-1972,Female,Larsonburgh,California,ncarter@example.com,(698)988-9035x5733,Regular,Active,21-01-2026
1379,Sarah Mcgee,29-03-1964,Male,South Crystal,Washington,rhodesshannon@example.net,220-575-8219x40939,Regular,Active,30-05-2024
1380,Sean Weaver,29-07-1961,Male,Port Alexandra,Arizona,matthew08@example.org,+1-730-357-8465x0228,Regular,Active,31-05-2022
1381,Jacob Lamb,28-03-1982,Male,Wellsmouth,New York,thuber@example.com,344-794-6769x262,Regular,Active,25-07-2022
1382,Justin Allen,11-10-1958,Female,Hollyshire,California,bryantbarbara@example.org,249.763.9044x9515,VIP,Inactive,14-11-2024
1383,Erin Wilson,23-02-1986,Male,Robertfurt,Colorado,michele22@example.com,881-915-9284,Premium,Active,22-10-2021
1384,Stephanie Rodriguez,23-09-1988,Male,Karenmouth,New York,tammyhumphrey@example.net,743-428-5132x68207,Premium,Active,28-02-2026
1385,Barbara Contreras DDS,03-04-1989,Female,North Stephenberg,Colorado,zdougherty@example.net,389.246.8280x53163,Regular,Inactive,06-09-2021
1386,Cindy Dickerson,29-01-1995,Female,North Anna,Georgia,michellemonroe@example.com,(990)232-4224,Regular,Active,09-02-2026
1387,Dylan Mcknight,01-10-1961,Female,New Jeremyberg,Colorado,megan35@example.org,001-395-693-8505x42392,Premium,Active,24-03-2026
1388,Victoria Burnett,10-04-1982,Male,Davidfort,Texas,marie16@example.org,001-648-273-6753x4210,Premium,Active,29-06-2024
1389,Heidi Caldwell,25-10-1971,Male,Port Margaret,Illinois,johnbarnes@example.org,(786)703-2655,Regular,Active,15-12-2021
1390,Ashlee Jensen,09-08-1972,Female,South Denise,Massachusetts,michelle56@example.net,747.874.2933x6515,Regular,Active,16-12-2023
1391,Mary Stone,30-01-2004,Female,West Brooke,Illinois,xcampbell@example.net,+1-203-530-6420x8469,New,Inactive,19-02-2025
1392,Ariel Lin,27-10-1991,Male,East Loriside,New York,vsmith@example.com,(584)613-0121,Premium,Active,03-02-2026
1393,Peter Nguyen PhD,20-12-1955,Male,New John,Pennsylvania,michaelreyes@example.com,001-617-364-9003x9476,Premium,Active,11-07-2025
1394,Bryan Shaffer,11-02-1996,Female,East Miguelport,Florida,andrew63@example.com,+1-937-733-9150x8632,Regular,Inactive,02-10-2024
1395,Brittany Gutierrez,29-11-1973,Female,Donaldland,Arizona,tcooper@example.org,(203)505-8632x935,Premium,Inactive,09-06-2022
1396,Cynthia Sanchez,02-03-1964,Female,Lake Bethmouth,Massachusetts,pfranco@example.net,697.938.6183,Regular,Active,04-10-2023
1397,Spencer Sutton,02-06-2001,Male,Emilyborough,California,andrewsjill@example.com,330-627-9231x8834,Regular,Active,29-10-2021
1398,Anthony Marsh,28-09-1971,Male,Davidborough,Florida,oliverangela@example.org,+1-942-818-9378x78629,Premium,Active,10-11-2022
1399,Jerry Byrd,17-02-1981,Male,Karenville,Illinois,valerie51@example.org,637.675.3236x07817,Regular,Inactive,23-02-2022
1400,Mary Harrison,13-01-1956,Female,New Jeffery,Michigan,alexandernichols@example.net,670.240.1161x0687,Premium,Active,21-11-2025
1401,John Kline,18-12-1969,Male,Lake Andrew,New York,pramirez@example.com,(223)669-0686x699,Premium,Active,29-09-2022
1402,Renee Castillo,03-08-1959,Female,Jefferyview,Texas,alexandercarol@example.com,(928)368-2666,New,Active,25-06-2025
1403,Roger Hutchinson,18-01-1978,Male,Lake Tanya,Georgia,donna04@example.net,+1-359-339-9687x99115,Premium,Active,06-11-2025
1404,Dale Miller,10-04-1956,Female,Joelbury,Virginia,diazdean@example.net,754.864.0676x7949,Regular,Active,19-02-2025
1405,Jason Chambers,01-08-1965,Male,New Susan,Arizona,michaelhurley@example.net,346.735.4299x048,Regular,Active,17-04-2022
1406,Terry Strickland,07-04-1954,Female,Lake Marymouth,Florida,kylelevy@example.com,001-568-862-6662x36518,Regular,Active,25-02-2024
1407,Peter Alexander,03-10-1953,Female,East Dylanshire,North Carolina,florestamara@example.com,(240)360-8002,Regular,Active,07-05-2023
1408,Edward Clark,23-05-2000,Female,New Bonnie,Arizona,pamela29@example.com,(569)298-6748x79839,Regular,Active,25-02-2023
1409,Nicole Ayala,15-01-1951,Female,Mccoyland,North Carolina,perkinsstephanie@example.net,748-333-1138,New,Inactive,19-04-2026
1410,John Perez,09-03-1983,Female,Lake George,Georgia,wmoore@example.com,(900)457-2203,Regular,Active,01-07-2025
1411,Jessica Proctor,30-01-2007,Male,South Jennifer,California,bclark@example.net,001-388-329-7120x4672,Regular,Inactive,06-05-2022
1412,Steve Cruz,27-01-1953,Male,West Jacobbury,Massachusetts,hlee@example.org,001-304-214-0042x40372,Regular,Active,18-07-2024
1413,Danielle Green,17-08-1978,Male,Crossport,Colorado,robinsonbrian@example.org,001-647-512-3123x6471,Regular,Active,23-12-2021
1414,Mr. Bryan Rangel,25-10-1960,Male,Walterborough,Arizona,brianduncan@example.net,(537)351-0137,Premium,Active,30-05-2025
1415,Melissa Pacheco,19-10-1995,Female,Brittanybury,Oregon,angelaruiz@example.com,9942247462,Regular,Active,16-07-2025
1416,Gina Ross,12-06-1956,Female,Ashleymouth,Colorado,justinstone@example.com,719-725-3354,Premium,Active,26-10-2023
1417,Amber Gardner,18-10-2009,Female,Ashleyfurt,Colorado,jose30@example.net,431.739.4112x81517,Premium,Active,14-06-2023
1418,Cynthia Golden,05-04-1962,Female,East Lindsay,Georgia,erictaylor@example.com,+1-637-518-7408x9642,Regular,Active,27-08-2024
1419,Jonathan Herrera,13-01-2001,Female,West Daniel,Pennsylvania,joelwilliams@example.com,001-527-449-1668,Regular,Active,20-03-2026
1420,Stephen Oneal,14-12-1983,Male,Robertstown,Ohio,pjohnson@example.com,833-904-6159x8749,VIP,Inactive,18-05-2024
1421,Patrick Ford,10-08-1996,Female,Robertfurt,Pennsylvania,jamie77@example.com,(339)221-4904x719,Regular,Active,27-09-2025
1422,Jason Holt MD,09-08-1958,Female,Munozmouth,Ohio,lindsayhunt@example.org,(803)829-8566x7814,VIP,Active,02-05-2024
1423,Katherine Taylor,28-12-1960,Male,East Annahaven,Florida,johnramos@example.net,(785)604-4023x41903,Regular,Active,12-09-2021
1424,Annette Mendoza,11-08-2002,Male,New Martin,Virginia,rwerner@example.com,(209)744-2941x346,Regular,Active,29-03-2023
1425,Ralph Whitney,02-03-2004,Male,Christophershire,Illinois,kpena@example.net,(424)850-6942,Premium,Active,09-08-2023
1426,Sheryl Carter,28-09-1995,Female,South Stevenburgh,Arizona,jessica38@example.net,(954)411-0088,Regular,Active,21-04-2024
1427,Jeremiah Vasquez,11-10-2003,Female,Gomezborough,California,johnsonamber@example.org,867.309.3198x2985,New,Active,08-07-2024
1428,Matthew Livingston,20-02-1993,Female,Lisabury,California,qswanson@example.net,(833)291-1029x772,Regular,Active,22-01-2026
1429,Diana Jones,02-06-1993,Male,Davishaven,New York,mbrown@example.org,9508513644,New,Active,03-12-2023
1430,Jennifer Myers,06-12-2000,Female,Michellemouth,North Carolina,mooreadam@example.net,994.220.7644x8173,Regular,Active,23-08-2021
1431,Anthony Dorsey Jr.,01-01-1998,Female,Nancyview,Florida,josephmcclain@example.com,+1-412-610-5492x495,Regular,Active,25-07-2022
1432,Jake Rogers,29-01-2010,Male,Lake Chelseastad,Massachusetts,deanburns@example.com,+1-303-878-4580x24851,Premium,Active,07-05-2026
1433,Hunter Smith,08-12-1992,Male,Parksmouth,California,katherinedickerson@example.org,932-638-1735x39812,Premium,Active,23-12-2021
1434,Michael Crawford,21-09-1958,Female,Erinton,Illinois,hgarza@example.com,629.544.9428,VIP,Active,30-01-2022
1435,James Perez,05-01-1986,Female,West Ellen,Michigan,joshua58@example.org,454-480-3031x05918,Regular,Active,13-02-2023
1436,Colton Fox,30-07-1950,Male,Martinton,Washington,candice03@example.net,+1-453-881-2539x147,Premium,Inactive,21-10-2023
1437,William Morales,10-08-2008,Female,South Connie,Washington,amanda52@example.org,+1-569-425-9786x0858,Regular,Active,21-11-2023
1438,Brittany Guzman,15-09-1986,Male,Thomasburgh,Texas,matthewbaker@example.com,(898)757-6656,Regular,Active,23-10-2022
1439,Donald Allison,15-02-1997,Female,Walkershire,Michigan,timothyhess@example.org,001-258-870-0392x8901,New,Active,23-04-2023
1440,Troy Wilson,23-07-1983,Female,New Keithstad,Pennsylvania,scottrick@example.com,805-674-6193,Regular,Active,11-09-2021
1441,Brooke Austin,28-08-2001,Female,East Christineberg,New York,zholt@example.com,(877)940-0741x72520,Premium,Active,27-07-2024
1442,Jeremy Hicks,28-08-1964,Male,West Jason,North Carolina,aaron26@example.net,(763)360-0379x0036,Premium,Active,07-09-2021
1443,Amanda Gardner,09-01-1998,Male,North Kenneth,Georgia,anthony16@example.net,+1-562-427-4294x66154,Regular,Active,16-04-2022
1444,Jonathan Peterson,21-01-1978,Female,South Cindy,Georgia,duanebrown@example.com,(862)617-0286,New,Inactive,01-06-2026
1445,Kristine Flores,20-06-1990,Female,Woodstown,Virginia,chernandez@example.org,+1-518-866-5411x435,VIP,Active,15-10-2025
1446,Paul Hahn,21-02-1986,Male,Jamiemouth,Texas,thomasholmes@example.net,(467)958-6858,Regular,Active,01-08-2021
1447,Jessica Adams,24-07-1980,Female,Colemanton,California,rhardy@example.com,5036546331,Regular,Active,25-03-2023
1448,Ashley Dunn,26-08-2005,Female,New Leroy,Florida,tina31@example.com,(569)399-3025x8634,Regular,Inactive,05-04-2025
1449,Donald Booker,16-08-1957,Male,Halltown,Oregon,samantha02@example.com,-5962,Regular,Active,15-12-2024
1450,David Fisher,29-03-1996,Female,Port Ryanchester,Oregon,xjones@example.com,746.953.4181x66760,Regular,Active,23-11-2022
1451,Joseph Brown,07-10-1992,Male,Lake Karina,Washington,alec80@example.net,875-741-7625x307,Regular,Active,27-04-2023
1452,Shannon Harris,31-01-2009,Female,Kaneshire,Georgia,jamespotter@example.com,5156571031,Regular,Inactive,24-08-2023
1453,Eric Waters,31-03-1996,Male,Loveton,New York,brian62@example.org,+1-599-233-8294x4605,VIP,Inactive,24-07-2025
1454,Jose Morris,07-11-1982,Female,Port Richard,Virginia,barbara72@example.org,+1-351-288-6538x084,New,Inactive,26-05-2025
1455,Kathleen Fields,02-07-1975,Female,Port Billy,Washington,loganrenee@example.net,(270)677-2335,Regular,Active,04-01-2023
1456,Donald Powell,17-11-1978,Female,Andersonmouth,Oregon,hlong@example.org,883.721.9089,Premium,Active,28-10-2025
1457,Nathan Taylor,02-09-1952,Female,Rochatown,New York,andrewfrye@example.org,719-908-1298x516,Regular,Active,24-03-2025
1458,Dustin Davis,20-04-2002,Male,New Rachelmouth,Virginia,anthony76@example.org,650.768.7588x2538,Premium,Inactive,02-05-2023
1459,Mrs. Erika Welch,31-05-1993,Male,New Jack,New York,jillponce@example.com,902-875-0570,Premium,Active,07-11-2025
1460,Linda Thompson,10-05-2001,Female,West Michelleshire,Texas,kathleenyoung@example.org,001-771-274-2228,Premium,Active,26-01-2023
1461,Angela Baker,17-05-1993,Female,Christopherfurt,California,pdouglas@example.com,2995189221,VIP,Inactive,31-01-2025
1462,Mrs. Danielle James,01-09-2005,Male,Austinview,Massachusetts,walkershannon@example.net,943.547.2664x496,Premium,Active,15-06-2023
1463,Jennifer Ellis,10-09-1990,Female,Stevensonhaven,Texas,kennethgarcia@example.net,446-680-8772x92249,Regular,Active,13-12-2023
1464,Yvonne Patrick,28-05-2007,Female,Port Dawn,California,zlove@example.com,+1-701-856-3417x865,Regular,Inactive,07-09-2022
1465,Connie Harvey,18-02-2008,Male,Butlerview,Virginia,daniel59@example.com,001-535-682-4997x17778,Regular,Inactive,20-11-2022
1466,Amanda Smith,11-10-1981,Male,Port Rebeccashire,Arizona,svasquez@example.net,+1-375-509-0670x7157,New,Active,06-02-2024
1467,Sandra Olson,19-06-1980,Female,North Matthew,Texas,amarshall@example.net,809-611-3831,VIP,Active,28-09-2021
1468,Gloria Mack,29-10-1992,Male,Justinton,Michigan,melissaevans@example.com,564.685.7924x629,Regular,Active,23-07-2023
1469,Bobby Alexander,17-07-2001,Male,Lake Destiny,Washington,plandry@example.net,3992700013,Premium,Active,11-02-2026
1470,Shawn Michael,17-02-1954,Male,Chadbury,North Carolina,erikrussell@example.org,765-988-2176x405,Regular,Inactive,26-07-2025
1471,Elizabeth White,17-12-1984,Female,Johnstonland,Illinois,houstonlindsay@example.net,761-805-5229x1596,VIP,Active,31-10-2022
1472,Jacqueline Mason,27-01-1997,Female,Aguilartown,Massachusetts,wgeorge@example.com,(984)927-1143x024,Regular,Active,04-11-2022
1473,Dr. Joseph Lewis Jr.,09-02-2006,Female,Ericmouth,Texas,torresamanda@example.com,(496)916-9751,New,Active,20-02-2024
1474,Marie Jones,31-08-2009,Male,Kingport,Colorado,zweeks@example.org,986.787.9400x3614,VIP,Active,12-11-2025
1475,William Wright,25-01-1999,Male,Welchburgh,Washington,barbaracarter@example.org,2627657086,Regular,Active,25-09-2023
1476,Brittney Ochoa,10-09-1976,Male,Harmonburgh,Arizona,bruce50@example.org,001-492-305-4568x819,Premium,Active,07-04-2024
1477,Nicholas Hall,11-06-2003,Male,Port Brian,Pennsylvania,tonysmith@example.com,834-708-2339,Premium,Active,15-10-2024
1478,Jason Miller,24-11-1958,Male,West Alvin,Georgia,holly53@example.org,669-323-3005,New,Active,06-04-2022
1479,Taylor Smith,30-05-2001,Female,East Elijahmouth,North Carolina,jmontgomery@example.net,(341)394-9100,New,Active,01-08-2021
1480,Scott Johnston,12-10-1972,Female,New Sabrina,New York,bradboyer@example.net,292.543.1647,New,Active,13-04-2026
1481,Melinda Atkins,16-06-2007,Female,Port Anna,Washington,swilliams@example.net,001-602-421-4106x9262,New,Active,24-05-2026
1482,Jessica Ryan,31-03-1975,Male,North Micheleland,Washington,jackie07@example.com,+1-604-999-0387x9615,Premium,Active,15-05-2023
1483,Nicole Johnson,23-12-1981,Male,Diazview,Pennsylvania,cfreeman@example.com,(224)204-2152x793,Regular,Active,10-04-2023
1484,Carlos Alvarez,09-06-1973,Male,Evanchester,Illinois,clarsen@example.net,967-255-1536,Premium,Active,24-06-2024
1485,Erin Frazier,14-12-2003,Male,Sharpville,North Carolina,david21@example.com,001-662-387-1979,Premium,Active,15-04-2023
1486,Jose Holloway,10-07-2003,Male,Jenniferchester,Georgia,lucaswilson@example.com,697.830.4156,VIP,Active,24-05-2024
1487,Courtney Frederick,17-09-1953,Female,New Chad,Washington,hmack@example.net,450-505-1150,Regular,Active,15-04-2024
1488,Victor Hamilton,20-11-1977,Female,Port Donna,Ohio,billy90@example.net,6002910133,Regular,Active,09-12-2022
1489,Jennifer Rodriguez,05-12-1982,Female,Cardenasshire,Ohio,joel19@example.com,5336899714,Regular,Active,07-02-2022
1490,Michael Jenkins,02-03-1995,Male,Mahoneyborough,Florida,timothy00@example.org,200-513-6622x873,New,Active,07-10-2022
1491,Kristi Simmons,13-10-1963,Male,Harrismouth,North Carolina,hmeza@example.net,+1-925-731-2177x49398,Regular,Active,22-08-2025
1492,Courtney Curtis,30-01-1988,Female,North Theodoreville,Pennsylvania,rle@example.com,(383)727-7842x4602,Regular,Active,08-09-2021
1493,John King,12-06-1991,Male,North Jamesborough,North Carolina,robert21@example.com,408-914-8320,Premium,Active,08-08-2025
1494,Bobby Ingram,15-09-1995,Female,East Rachel,Pennsylvania,victor64@example.org,372-834-2666x7083,Premium,Active,06-01-2025
1495,Regina Underwood,09-10-1967,Male,Amandaville,Colorado,jamesharrison@example.net,(874)453-1988,Regular,Active,08-05-2025
1496,Tyler Joseph,01-06-2000,Female,Millertown,New York,shawnramsey@example.org,001-916-926-6354x486,Regular,Active,26-02-2023
1497,Lauren Taylor,19-01-1983,Female,South Jason,Georgia,wellsbrian@example.org,(754)507-1034,New,Active,09-06-2023
1498,Theresa Avila,03-01-2004,Female,Joanmouth,Arizona,john93@example.net,+1-424-779-6016x96872,Regular,Inactive,17-08-2023
1499,Terri Jordan,21-07-1992,Male,South Brianville,Pennsylvania,ifoster@example.org,527.859.0176,Regular,Active,26-01-2023
1500,Nancy Hardy,05-08-1964,Female,Moranside,Michigan,edward67@example.com,706-249-8074x73674,Regular,Active,27-03-2023
1501,Lisa Brooks,15-03-1961,Male,Willisbury,Ohio,carmen05@example.net,+1-712-531-2032x6217,Premium,Active,19-10-2021
1502,Christina Mcneil,19-03-2010,Male,Swansonchester,Virginia,timothyrodriguez@example.org,-7351,New,Inactive,04-06-2024
1503,Andrew Smith,27-12-1984,Female,West Tammy,Colorado,hayesandrea@example.com,(966)571-9451x74829,Premium,Active,21-10-2022
1504,John Moran,22-11-1986,Male,New Brianna,Colorado,danielle96@example.com,(281)505-0308x17337,Premium,Active,20-05-2026
1505,William Vazquez,16-04-2001,Male,East Michellefurt,Arizona,richard68@example.net,665.509.8528x9717,Regular,Inactive,17-01-2024
1506,Henry Jensen,27-09-1991,Female,Grantstad,Virginia,alexandria71@example.com,-7676,Premium,Active,03-06-2025
1507,Emily Bennett,21-08-1958,Male,Lake Jillstad,Michigan,nmedina@example.net,761-794-4350x1880,Premium,Inactive,14-07-2023
1508,Lauren Phillips MD,12-06-1977,Female,Fisherhaven,California,walkerjack@example.com,963-353-3881x0645,Regular,Active,06-08-2022
1509,Rachel Jacobs,26-07-2003,Female,South Williambury,Massachusetts,russellgonzalez@example.net,+1-560-979-7632x30269,New,Inactive,20-02-2022
1510,Ryan Carpenter,18-06-1998,Female,Lake Kimberlymouth,California,monicabecker@example.org,(888)899-0531x39034,Regular,Active,17-04-2022
1511,Nathaniel Johnson,11-09-1991,Male,Jenkinsview,Florida,lindaacosta@example.com,636.875.6106,Regular,Inactive,15-04-2024
1512,Autumn Leblanc,22-06-1961,Male,Port Keith,Arizona,steven11@example.com,(800)482-4669x71673,Regular,Active,12-01-2026
1513,Carolyn Taylor,20-01-1986,Female,Lake Amanda,Oregon,joshua58@example.net,662-427-9033x2634,Regular,Active,06-06-2026
1514,Elizabeth Rivas,13-05-1978,Male,North Michael,Arizona,myerscathy@example.org,+1-894-366-6287x481,Premium,Active,10-10-2022
1515,Megan Wilson,16-01-1968,Female,West Mark,Oregon,janetdiaz@example.org,6605889826,Premium,Active,08-11-2021
1516,Darryl Porter,31-08-1965,Male,Tylerstad,North Carolina,juliemiller@example.org,488.231.7419x984,New,Active,08-11-2024
1517,Antonio Christian,19-07-1968,Female,Morristown,Washington,tracybeck@example.org,490.893.9241,Regular,Active,30-03-2023
1518,Sandra Townsend,13-01-1984,Female,West Penny,Pennsylvania,robertstewart@example.com,(876)933-6106x209,Regular,Active,30-04-2024
1519,Brandon Brown,11-03-1994,Male,Lake Erica,Texas,jholden@example.com,(290)250-4854x34039,VIP,Active,09-03-2023
1520,Ashley Jackson MD,26-11-1953,Female,Christopherside,Florida,reillyjulie@example.org,001-621-496-5476x41559,New,Active,15-03-2022
1521,Thomas Martinez,11-01-1971,Female,Port Sandraland,Pennsylvania,tara70@example.net,646-465-1721x491,New,Active,16-07-2023
1522,Joshua Wells,07-07-1954,Male,Coxchester,Texas,heathermurphy@example.org,(895)766-1309,Premium,Active,18-05-2023
1523,Rachel Sutton,07-04-1987,Male,Lake Shannon,Florida,oneillcynthia@example.com,+1-925-658-5886x811,Regular,Inactive,03-08-2024
1524,Ashley Lewis,10-09-1963,Female,Maryborough,Massachusetts,wmckay@example.com,(220)555-0693,Regular,Active,01-03-2026
1525,Laura Daniels,12-04-2004,Female,West Christinabury,North Carolina,barbaratorres@example.org,(594)818-7357x61430,Regular,Active,22-10-2022
1526,Sierra Clark,23-02-1961,Female,Port Royburgh,Texas,jcohen@example.com,(939)366-1215,New,Active,22-02-2025
1527,Henry Sloan,20-05-1993,Female,Lake Elizabeth,Massachusetts,kimjohnson@example.com,+1-746-794-9322x983,Regular,Active,22-05-2025
1528,Jennifer Howell,21-07-1983,Male,Davidland,Pennsylvania,patricia69@example.net,738-704-0533x4518,Regular,Inactive,13-03-2023
1529,Cody Gallegos,20-07-1962,Female,Foxton,Massachusetts,zbernard@example.net,910-535-7552x972,VIP,Active,12-08-2025
1530,Sarah Martinez,11-08-2004,Female,Port Mariachester,Florida,qwhite@example.org,+1-892-984-3152x14174,Regular,Inactive,01-03-2026
1531,Alan Turner,21-11-1979,Female,Port Lauraland,North Carolina,wendychandler@example.com,993.324.7423,Premium,Active,13-11-2022
1532,Cory Diaz,30-10-1984,Female,West Kevin,Colorado,anthony43@example.com,553.382.0365x9386,Regular,Inactive,07-03-2024
1533,Richard Arnold,05-10-1961,Male,West Shelleyshire,California,conleynoah@example.org,001-828-264-9700x39385,Regular,Inactive,22-07-2021
1534,Daniel Frazier,21-01-1976,Female,Kevinmouth,Arizona,npatterson@example.net,708-948-2782,Regular,Active,22-11-2022
1535,Stanley Glover,02-10-1983,Male,North Jonathon,Arizona,jenniferwilliams@example.com,001-856-541-2990x0065,Regular,Active,07-05-2023
1536,Justin Cunningham,30-11-1995,Female,South Pamela,Massachusetts,gnicholson@example.org,001-580-956-7965x261,VIP,Inactive,01-08-2025
1537,Jason Bryan,31-12-1954,Female,North Ricky,Florida,victor15@example.net,232-993-1661,New,Active,16-10-2023
1538,Christopher Boyd,23-10-1987,Male,Rachelmouth,Colorado,shawnmullins@example.net,9293964395,Premium,Active,09-11-2023
1539,Troy Johnson,06-09-1986,Female,Port Justinland,Georgia,robert88@example.org,8482978706,Regular,Active,09-02-2024
1540,Shannon Reed,31-03-1987,Male,Lake Toddtown,Virginia,jesseedwards@example.org,+1-255-806-0863x989,New,Active,04-03-2025
1541,Trevor Fernandez,09-11-1981,Male,Aprilborough,Washington,sandra12@example.org,001-664-436-8007x3166,Regular,Active,03-04-2022
1542,Amy Sanchez,19-07-2007,Female,Amyview,Arizona,robinsonlee@example.org,(832)278-6802,Premium,Active,14-09-2025
1543,Daniel Mosley,31-12-1950,Female,Jameshaven,Georgia,elizabethkelly@example.net,001-321-832-7233x270,Regular,Active,29-06-2023
1544,Karla Silva,07-07-1990,Male,Morenofort,Georgia,nicole27@example.com,+1-311-361-8799x5219,New,Active,11-02-2023
1545,April James,29-11-1965,Male,Mcmillantown,New York,jmeyer@example.com,+1-241-857-2968x27585,Regular,Inactive,16-04-2025
1546,Tracey Schmidt,19-09-1952,Male,Davisview,Illinois,daniel68@example.org,226-845-5400,Regular,Active,22-02-2023
1547,Sean Conley,13-09-1993,Male,Lake Jeffery,Massachusetts,morrisondana@example.org,(391)852-9507x1075,VIP,Active,18-04-2024
1548,Brenda Burgess,16-11-1966,Male,Samuelmouth,Arizona,samanthamcconnell@example.net,314-555-5703x031,Regular,Active,18-05-2026
1549,Tanner Howell,22-09-1983,Female,North Christopher,Pennsylvania,jacqueline87@example.net,(290)574-9999x60982,New,Active,24-07-2021
1550,Robin Hall,10-06-1979,Female,Brookeside,Michigan,kara41@example.org,222-276-4031x88589,Premium,Inactive,19-08-2022
1551,Michelle Brennan,09-06-1993,Male,New Laura,North Carolina,rachelmcdonald@example.com,-5066,Regular,Active,20-11-2025
1552,Danielle Stewart,22-03-1981,Male,Cynthiaborough,Oregon,zlee@example.org,345.231.6991x56093,Regular,Active,24-04-2023
1553,Andrea Obrien,30-07-1996,Female,West Michael,Arizona,bethcross@example.net,339.885.6838,Regular,Inactive,07-10-2025
1554,Hunter Anderson,26-07-1973,Female,Rasmussentown,Illinois,nhansen@example.org,815-507-1240x957,Regular,Active,23-07-2024
1555,Holly Rose,12-02-2009,Female,North Angela,Washington,ashleycuevas@example.org,656.525.8120x6907,Regular,Active,13-01-2024
1556,Allison Burns,25-10-1960,Female,Browningborough,Florida,williamsonshawn@example.org,7588822185,Premium,Active,10-01-2024
1557,Christine Jones,04-02-2003,Female,New Christian,Massachusetts,stevensrandy@example.net,001-978-531-4281x1728,Premium,Active,20-10-2025
1558,Anthony Wright,05-01-1988,Male,East Regina,Washington,hannabrian@example.com,9757386684,Regular,Active,11-06-2024
1559,Jill Osborne,01-09-2005,Female,Ashleyshire,Ohio,njones@example.net,257.643.0143x0322,Regular,Active,31-10-2025
1560,Javier Richard,01-07-1985,Male,Murraytown,North Carolina,bradley28@example.com,-10467,New,Active,13-12-2024
1561,Cameron Lawrence,31-10-1990,Male,Deborahchester,North Carolina,qcowan@example.org,664.972.0901,New,Inactive,28-11-2023
1562,Rebecca Kim,17-03-1982,Male,Padillaport,Georgia,jaredjones@example.net,(853)663-1729,Premium,Active,06-10-2021
1563,Sarah Jones,17-11-1955,Female,Chrishaven,Massachusetts,karencarr@example.org,325-885-1305x322,New,Active,09-07-2024
1564,Stephen Bowen,25-08-1961,Male,East Aprilborough,Georgia,rhutchinson@example.org,638.993.1841,Premium,Active,16-04-2025
1565,Mary Hansen,23-01-1979,Female,Port Sharonmouth,Georgia,olsonbarbara@example.org,(749)434-0559x9407,Regular,Active,06-01-2025
1566,Jennifer Eaton,19-12-1962,Male,West Christopherbury,Michigan,tammy35@example.com,357-974-3988x8563,Regular,Active,14-01-2023
1567,Frances Boyer,01-02-2004,Male,South Brandon,New York,thomas58@example.com,001-726-230-7673x5643,Premium,Active,30-01-2025
1568,Robert Goodman,07-04-1976,Female,Brooksview,Illinois,michellejohnson@example.net,708-200-0152x749,Regular,Active,18-08-2022
1569,Charles Gill,30-06-1987,Female,East Mark,Virginia,mosleyelizabeth@example.org,(811)377-4834,Regular,Active,29-03-2022
1570,Lisa Wise,17-09-1999,Female,Stevenland,Georgia,ctate@example.net,+1-418-538-7341x992,New,Active,04-12-2024
1571,Jackson Goodwin,06-02-1962,Female,Port Dawnberg,Virginia,amanda00@example.net,(565)827-3372x03346,Regular,Active,22-02-2024
1572,Karen Collier,21-08-1970,Male,Port Matthewborough,Pennsylvania,stephenmiller@example.net,838-724-6651,VIP,Active,18-03-2025
1573,Dustin Bailey,14-09-1973,Male,New Nicholastown,Washington,chris26@example.com,(401)704-8018x5514,New,Active,13-03-2026
1574,Mary Garcia,21-06-2009,Female,Amyport,Massachusetts,kellybennett@example.net,(449)720-6815x14489,Premium,Active,24-06-2022
1575,Christopher Fields,20-05-1957,Male,Lake Julieville,Arizona,ashleywilson@example.com,+1-441-907-1147x30615,New,Active,18-05-2022
1576,Julia Lucas,25-12-2003,Female,East Danielmouth,Virginia,derek69@example.com,485.471.1060x872,Regular,Active,10-03-2024
1577,Laura Knight,26-11-1991,Male,New Michelleside,Georgia,hunterdorothy@example.org,(660)977-3519,Regular,Active,23-10-2021
1578,Craig Adams,12-07-1979,Female,Pierceview,Oregon,kimberly70@example.org,-1794,Regular,Active,28-02-2023
1579,Christopher Riley,22-12-1978,Male,Jordanshire,Florida,jaredjohnson@example.org,001-228-771-0356x77748,Premium,Inactive,10-09-2022
1580,Andrew Morton,12-02-2007,Male,East Markside,Illinois,keithpeterson@example.com,838.663.7168,Regular,Inactive,02-08-2022
1581,James Smith,08-05-1971,Female,West Philip,Michigan,austinmartinez@example.net,372.507.6890x9466,Regular,Active,08-10-2023
1582,Joel Rodriguez,11-10-1964,Female,East Jennifer,Texas,nweiss@example.org,8967651744,Regular,Active,17-03-2023
1583,Faith Sanders,16-05-1956,Male,Lake Amberburgh,Georgia,westcassandra@example.net,001-724-214-7992x87332,Regular,Active,10-09-2024
1584,Alexander Rodriguez,29-01-1999,Female,Pamelaport,Illinois,blakedonald@example.org,-8830,Regular,Active,13-08-2024
1585,Abigail Nguyen,12-02-1990,Male,West Tanyaville,Oregon,matthew88@example.com,-9292,Regular,Active,11-04-2025
1586,Omar Garrett,19-06-1996,Male,New Douglas,Virginia,daisy75@example.com,001-732-200-4765x353,New,Inactive,27-08-2024
1587,Ethan Charles,28-03-1995,Male,Williamsmouth,Colorado,ebradley@example.org,(934)748-3376x4625,Premium,Active,22-06-2025
1588,William Garner,14-04-1972,Female,North Laurenside,Ohio,nguyenscott@example.com,-4813,Regular,Active,15-08-2021
1589,Brittney Bernard,07-03-1974,Male,Lake Matthewmouth,Oregon,zwilliams@example.com,001-495-892-1199,Regular,Active,10-11-2024
1590,Sabrina Smith,17-08-1995,Male,Kelseymouth,Pennsylvania,weaverdave@example.org,(717)659-5019x424,New,Active,02-09-2023
1591,Kimberly Mcneil,25-11-1953,Male,Foleytown,Ohio,bartonzachary@example.com,8029563140,New,Active,11-09-2021
1592,Isaiah Martin,11-07-1979,Male,Yatesfurt,Florida,brownkaitlyn@example.net,414.578.3976x568,Regular,Active,13-09-2022
1593,Catherine Kelly,12-06-1980,Male,West Robert,Texas,castillodeborah@example.com,001-905-854-4847x32477,Regular,Active,03-03-2023
1594,Gregory Zimmerman,16-04-1973,Female,Willieberg,Virginia,amy62@example.com,344-727-6220x25563,New,Active,23-02-2025
1595,Nathan Palmer,14-04-1996,Male,Port Matthewtown,Oregon,debra16@example.org,(360)625-1003,Regular,Active,07-10-2025
1596,Dr. Kevin Ruiz,21-04-1963,Male,West Alexandria,Illinois,cstone@example.org,(490)701-9939x902,Premium,Active,21-04-2026
1597,Shannon Summers,31-01-1999,Female,Thomasfort,Ohio,angela97@example.net,-2220,Regular,Active,16-02-2025
1598,Joseph Schmidt,12-12-1985,Male,Brownport,Washington,mooregrace@example.net,296.510.6927,New,Active,02-11-2023
1599,Crystal Flores,27-02-1972,Male,Sabrinaborough,Pennsylvania,bwilliams@example.org,001-578-669-0105x862,Regular,Active,25-02-2024
1600,Michael Kelley,15-03-1992,Female,Jasonfort,Illinois,crystalpayne@example.net,(565)823-9878,New,Active,17-11-2025
1601,Kristina Anthony,30-12-1951,Female,West Lynnstad,California,wesleyfowler@example.com,001-925-835-6860x726,Regular,Active,25-04-2023
1602,Erica Frye,12-07-1978,Male,West Nicholas,Illinois,npetty@example.org,9165339177,Regular,Active,14-01-2026
1603,Deborah Jenkins,09-01-1987,Male,New Belindaview,Oregon,rrichard@example.com,(684)935-5568x544,Regular,Active,01-05-2026
1604,Justin Gallegos,22-10-1997,Female,North Bonnie,Illinois,angel28@example.com,939-414-5959,Regular,Active,14-05-2022
1605,Matthew Miller,18-07-1997,Male,South Anna,Pennsylvania,andrewsmary@example.net,972.496.7475x340,Regular,Active,23-11-2023
1606,Amy Wagner,06-06-1995,Female,New Andrea,Virginia,davismichael@example.net,(957)258-1096x31063,Regular,Active,09-02-2024
1607,Douglas Pearson,11-02-1987,Female,South Annmouth,Texas,millerteresa@example.net,(839)258-8921x475,Regular,Active,06-10-2022
1608,Johnny Dickson,17-11-1993,Male,Garciaberg,Arizona,matthewwiggins@example.net,(746)213-2464x520,New,Active,10-07-2024
1609,Nathan Floyd,18-05-1998,Male,Powersfort,North Carolina,qrodriguez@example.org,001-737-258-1052x5596,VIP,Active,22-02-2024
1610,Vanessa Santos,15-08-1997,Female,East Alantown,Virginia,aguilarfrank@example.net,(339)312-2673x3414,Regular,Active,23-10-2024
1611,Sue Morales,07-01-1958,Male,Port Cesarton,Massachusetts,joshua42@example.com,(397)204-7015x0191,Regular,Active,17-04-2025
1612,Natasha Mendez,14-06-1951,Female,Port Mark,Illinois,patrick33@example.org,486-278-1580x337,New,Active,03-10-2023
1613,Anthony Campbell,15-09-1977,Male,Martinview,Florida,jamesthomas@example.org,(664)274-1678x602,Premium,Active,30-06-2025
1614,Brady Williams,03-12-1962,Female,West Angela,Illinois,alyssacampbell@example.net,805-808-4422x56433,Regular,Active,19-08-2023
1615,Cheryl Sawyer,23-08-1987,Female,North Brandytown,Oregon,goodwinteresa@example.org,844.674.4122,Regular,Inactive,01-10-2022
1616,Joseph Ramos,03-07-1991,Male,Mcdowellmouth,North Carolina,brendacastillo@example.com,+1-421-234-7210x518,Regular,Active,25-08-2021
1617,Richard Fowler,16-08-1953,Female,East Nicholas,Florida,guzmanchelsea@example.net,529.427.4813,Regular,Inactive,18-09-2024
1618,Michelle Rodriguez,08-10-1976,Male,North Deborahchester,Washington,anthony53@example.com,(541)512-6001x71797,New,Active,17-07-2025
1619,Valerie Adams,11-06-1991,Male,Mcknightland,Washington,elizabeth02@example.org,2943620976,New,Active,22-03-2023
1620,Bradley Clark,22-02-2003,Female,Beckerfurt,Oregon,debbie35@example.org,001-513-823-8767x2502,New,Active,20-08-2022
1621,Thomas Rodriguez,04-03-2007,Female,Stewartmouth,Texas,susanphillips@example.org,(388)520-7063,Regular,Active,21-10-2024
1622,Joseph Cook,06-04-1971,Male,Tylerberg,Ohio,alecdickerson@example.org,001-287-881-6356x929,New,Active,28-05-2025
1623,Jessica Ruiz,22-06-2009,Male,Diazmouth,Michigan,iwilson@example.com,782-416-2181,Regular,Active,16-05-2025
1624,Kaitlin Crawford,11-01-1978,Female,Coxstad,Pennsylvania,luismitchell@example.net,001-757-358-2477,VIP,Active,15-10-2025
1625,Amy Calhoun,12-06-1971,Female,Lewismouth,Pennsylvania,lori63@example.net,4904002389,Regular,Active,05-08-2021
1626,Abigail Patel,05-10-1965,Male,Tracyshire,Pennsylvania,smithamy@example.net,+1-202-978-4836x55458,Regular,Active,25-01-2022
1627,Joshua Gould,16-12-1956,Female,North Todd,Ohio,stephentownsend@example.net,(542)291-6842x37771,Regular,Active,25-08-2023
1628,Jessica Johns,22-11-1970,Female,Erinville,Virginia,timothy08@example.org,+1-230-786-6982x1856,New,Active,20-09-2021
1629,Sylvia Tucker,27-04-1991,Female,Hartmanshire,Texas,walkerdaniel@example.org,427-506-1645,Regular,Inactive,17-04-2026
1630,Elijah Lee,08-10-1958,Female,East Robertmouth,Ohio,stephen23@example.net,8452291551,New,Active,19-03-2025
1631,Christopher Johnson,28-07-1966,Male,Lewishaven,Colorado,rosstanner@example.net,-5783,New,Inactive,11-04-2025
1632,Laura Booker,11-02-1962,Male,North Patriciaport,Massachusetts,lauriescott@example.org,001-634-579-0567x6131,New,Inactive,29-12-2022
1633,Emily Herrera,10-08-1978,Male,Port Robert,Illinois,frederick18@example.org,589.745.6163x301,Regular,Active,29-02-2024
1634,Mark Jackson,03-05-2002,Female,Gallagherbury,California,clarence87@example.com,944-286-8499,Premium,Active,07-01-2022
1635,Vincent Jones,21-02-1982,Male,Scotthaven,Florida,dsmith@example.com,765.593.2950x9424,New,Active,27-01-2025
1636,Julie Sanders,28-03-1963,Male,Madisonchester,Arizona,rchavez@example.com,518-297-8237x0500,Premium,Active,03-06-2023
1637,David Brennan,08-11-2004,Male,Jamesmouth,Arizona,lewislorraine@example.net,+1-624-553-6262x5685,VIP,Active,13-10-2024
1638,Thomas Ritter,09-02-1989,Male,New Dustin,New York,grodriguez@example.org,676-396-4317x087,Premium,Active,31-07-2023
1639,Austin Butler,13-03-1961,Female,Melissaville,Florida,thomashamilton@example.com,001-463-349-2625,VIP,Active,21-12-2022
1640,Willie Mitchell,25-09-2005,Female,North Nicole,Georgia,zbrown@example.org,637-929-3251,Regular,Inactive,22-06-2025
1641,Brian Oconnell,27-10-1977,Female,Elizabethstad,Pennsylvania,kylerodriguez@example.net,335-638-3344x7733,Regular,Inactive,26-06-2023
1642,Tammy Evans DVM,11-12-1983,Female,Robinsonborough,New York,deborahrhodes@example.com,847-754-0692x670,Regular,Active,22-02-2026
1643,Steven Simon,06-02-2007,Female,South Brandontown,New York,rojascourtney@example.com,(997)279-4878,Premium,Inactive,15-01-2023
1644,Mark Huerta,09-01-1978,Female,Lynnville,Arizona,rebeccamorris@example.com,-6102,Regular,Active,12-09-2023
1645,Alexander Mckinney,18-11-1962,Male,Collinsfort,Texas,ostevens@example.net,400.628.6774x2785,Regular,Active,15-06-2025
1646,Lisa Rich,01-11-1974,Male,Dixonmouth,Oregon,thompsonzachary@example.org,+1-294-736-6814x836,Regular,Active,25-01-2024
1647,Susan Oconnor,05-06-1951,Male,New Kathy,Arizona,nathanieltaylor@example.com,680.255.6255x0333,Regular,Inactive,19-03-2026
1648,Alyssa Cooley,28-04-2000,Male,East Kylieborough,Ohio,david53@example.org,604.330.6869,Regular,Active,15-09-2024
1649,Andrea Mcbride,05-10-1954,Female,South Sharon,Illinois,alan53@example.net,580-751-5480x5981,Premium,Active,28-05-2024
1650,Jonathon White,03-08-2007,Female,Lewisstad,Ohio,carol69@example.org,001-956-324-9735x2841,Regular,Inactive,20-01-2025
1651,Ashley Watts,26-10-2001,Male,New Michael,Washington,lauragonzalez@example.org,(834)623-0463x96483,VIP,Active,28-05-2024
1652,Elizabeth Braun,21-03-1983,Male,Port Vincent,Ohio,sarah96@example.net,001-711-553-5218x48096,Regular,Active,30-10-2025
1653,Shelby Sims,14-08-1999,Male,Port Ryan,Ohio,jennifer15@example.org,(902)926-2684x36628,VIP,Active,29-03-2026
1654,Michael Gibson,13-11-2006,Male,Holtview,Arizona,michelle89@example.org,+1-288-204-9924x77685,Regular,Active,08-11-2021
1655,Thomas Boyd,29-01-2010,Male,North Sylviamouth,Pennsylvania,emilyvazquez@example.org,+1-494-673-3023x34592,Regular,Active,25-03-2023
1656,Hailey Walker,20-03-1957,Female,West Terrencefurt,Illinois,samueljones@example.com,(509)699-3374x74757,Premium,Active,26-04-2025
1657,Dale Hall,28-11-1976,Female,New Donna,Massachusetts,timothyfrost@example.org,972-857-0360x307,VIP,Active,19-07-2025
1658,Kenneth Johnson,13-12-1978,Female,Christophermouth,Pennsylvania,mcknightcindy@example.org,336.278.4435x32301,New,Inactive,18-11-2024
1659,Tracy Escobar,05-10-1983,Male,Port Katiechester,Michigan,yhart@example.com,+1-362-692-7895x5993,Premium,Active,26-09-2022
1660,Tanya Thompson,07-08-1997,Female,Chavezchester,Washington,oenglish@example.net,(306)425-9409x182,New,Active,12-11-2024
1661,Michelle Strickland,28-08-1957,Male,West Allenburgh,New York,mariah68@example.com,001-797-370-0236x7361,Regular,Inactive,31-01-2025
1662,Gina Black,15-02-1986,Female,South Davidchester,Michigan,austin14@example.net,435-612-6151,Regular,Active,29-06-2024
1663,Brenda Cowan,26-10-2000,Female,Sheilaberg,New York,james79@example.net,(992)445-2543x6814,Regular,Active,26-08-2022
1664,Julian Cardenas,10-11-1961,Male,East Kristen,Pennsylvania,sfowler@example.net,(504)395-3864x04065,Regular,Inactive,07-09-2023
1665,Cassandra Weeks,08-07-1976,Female,Barbarashire,Arizona,gibsonlinda@example.net,5236959390,Regular,Active,25-03-2026
1666,Hannah Rubio,05-07-2005,Female,West Davidview,Texas,varcher@example.com,(687)359-3614x751,Regular,Active,01-03-2026
1667,April Caldwell,04-12-1952,Female,West Patrick,Massachusetts,scott88@example.net,+1-677-480-7424x9597,VIP,Active,08-01-2022
1668,Jennifer Simpson MD,24-11-1986,Female,Lake Alexandria,Pennsylvania,william90@example.com,(370)973-8484x552,Regular,Inactive,20-05-2023
1669,Courtney Miller,17-09-1975,Female,Lake Clarenceborough,Florida,michaelkramer@example.com,672.229.3681,Premium,Active,25-11-2022
1670,Anna Castillo,18-10-2007,Female,Michaelhaven,Texas,andrewpineda@example.net,785.230.1474x337,Regular,Inactive,29-10-2025
1671,William Pierce,21-12-1971,Female,Harveyhaven,Ohio,gary49@example.org,001-594-222-9325x1543,Regular,Active,01-04-2025
1672,Lisa Green,30-03-2000,Male,West Christopherside,Illinois,sandra33@example.org,883-957-1595,New,Active,31-03-2023
1673,Jerry Roach,31-03-2005,Male,North Joseph,Pennsylvania,jjoyce@example.org,829.306.0580,Premium,Inactive,27-03-2026
1674,Mario Thompson,05-04-1954,Male,Port Christine,North Carolina,christopher65@example.org,-1587,Regular,Active,26-05-2026
1675,Jennifer Adams,08-11-1963,Male,New Cynthiaton,Illinois,rshannon@example.org,(705)488-7725x36886,Regular,Inactive,06-06-2023
1676,Edward Mitchell,19-01-1953,Male,Lake Ianton,Ohio,matthew34@example.net,369-379-3936x6557,New,Inactive,08-06-2026
1677,Connor Brown,22-12-1994,Female,Port Jennifer,Virginia,hayesjohn@example.com,634-992-0301,VIP,Active,06-07-2022
1678,Christy Trevino,29-04-2010,Male,Lake Danaland,Washington,kbridges@example.org,001-425-681-0758x9562,Regular,Active,09-04-2023
1679,Alexander Weiss,03-06-1954,Female,Port Caleb,Texas,hgarcia@example.org,9519419271,Regular,Inactive,11-06-2025
1680,Troy Bryant,06-06-2007,Female,Hursttown,Illinois,fordgregory@example.org,508.883.0017x164,Premium,Inactive,15-10-2021
1681,Gloria Murphy,28-01-1975,Female,Meganfurt,California,umiles@example.net,001-367-559-0798x81761,Premium,Inactive,22-09-2024
1682,Kenneth Vasquez,29-06-1989,Female,Angelview,Illinois,teresapittman@example.org,001-679-800-1548x5775,Regular,Active,06-12-2022
1683,Katelyn Salinas,15-06-1973,Female,Susanmouth,Massachusetts,duaneschroeder@example.org,429.708.9045x51652,Premium,Active,27-02-2022
1684,Jose Davies,27-03-1965,Female,Lake Michelle,Texas,martingeorge@example.org,+1-935-225-0909x5218,New,Active,23-05-2022
1685,Sandra Williams,10-01-1981,Male,Port Jennifer,Colorado,nicholas15@example.com,001-941-694-8135x7184,Regular,Active,05-04-2023
1686,Candace Warner,27-01-1982,Female,Port Tinaville,Florida,wrightamy@example.com,001-318-433-4516x3534,Regular,Active,22-06-2023
1687,Michele Small,07-06-1961,Female,Lake Tiffany,Arizona,johnjohnson@example.org,(540)446-3749x2360,Premium,Active,07-04-2026
1688,Melanie Reid,01-09-1991,Female,Markchester,Georgia,brentrichard@example.net,9448511263,VIP,Active,23-05-2026
1689,Mrs. Christy Bryant,07-09-1952,Male,North Robynberg,Massachusetts,ksnyder@example.com,001-369-302-6279x1925,Premium,Active,14-03-2024
1690,Lydia Curtis,01-08-1956,Male,Rossfort,North Carolina,adam77@example.com,(691)730-3896x22479,Regular,Active,21-02-2026
1691,Andrew Nelson,06-09-2001,Male,West Matthewfurt,Colorado,keith41@example.org,+1-362-268-3792x69292,Regular,Active,09-07-2022
1692,Kayla Velez,20-11-1958,Female,North Davidville,Arizona,jesse17@example.com,848-719-3020,New,Active,03-04-2023
1693,Wendy Bradford,04-09-1998,Female,New Sheila,Arizona,zbrown@example.net,3403109031,VIP,Active,28-11-2021
1694,Kerri Peters,31-12-1979,Male,New Colton,Virginia,changjoshua@example.com,6923136827,Regular,Inactive,03-01-2022
1695,Sabrina Erickson,10-08-1982,Female,Morganmouth,Texas,tiffanyperry@example.net,001-861-212-1063x7860,Regular,Inactive,26-03-2024
1696,Robert Morton,21-04-1965,Female,North Miguel,Ohio,melissa84@example.org,508.654.2860,Premium,Active,01-09-2023
1697,Barbara Taylor,27-09-1992,Male,West Tyler,Virginia,robertsonfrank@example.com,001-613-970-7640x76251,New,Active,10-03-2025
1698,Victor Hernandez,07-06-2008,Female,Gregoryside,New York,patricia95@example.com,(991)360-9080x083,Regular,Active,17-07-2024
1699,Michelle Hernandez,27-08-1951,Female,Wrightmouth,Colorado,johnsdale@example.org,001-830-909-8586,Premium,Active,08-10-2025
1700,Kayla Mccarthy DVM,01-09-2003,Female,Watsonmouth,Washington,nathanchavez@example.com,9684470678,New,Active,05-04-2023
1701,Andrea Erickson,11-01-1977,Female,Smithburgh,Illinois,brent26@example.com,001-542-837-1942,Regular,Inactive,19-01-2026
1702,Sharon Gardner,04-03-1970,Male,South Jerry,Pennsylvania,johnhines@example.com,001-322-590-6995x62328,Premium,Active,05-08-2024
1703,John Brown,23-09-2001,Male,Ariasport,New York,brucelorraine@example.com,325.412.3202,Regular,Active,17-12-2022
1704,Martin Williams,18-11-1988,Female,Port Lisafort,Michigan,changmary@example.org,732.409.2237,New,Active,14-10-2025
1705,Miss Ashley Bowman DDS,21-09-1984,Male,North Robert,Florida,ltrevino@example.net,+1-845-913-8333x92174,New,Active,27-11-2023
1706,Michael Weber,01-02-1951,Female,Castromouth,Florida,monica90@example.org,901-339-1157x2701,Premium,Inactive,30-01-2025
1707,David Bryant,30-03-1990,Female,Ashleyfort,Michigan,irichmond@example.net,5299194807,New,Active,23-12-2025
1708,Kevin Ross,23-07-1965,Female,East Sara,Oregon,xwilliams@example.org,619-675-6035x11232,Regular,Active,01-03-2024
1709,Dustin Snyder,25-02-1956,Male,Reneestad,Massachusetts,qglover@example.net,676.799.8694x2959,Regular,Active,07-03-2026
1710,Kevin Ross,25-08-2009,Female,East Austinborough,New York,emily91@example.com,-7236,Premium,Active,14-05-2024
1711,Tyler Bruce,05-11-1967,Female,Griffinville,Massachusetts,fnorman@example.com,207.225.9996x1075,Regular,Inactive,01-01-2026
1712,Dennis Golden,17-12-1963,Female,Lawrenceshire,Pennsylvania,kaitlynwallace@example.org,497-562-7959,VIP,Inactive,14-10-2022
1713,Jennifer Evans,09-06-2007,Female,Courtneymouth,Washington,walkerkatie@example.com,320-418-6241,New,Active,19-12-2022
1714,Natasha Ruiz,02-08-1960,Female,Josephbury,Oregon,jeffreyrichardson@example.com,978.801.2926,Premium,Active,14-11-2025
1715,Mark Nguyen,07-10-1993,Male,Markville,Florida,hayley73@example.net,310.282.3159x482,New,Active,13-12-2023
1716,Cassie Coffey,14-09-1955,Male,West Robertchester,Illinois,schroederrachel@example.org,4558985012,VIP,Inactive,26-08-2022
1717,Teresa Lynch,30-05-1994,Female,Robinsonborough,Ohio,scottramirez@example.org,001-673-211-3878x0717,Regular,Inactive,24-08-2024
1718,Michael Cruz,16-02-1986,Female,Davidborough,Oregon,timothywood@example.net,3838781778,Regular,Active,11-09-2025
1719,Mr. Geoffrey Sloan,17-04-2008,Male,Maryland,Illinois,angelicamullins@example.com,9995860187,Regular,Inactive,07-06-2026
1720,Whitney Coleman,07-04-1954,Male,East Maryfurt,California,raymondgibson@example.net,001-612-366-4473x0683,New,Active,31-03-2022
1721,Christopher Lowery,25-06-1989,Female,Mercertown,Washington,millervictoria@example.com,583.559.7541x6527,Regular,Active,01-08-2022
1722,Tim Jordan,07-12-1999,Male,Mcmahonfurt,North Carolina,vjennings@example.net,+1-338-991-4445x27521,Premium,Inactive,06-02-2025
1723,Jacqueline Esparza,12-04-1993,Male,Hollyport,Florida,davisjean@example.org,681-560-1716x4657,Premium,Active,25-07-2025
1724,Jerry Hays,02-05-1981,Male,South Krista,North Carolina,jacobstevens@example.net,(569)552-3683,Regular,Active,22-10-2023
1725,Crystal Barron,08-04-2000,Male,North Sherimouth,Washington,daniel39@example.org,367-666-6914x36876,Regular,Inactive,15-05-2026
1726,Stephanie Rogers,04-09-2003,Male,Darrylstad,Colorado,rileyphilip@example.com,001-695-526-6885x72607,Regular,Active,12-05-2025
1727,Julie Martinez,07-10-2001,Female,Brianview,Pennsylvania,christopher84@example.org,355.644.7013x401,Regular,Active,10-01-2024
1728,Michael Chang,16-07-1953,Male,New Joseburgh,Pennsylvania,emilywilson@example.org,001-547-776-4706x5702,Premium,Active,04-05-2025
1729,Victor Lee,04-02-2005,Male,Sabrinafurt,North Carolina,natalie99@example.org,290-504-2078x369,Premium,Active,09-03-2022
1730,Beth Jordan,14-01-1973,Male,New Julie,Florida,milleryolanda@example.net,+1-278-402-7704x04064,Premium,Active,23-05-2022
1731,Cristina Hunt,15-09-1959,Female,East Jonathanmouth,Virginia,chelsea63@example.org,001-377-900-2752,Regular,Active,25-02-2025
1732,Patricia Marquez,13-06-2009,Female,North Dana,Virginia,edward12@example.com,766-267-2211x803,Regular,Active,22-11-2021
1733,Derek Dickerson,28-01-1999,Male,Port Paul,Ohio,younglisa@example.org,001-928-647-9975x301,Regular,Active,08-02-2024
1734,Aaron Winters,21-07-1991,Male,New Darius,North Carolina,davidclark@example.com,712-721-4231x58343,Regular,Inactive,23-05-2024
1735,Mark Gibson,14-11-1960,Female,North Victoriahaven,Virginia,michael72@example.com,596-258-5510,Regular,Active,08-09-2021
1736,William Carlson,12-08-1992,Male,Williamsside,Georgia,lopeztravis@example.org,755-301-6691x055,Regular,Inactive,06-07-2024
1737,Jeffery Holmes,12-10-2001,Female,Quinnport,Florida,obray@example.com,+1-807-554-5919x827,Regular,Active,21-07-2021
1738,Erik Baker,20-07-1962,Male,Port Eric,Pennsylvania,debraowens@example.net,618.240.7833x8181,Premium,Inactive,22-12-2022
1739,Tiffany Mendoza,27-08-2007,Female,North Ryan,California,antonio58@example.org,+1-573-246-7842x794,Regular,Active,08-09-2023
1740,Jennifer Lawrence,27-05-1990,Female,Wilcoxville,Georgia,murrayharold@example.net,(962)561-6476x2999,Regular,Active,30-08-2024
1741,Taylor Ramirez,18-04-2008,Male,Jefferyton,Georgia,wilsoncory@example.org,001-804-783-0127x308,VIP,Active,11-06-2025
1742,Jeremy Peterson,16-05-1975,Female,Huffmanhaven,Georgia,enewman@example.org,941.774.9870x16921,Regular,Active,25-03-2022
1743,Brandy Sanford,15-02-2000,Female,New Emily,Georgia,jennifercarson@example.org,896.492.2064x5725,VIP,Active,08-08-2025
1744,Katie Johnson,28-07-1981,Male,Lake Mary,Washington,darylchavez@example.org,664.610.9319,Premium,Inactive,25-05-2025
1745,Jason Hawkins,23-05-1975,Male,East Justinfurt,Texas,mnichols@example.com,001-336-309-9959x42846,Premium,Active,22-03-2024
1746,Jean Andrews,23-02-2002,Male,Lake Zacharyland,California,bblankenship@example.com,(978)310-7203x6474,VIP,Active,15-09-2024
1747,Vanessa Barber,19-10-2005,Female,West Tracyfurt,Pennsylvania,johnny73@example.org,-5019,Regular,Inactive,06-01-2024
1748,David Lambert,29-12-1969,Male,Port Michaelbury,Pennsylvania,alexbrown@example.com,(881)543-3433,Regular,Active,04-07-2022
1749,Diana Fox,06-02-1964,Female,East Colleenshire,Washington,morenomichael@example.org,+1-338-534-4011x9402,Premium,Active,28-03-2022
1750,Jill Powers,09-12-1974,Female,Chapmantown,California,margaretkidd@example.net,001-860-722-8614x0286,Regular,Inactive,03-10-2024
1751,Gilbert Ramos,24-03-2010,Male,Samanthamouth,Florida,joe38@example.com,(840)502-6244,VIP,Active,04-09-2023
1752,Richard Reed,27-02-1997,Female,North Dylanborough,California,michael60@example.com,(653)689-2591x33988,Premium,Inactive,27-01-2026
1753,Patrick Williams,14-09-1974,Female,Lake William,Florida,njohns@example.org,(350)852-9895,VIP,Active,01-03-2024
1754,Emily Moss,21-02-1963,Male,Gilbertview,Colorado,mariaross@example.com,001-305-854-4986x406,Regular,Inactive,19-04-2023
1755,Mary Bush,12-12-1994,Male,North Kelsey,Colorado,melissaflowers@example.org,971-742-4847x0351,New,Active,26-12-2022
1756,Virginia Martinez,12-03-1961,Female,South Kellieside,California,williamadkins@example.com,493.586.9324x0043,Premium,Active,12-12-2022
1757,Gary Odonnell MD,21-05-1967,Male,Port Maryside,California,edwardsullivan@example.org,(512)732-7256x56641,Regular,Active,01-07-2025
1758,Robert Larsen,11-09-1970,Male,New Scottberg,Ohio,mhill@example.net,245.733.1123x1375,Regular,Active,03-07-2025
1759,Tiffany Acosta,27-03-1977,Male,Garyview,Massachusetts,hollandjane@example.org,374.765.2389x31187,Regular,Active,25-01-2025
1760,Brittany Glover,01-08-1961,Female,South Aaronfurt,Georgia,qrose@example.net,844.882.0431x371,Premium,Active,13-07-2025
1761,Ryan Higgins,25-09-1982,Male,Lake Samuel,Washington,greengrant@example.org,+1-794-464-2283x557,New,Active,16-10-2024
1762,William Ramos,27-11-1993,Female,Bryantmouth,North Carolina,brettnovak@example.org,209-974-9751x915,Regular,Inactive,16-08-2023
1763,Robert Parks,03-01-1967,Female,South Kenneth,North Carolina,denise06@example.org,662-676-3999,Regular,Active,06-02-2024
1764,Alec Vargas,15-12-2002,Male,South Johnton,Florida,christinedalton@example.net,317.536.8163x1504,Regular,Active,15-03-2025
1765,Mark Moore,07-06-1994,Male,Ashleyfurt,Virginia,miguelbrown@example.net,720.441.0880x5613,Regular,Active,12-12-2021
1766,Brian Powell,13-06-1956,Male,New Ryan,Georgia,myersjason@example.net,786.525.3105x222,Regular,Active,20-03-2026
1767,Catherine Sanders,17-10-1990,Male,Lake Katherine,Oregon,royamber@example.org,307-432-1087,Regular,Active,31-10-2023
1768,Andrew Morgan,27-12-1972,Male,Port Rachelview,Washington,richardrobinson@example.org,(733)857-4687x3965,Premium,Inactive,17-08-2023
1769,Mr. Joseph Price,03-02-1956,Male,Reedfort,Pennsylvania,joshua77@example.net,651-644-4426,Regular,Active,18-03-2023
1770,Christopher Moran,13-07-1996,Male,Richardport,Arizona,ngonzalez@example.com,(323)966-2983x56715,Regular,Active,12-08-2022
1771,Mark Williams,18-03-2004,Female,South Joseton,Massachusetts,melody13@example.org,(652)991-9739x22399,Premium,Active,08-12-2023
1772,Adam Benitez,30-01-1975,Male,Chelseyland,Florida,dholloway@example.org,+1-227-314-9687x07542,Regular,Active,24-01-2022
1773,Charles Flowers,05-04-1983,Male,Paulmouth,California,susanmaldonado@example.org,8874839320,Regular,Active,22-04-2026
1774,Charlotte Hall,08-06-1994,Female,Kristiechester,Massachusetts,mmendoza@example.com,(405)497-9026x7964,Regular,Active,06-11-2023
1775,Lisa Joyce,06-07-1975,Male,Thomasside,Michigan,mark68@example.com,001-744-672-2791x96865,Premium,Inactive,02-07-2023
1776,Michelle Walls,06-07-1954,Male,Ashleyborough,Oregon,kimberlywalker@example.org,434.650.3395,Regular,Active,29-03-2025
1777,Vincent Lopez,17-01-2010,Male,Annchester,California,jasonli@example.net,305-718-3952x208,Premium,Active,25-11-2021
1778,Patricia Wilkins,12-01-2001,Female,Brockmouth,California,barnettdeborah@example.org,+1-638-585-6533x11736,Premium,Active,10-02-2022
1779,Jody Morrison,10-06-1965,Female,South Cindyland,Pennsylvania,rcastillo@example.com,001-215-714-2805x83237,Premium,Inactive,23-09-2022
1780,Alicia Santos,06-02-2006,Female,Port Angelica,Illinois,tyler25@example.net,481.644.6342x94287,Regular,Active,23-07-2025
1781,Patricia Larsen,18-12-1972,Male,Patriciamouth,California,schmidtrobert@example.org,+1-756-847-1254x886,Regular,Active,10-07-2023
1782,Teresa Jones DVM,07-01-2008,Male,Devinland,Colorado,browncolleen@example.org,743.827.7523x3655,Premium,Active,28-09-2023
1783,Courtney Andrews,28-01-1985,Male,Wrightstad,Arizona,cynthiaking@example.com,001-345-844-0219x6213,Regular,Active,01-06-2023
1784,Elaine Coleman,19-06-1971,Male,New Christopher,Pennsylvania,obaker@example.net,001-403-759-0429x45333,Regular,Active,27-08-2022
1785,Jacqueline Underwood,19-03-1983,Female,Gallegosshire,Michigan,kaitlyn88@example.net,(474)483-8112x758,New,Active,10-06-2023
1786,Thomas Hill,20-11-1991,Male,East Nicole,Oregon,dthomas@example.org,001-727-754-0964x3971,Regular,Active,07-08-2024
1787,Rhonda Moore,16-08-1965,Male,Georgeview,Oregon,jeffrey76@example.net,(676)364-8509x04969,VIP,Active,29-01-2023
1788,Melinda Wolfe,31-01-1995,Male,Brownborough,Michigan,perezandrea@example.net,(975)652-1748x95380,Regular,Active,20-05-2025
1789,Andrea Salazar,06-10-1974,Male,Port Anthonychester,Georgia,ynichols@example.com,698-641-6713x15748,Regular,Inactive,31-12-2024
1790,Joseph Cardenas,03-03-1965,Male,New Christopherfurt,North Carolina,aaron63@example.com,+1-986-696-6078x409,Regular,Active,15-05-2024
1791,April Aguirre,20-12-1983,Female,Hughesstad,Massachusetts,campbelljessica@example.com,3146182498,Premium,Active,10-02-2024
1792,Amy Carter,28-07-1990,Male,Hartmanbury,North Carolina,sara67@example.org,317.777.9492,Regular,Inactive,30-08-2021
1793,Teresa Simmons,27-06-1965,Male,East Theresastad,California,tracy43@example.org,268.452.1238,Premium,Active,17-04-2025
1794,Tiffany Galloway,15-04-1985,Male,Laurieport,New York,alicia40@example.com,246.928.0235x2825,VIP,Active,06-10-2024
1795,Brandy Patterson,04-05-1987,Female,Jimenezton,Washington,jacob63@example.org,762.568.6558x95752,Regular,Active,22-10-2022
1796,Robert Smith,11-11-1977,Female,Farrellland,Ohio,ashley89@example.org,424-809-2588,VIP,Active,04-08-2023
1797,Susan Sanders,28-05-1992,Male,Wilsonborough,Arizona,warrenlopez@example.org,247-295-3348x08801,VIP,Active,11-08-2025
1798,Brian Jacobson,28-01-1955,Female,South Theresa,Pennsylvania,bryan83@example.com,260-324-2751x1861,New,Active,14-10-2021
1799,Peter Smith DDS,05-11-2007,Female,East Andrea,North Carolina,parkjoshua@example.org,805-430-3483,Premium,Active,14-05-2026
1800,Robin Whitaker,11-09-1981,Female,South Shawn,Oregon,nfleming@example.com,959.210.0353,Premium,Active,16-09-2024
1801,Luke Burns,24-07-2006,Female,Lake Rachel,Michigan,michael82@example.org,(961)302-1583x93546,Premium,Inactive,13-01-2025
1802,Dawn Wheeler,12-04-1954,Male,Port James,Pennsylvania,lukeperry@example.org,-5858,Regular,Active,03-09-2024
1803,Deborah Logan,03-09-1988,Female,Andersonmouth,Ohio,anna84@example.com,001-400-623-8654x165,Premium,Active,14-05-2024
1804,James Phillips,18-05-1962,Male,Brendaview,Virginia,adamsgregory@example.net,644.648.8812,Regular,Active,26-07-2025
1805,William Wade,27-04-2006,Male,Amandatown,Pennsylvania,vaughanclaudia@example.org,001-350-428-6354x0196,Regular,Active,18-07-2023
1806,John Harper,25-10-2003,Female,Jodiland,Washington,zsantos@example.net,675.592.6158x338,Regular,Active,15-02-2026
1807,John Dean,27-06-1973,Male,Lauraville,Florida,lewiscarol@example.com,354.664.9823,New,Active,31-08-2023
1808,Nathan Klein,27-01-1955,Female,East Ashleymouth,Washington,dudleykaitlin@example.org,5573566076,Regular,Active,21-01-2024
1809,Michael Anderson,06-04-1977,Male,North Brittany,Illinois,victoria25@example.org,+1-822-290-6524x9512,Regular,Active,07-02-2026
1810,Megan Salas,07-12-1998,Female,Katelynstad,North Carolina,freemandavid@example.org,+1-465-970-2189x93347,Regular,Active,09-05-2023
1811,Ashley Terry,17-06-1986,Female,Wandaside,Texas,joseph93@example.net,578.849.7338x084,Premium,Active,03-04-2023
1812,James Ramos,17-03-1982,Male,North Jamiemouth,Washington,kelly76@example.com,001-405-213-9529x719,Premium,Active,05-06-2022
1813,Eric Houston,12-09-1987,Male,Newmanfurt,Florida,kristinpetersen@example.com,538.406.3550,New,Active,29-08-2023
1814,Angela Robles MD,16-12-1990,Female,New Aaron,Virginia,christopherchung@example.com,(858)237-8266,Regular,Inactive,13-09-2023
1815,Sally Walters,16-08-1955,Female,New Lauren,Georgia,chase74@example.org,579-341-8921x2304,Regular,Inactive,08-10-2022
1816,Jocelyn Gonzalez,15-03-1955,Male,Port Jamesfort,Virginia,lorisimmons@example.net,(296)375-1036x742,Regular,Active,21-03-2026
1817,Natalie Adams,07-12-1964,Male,Ryantown,Georgia,nvaldez@example.com,(430)501-3904,Regular,Inactive,16-02-2024
1818,Dominique Hogan,02-03-2003,Female,Amandashire,Michigan,wolfesavannah@example.com,770.770.6783,VIP,Active,21-05-2026
1819,Megan Landry,14-03-1987,Male,Lake Albertchester,Massachusetts,qjones@example.net,001-589-883-9446x4425,Regular,Active,15-04-2026
1820,Robert Hughes,08-06-2001,Male,East Daniel,Virginia,charles45@example.net,8379696291,Regular,Inactive,20-08-2023
1821,Mark Hill,13-08-2009,Female,Reillyville,Illinois,bridgetmccarthy@example.net,(938)982-8551x528,Regular,Active,09-12-2024
1822,Alexandra Fletcher,22-11-1986,Male,Oliviaport,Virginia,bradley34@example.org,3416975200,New,Active,14-04-2022
1823,Cody Rios,08-05-1964,Female,Christopherport,Michigan,escott@example.org,5477174001,Regular,Active,04-07-2025
1824,Margaret Zhang,21-07-1955,Female,North Derekberg,North Carolina,rbolton@example.net,692-527-3560x1847,Premium,Active,28-10-2022
1825,Maria Young,03-03-1959,Male,Caseyside,Arizona,hensleyjane@example.com,+1-547-646-0857x552,Premium,Active,18-04-2026
1826,Melinda Morgan,18-03-1998,Male,East Eric,North Carolina,griffithemily@example.net,553.827.4145,Premium,Active,13-01-2023
1827,Ricardo Hickman,03-04-1995,Female,Davistown,Illinois,petersonthomas@example.com,001-636-522-6463x838,Regular,Active,16-01-2026
1828,Carla Howard,15-12-2008,Female,Lake Michelle,Arizona,kingandrea@example.org,460.604.4515x546,Regular,Inactive,28-08-2025
1829,Meagan Snow DVM,07-05-1985,Male,Bradleyland,Washington,william38@example.org,768.986.3505,New,Active,15-07-2022
1830,Alex Collins,07-10-1996,Female,North Lindaborough,Michigan,tanyaburgess@example.com,694-228-2176x871,Regular,Active,18-05-2022
1831,Emma Blanchard,07-09-1964,Male,Barnesborough,Illinois,jessehorton@example.org,(861)434-8306x45553,Regular,Inactive,26-04-2026
1832,Andrew Wise,02-03-1967,Male,North Huntershire,Pennsylvania,thomasbrandon@example.org,+1-621-214-1327x293,Regular,Active,30-08-2025
1833,Karen Curry,13-01-1987,Female,Lake Donnafort,Colorado,christina22@example.com,689.912.7425x66853,VIP,Active,10-05-2026
1834,Mrs. Mikayla Patel MD,11-04-1991,Female,Lake Amanda,Colorado,sandra37@example.org,001-792-203-7750x782,Regular,Active,25-04-2024
1835,April Harris,23-07-1986,Male,South Charleshaven,Florida,jimking@example.org,(899)429-3402,VIP,Active,19-08-2021
1836,Ariana Gutierrez,29-03-1961,Male,West Carolstad,North Carolina,tmeyers@example.net,923-892-0643,Premium,Active,29-06-2022
1837,Edward Hall,24-02-1988,Male,North Mathew,Texas,sararojas@example.com,(542)581-4031x7120,Regular,Active,20-12-2022
1838,Sarah Farrell,03-01-1965,Female,Brendachester,Massachusetts,oliverdennis@example.org,568-972-3501x9689,Regular,Active,04-10-2025
1839,Wanda Price,18-09-1973,Male,Cynthiachester,New York,richard23@example.com,(363)631-6056x676,Regular,Active,31-03-2026
1840,Steven Ward,22-04-1964,Female,Lake Meganville,Florida,qgarcia@example.org,232-634-0205,VIP,Active,05-03-2024
1841,Heather Banks,17-07-1966,Male,Mccannchester,Colorado,jennifercalderon@example.net,957-380-5012x4371,Regular,Active,12-08-2021
1842,Lisa King,08-08-2002,Female,Kimchester,Texas,kevinrodriguez@example.org,(209)483-5967x733,New,Inactive,02-12-2021
1843,Ryan Smith,17-08-1993,Male,New Briana,Virginia,martin51@example.com,895-839-0093x73821,New,Active,03-04-2022
1844,Jason Hall,27-11-1980,Female,North Stephenside,New York,ronaldduke@example.net,744.728.3927x3776,Regular,Active,23-09-2023
1845,Dustin Pacheco,27-06-1968,Male,Fryestad,Illinois,iandrews@example.net,434-968-9482,Premium,Inactive,06-08-2023
1846,Kari Perkins,11-03-2000,Male,Trevinoborough,California,angela55@example.net,839-490-8566,Regular,Active,14-12-2025
1847,Andrew Guzman,26-06-2006,Female,South Lee,Georgia,durananthony@example.net,-10253,New,Active,03-09-2021
1848,Taylor Atkins,30-01-2003,Female,South Johnny,North Carolina,megancalhoun@example.org,596.281.3012x96890,Premium,Active,04-04-2023
1849,Joseph Vincent,23-10-2009,Male,Adamtown,Ohio,bensonbill@example.net,725.378.3655x98135,Premium,Active,23-05-2025
1850,Daniel Galloway,03-01-2005,Male,Ortizborough,New York,craig70@example.net,322-408-9807x9195,Regular,Active,26-06-2025
1851,Brian Heath,10-03-1953,Male,Kellyfort,Florida,sarahatkins@example.com,(646)628-2131,Premium,Active,10-06-2025
1852,Kristin Dickson,30-06-1953,Female,New James,Colorado,dsoto@example.org,881.498.5704x0509,Regular,Inactive,05-04-2023
1853,Charles Davis,02-04-1997,Male,North Sherri,Florida,markmurillo@example.org,7337661793,Premium,Inactive,26-04-2024
1854,John Baker,21-11-1991,Female,New Isaiah,Oregon,mcguiremichelle@example.org,668.430.3808x27518,Regular,Active,11-01-2026
1855,Alison Hernandez,20-06-1990,Female,Kinghaven,Ohio,ghamilton@example.net,540-672-7911x61580,Regular,Inactive,28-04-2024
1856,Kristy Pope,09-05-1986,Female,Destinyton,California,sandra20@example.org,500.345.9192,Premium,Active,18-01-2025
1857,Rachel Rodriguez,17-02-2002,Female,West Jerry,Washington,kimberlykelly@example.net,8799001634,Premium,Active,29-02-2024
1858,Maria Bennett,05-03-1956,Female,Lamberthaven,Florida,kellyedwards@example.com,(861)982-6529x507,Regular,Active,31-01-2025
1859,Carlos Weaver,27-02-1992,Male,Banksfort,North Carolina,chelsea67@example.com,605.710.9705,Regular,Inactive,23-09-2025
1860,Sarah Mcintosh,19-10-1994,Male,North Billy,Massachusetts,bshields@example.org,315.757.8004,Regular,Active,04-04-2023
1861,Jason Spence,07-01-1969,Female,Valenciaborough,Massachusetts,michael06@example.com,001-471-562-2996x38836,Regular,Active,10-07-2025
1862,Terry Miller,21-06-1984,Male,New Rebekahhaven,California,davisjason@example.com,001-292-949-7728x141,New,Active,17-11-2024
1863,Nicole Mccarthy,12-03-2005,Female,East Ashleybury,Pennsylvania,ksingh@example.net,4867172587,Regular,Active,06-12-2022
1864,Terry Hardy,13-08-1986,Female,Anthonymouth,Massachusetts,gracemedina@example.org,-4209,Regular,Active,06-05-2025
1865,Aaron Davis,25-08-1967,Female,Madisonshire,New York,ycampbell@example.com,515.588.5679x352,Regular,Active,23-01-2023
1866,Emily Hawkins,29-09-1999,Male,Port Hollybury,Arizona,sbailey@example.org,406-843-8730,Premium,Active,15-02-2023
1867,Isabella Henry,11-06-1963,Female,Robertsside,Oregon,james55@example.org,001-709-314-9845,Regular,Active,17-08-2025
1868,Gary Ray,04-05-1961,Female,Ericview,Texas,yyoung@example.net,628-762-8328,Regular,Inactive,29-01-2025
1869,Veronica Moran,07-11-1956,Female,New Larryberg,Colorado,wjones@example.com,(276)504-7782,Regular,Active,16-01-2023
1870,Deanna Torres,12-01-1951,Male,Loweryberg,Florida,brittanyhicks@example.net,390.277.7848x7176,Premium,Active,12-08-2021
1871,Mitchell Moore,27-08-1962,Female,Michaelfurt,Massachusetts,lbond@example.net,001-470-379-2122x15346,New,Active,15-07-2021
1872,Thomas Bishop,12-02-1986,Male,Lake Pamela,Colorado,todd67@example.com,868.873.2720,Regular,Active,14-04-2023
1873,Jennifer Stewart,17-04-1994,Male,Lake Adamfort,Texas,mark80@example.org,707-491-5726x740,Regular,Active,03-12-2025
1874,Stephanie Baldwin,13-01-1995,Male,Michaelstad,Illinois,matthew47@example.org,5207759659,Regular,Active,14-11-2024
1875,Jill James,14-02-1985,Male,Mooreborough,Ohio,jonathan45@example.org,4329215525,Regular,Inactive,14-03-2023
1876,Meghan Marks,15-12-1960,Male,Port Monicastad,Michigan,aliciadeleon@example.com,261-857-2047x7449,Regular,Inactive,22-07-2021
1877,Samantha Mata,26-01-1970,Female,South Mark,Illinois,serranokimberly@example.net,001-335-869-0606x1216,Regular,Active,17-11-2024
1878,David Rodriguez,15-03-1970,Female,Melissabury,California,schaeferjody@example.net,694-908-4669x93359,Regular,Inactive,16-11-2024
1879,John Richardson,07-05-1972,Female,West Phillip,New York,anna84@example.org,932.687.7882,Premium,Active,11-08-2022
1880,Bryan Wilson,03-06-1979,Female,Port Connor,Illinois,ynelson@example.com,+1-705-743-9880x906,New,Active,04-05-2024
1881,Daniel Donovan,27-03-1998,Male,Maryside,Illinois,vbenjamin@example.org,+1-763-715-3869x64846,VIP,Active,20-06-2022
1882,Zachary Stone,24-09-2001,Female,Port Gailchester,Massachusetts,woodwardhayley@example.net,(679)890-0895x799,Regular,Active,13-05-2026
1883,Timothy Thomas,24-04-1989,Male,Watsonfurt,Illinois,autumnfowler@example.com,934.956.8650x258,Regular,Active,27-08-2024
1884,Chase Montgomery,02-03-1982,Female,South Cherylside,North Carolina,trevorfrazier@example.net,(621)553-0123x8902,Regular,Active,17-09-2023
1885,Matthew Harrison,18-12-1989,Female,Smithfurt,Arizona,sanchezthomas@example.net,(439)970-0268x000,Premium,Active,18-04-2023
1886,Bradley Jackson,05-10-2004,Male,Reillyburgh,Arizona,brownvanessa@example.net,2007311060,Regular,Active,24-03-2026
1887,Ashley Sanchez,09-04-1952,Male,North Danielleberg,Michigan,andersonanthony@example.net,512.471.0589,Regular,Active,23-02-2024
1888,Alice Mueller,08-06-2002,Female,Port Kristafort,New York,charris@example.org,+1-272-527-5676x880,Regular,Active,27-10-2024
1889,Craig Schneider,22-05-1995,Female,Jacksonhaven,Texas,davidsteven@example.org,001-284-461-6913x6960,New,Inactive,27-12-2022
1890,Eddie Lawson,01-10-2005,Female,Palmertown,Virginia,taylorcristina@example.net,809-820-8102x4523,VIP,Active,17-09-2021
1891,Andrew Aguirre,12-05-1993,Male,South Melissa,Florida,kevinhamilton@example.com,9034548443,Premium,Active,29-12-2022
1892,Matthew Torres,17-05-1984,Female,Marshallview,Arizona,pauljonathan@example.org,731-695-0910,New,Active,15-08-2021
1893,Jack Anderson,04-05-2003,Female,Christinaberg,Virginia,andrewarias@example.com,450.327.3361,Regular,Inactive,24-12-2021
1894,Nancy Walsh,23-02-1976,Male,New Kevin,Massachusetts,sandrapatrick@example.net,7607917736,Regular,Active,08-01-2022
1895,Stacy Hampton,22-01-1996,Male,North Karen,Massachusetts,roger42@example.com,913.692.7909,Regular,Inactive,24-10-2023
1896,Joseph Lang,08-03-1979,Female,Amychester,Pennsylvania,brian58@example.com,(697)999-5247,VIP,Active,02-10-2023
1897,Jackson Maxwell,17-04-1962,Female,Port Nancy,Arizona,michelletran@example.com,+1-444-959-0497x9617,VIP,Active,07-11-2023
1898,Matthew Lopez,24-11-1999,Male,Port Natalieville,Michigan,matthewkennedy@example.com,(460)411-4642,Regular,Active,28-01-2022
1899,William Ramos,01-08-1956,Male,Davidville,Michigan,morriskelly@example.net,001-841-353-4572x24171,Regular,Active,15-03-2026
1900,Jessica Potts,25-05-1951,Female,Brianhaven,Florida,maxwellbob@example.org,(614)883-8873x022,Regular,Active,05-08-2024
1901,Nicholas Bowen,25-03-1955,Male,South Cathyshire,Texas,pfrancis@example.org,(602)327-6690x143,Regular,Active,05-06-2026
1902,Yesenia Smith,07-03-2006,Male,Travisshire,Texas,angela19@example.net,368.374.4839,Regular,Inactive,08-10-2022
1903,Gary Hale,04-04-1989,Female,Carolland,Michigan,oharrison@example.org,(612)815-1679x54067,Premium,Active,23-03-2024
1904,Christopher Collins,30-06-1997,Male,Nguyenborough,Massachusetts,joelphelps@example.net,(998)695-6561x77415,Regular,Active,17-05-2022
1905,James Pineda,19-05-1962,Male,Port Julie,Pennsylvania,yburke@example.com,-3093,VIP,Active,15-04-2023
1906,Mr. Kyle Gomez Jr.,24-01-1951,Female,Angelafurt,Texas,gibsonjames@example.com,+1-263-381-1546x00329,Premium,Active,24-11-2021
1907,Ashlee Phillips,05-11-1980,Male,Port Stephen,Florida,matthew86@example.net,+1-380-356-9315x094,Premium,Active,02-07-2022
1908,Judith Fleming,04-01-1974,Male,Christinamouth,Colorado,wrightmaria@example.com,(342)349-4683,New,Active,02-12-2025
1909,Maria Willis,17-12-1972,Female,Sandersville,Massachusetts,donnacervantes@example.org,530.485.7695,New,Active,04-08-2021
1910,Julie Brown,10-10-1959,Male,Port Emily,Florida,dawn09@example.org,893.317.3733,Regular,Active,28-01-2024
1911,Christopher Henson,04-12-1952,Female,Wintersberg,Virginia,cameronperez@example.net,001-636-807-7773,New,Active,26-12-2025
1912,Cynthia Delacruz,27-02-1984,Male,Robynchester,Texas,mathewsholly@example.net,001-404-648-9973,Regular,Active,10-04-2022
1913,Sarah Carter,16-03-1990,Male,Sanchezland,Illinois,johnsonsabrina@example.net,992-457-3544x5631,VIP,Inactive,10-01-2023
1914,Erica Reynolds,15-03-1973,Male,Lake Maryville,Massachusetts,jimenezgeorge@example.com,+1-794-478-9189x183,Premium,Active,29-01-2025
1915,Jennifer Ingram,09-03-2002,Male,Daviston,Washington,angel08@example.com,(466)654-1042,Regular,Active,29-04-2026
1916,Kathy Reese,20-10-2008,Male,New Joseph,Arizona,william10@example.org,722.927.5268,Regular,Active,13-11-2024
1917,Amy Cook,05-09-2008,Male,Port Traciechester,Texas,jason36@example.net,(968)438-5103,Regular,Active,28-10-2021
1918,Jeffery Myers,16-02-1959,Male,Mollyton,Massachusetts,dpope@example.org,4645787842,New,Active,18-07-2022
1919,Tyler Woods,23-05-1991,Male,Lake Jasminetown,Georgia,matthew23@example.org,(248)538-6736,Premium,Active,25-11-2024
1920,Rodney Wade,26-03-2000,Female,Katiehaven,Michigan,icruz@example.net,6454047443,Premium,Active,19-09-2025
1921,Diane Blackwell,12-01-1984,Male,Lake Adam,Georgia,tavery@example.org,+1-526-394-1301x248,Regular,Active,30-05-2023
1922,Victor Hansen,22-09-1961,Female,Foxland,Oregon,billyhall@example.org,-9163,Regular,Active,14-04-2026
1923,Arthur Gross,06-12-2008,Male,Sanchezmouth,Texas,patricktyler@example.net,562.519.7902x782,New,Active,19-09-2025
1924,Christopher Ferrell,27-08-1998,Female,Port Ericside,Oregon,crobertson@example.com,4902699744,Regular,Active,16-04-2024
1925,Bernard Pierce,19-01-1968,Female,Stacyville,Washington,gilbertashley@example.net,373.260.7149,Regular,Active,04-10-2023
1926,Natasha Murphy,19-11-1994,Female,Jamesburgh,Texas,mpatton@example.com,-6101,New,Active,06-05-2024
1927,Colleen Maldonado,29-10-1966,Male,East Michelleton,Massachusetts,tiffany29@example.net,001-355-404-6393x9523,Regular,Active,03-12-2024
1928,Jeremy Reynolds,29-06-1962,Female,Amberhaven,Massachusetts,chadhernandez@example.com,+1-618-865-0827x1904,Regular,Inactive,16-07-2021
1929,Mrs. Dana Kelly,20-08-1982,Female,South Joyce,Georgia,jennifercopeland@example.net,(360)952-5902x35405,Regular,Active,06-02-2023
1930,Caitlin Harvey,29-11-1952,Female,West Emily,Virginia,angelasingleton@example.org,+1-670-748-8337x220,Regular,Active,09-05-2024
1931,Teresa Ray PhD,23-09-1963,Female,Port John,North Carolina,amber21@example.org,+1-883-635-2077x5575,Regular,Active,31-01-2026
1932,Valerie Daniels,21-05-1964,Female,South Hollymouth,Oregon,ybarker@example.com,+1-228-420-3994x511,Regular,Active,06-10-2022
1933,Andrew Moss,03-02-1980,Male,Alexiston,Massachusetts,thomasstephens@example.com,4819886432,Regular,Active,06-04-2026
1934,Theodore Hawkins,19-12-1976,Female,New Holly,North Carolina,cameronelizabeth@example.net,536.790.3936,New,Active,12-05-2024
1935,Sherry French,08-06-1978,Male,North Leahport,Ohio,itran@example.org,(835)464-5486x089,Regular,Active,30-05-2025
1936,Christopher Kelly,16-10-1984,Female,Cannonville,Florida,francomichael@example.org,001-207-619-7255x232,VIP,Active,13-05-2025
1937,Scott Blair,29-12-1981,Female,Shirleymouth,Pennsylvania,kevinhowell@example.org,(422)806-5451,Premium,Inactive,28-10-2023
1938,Antonio Mccormick,29-11-1973,Female,Carolynbury,Massachusetts,pgrimes@example.net,+1-783-214-7873x119,Regular,Active,13-05-2023
1939,Michael Snow,05-08-1990,Female,Turnerfurt,Florida,mlong@example.net,803.260.2873x9413,New,Active,06-10-2021
1940,Jennifer Allen,17-03-1991,Female,Hicksport,Michigan,hutchinsonbrad@example.net,927-331-3696x468,Regular,Inactive,06-02-2026
1941,Jennifer Cook,11-08-1974,Male,Michaeltown,North Carolina,susanbrown@example.org,(229)344-9548,New,Inactive,31-03-2024
1942,Sarah Chan,26-05-1970,Female,Stevenchester,Ohio,brightjohn@example.net,-7842,VIP,Active,01-04-2024
1943,Brian Delgado,17-12-1998,Male,West Emilytown,Georgia,melissa37@example.net,+1-661-425-6732x6784,New,Inactive,20-09-2022
1944,Mrs. Ashley Rodriguez,23-09-1976,Female,Adamfort,Washington,lsummers@example.org,3993726394,Regular,Active,02-03-2025
1945,Jordan Alvarez,28-02-1984,Male,South Steven,Virginia,fostererika@example.net,-7490,Regular,Active,01-05-2022
1946,Brandon Meyer,21-12-1982,Female,East Natasha,Arizona,erikahernandez@example.net,(744)209-9778,VIP,Active,17-10-2024
1947,Briana Hunt,03-02-2007,Male,New Margaret,Florida,ojackson@example.org,941-475-4320x27518,Regular,Active,28-05-2026
1948,John Smith,10-04-2000,Female,East Cynthia,Texas,dylanburns@example.com,(477)674-6750,Regular,Active,01-01-2023
1949,Mary Morales,15-10-1972,Male,Nelsonborough,Colorado,toddbryant@example.com,(958)391-4654,Regular,Active,08-05-2022
1950,George Dyer,30-06-2006,Male,Bradfordside,North Carolina,gaillin@example.net,(881)737-1962x92270,Regular,Active,12-02-2026
1951,Zachary Beck,22-06-1971,Male,Leonardtown,Virginia,tgilbert@example.com,001-479-724-0077x06947,Regular,Active,23-11-2022
1952,Michael Young,17-05-1966,Female,Figueroaborough,Colorado,glopez@example.org,480-797-7994,Premium,Active,31-12-2022
1953,Nicholas Riley,16-10-1992,Male,Amandamouth,Colorado,qwinters@example.com,-3186,New,Active,08-09-2024
1954,Paul Jefferson,23-11-1969,Female,Brianside,Texas,clayton27@example.com,286-783-3527,Regular,Active,26-10-2024
1955,Cory Turner,06-06-2006,Female,New Cynthiashire,Texas,drakekayla@example.com,326-740-2290x49587,Premium,Active,23-11-2021
1956,Alexander Lutz,15-07-1988,Male,West Heather,Illinois,gregoryholt@example.net,(745)933-9712x590,Premium,Active,10-07-2025
1957,Colton Hill,15-12-2001,Male,New Katelyn,Colorado,higginslinda@example.com,934.879.8671x743,Regular,Active,23-09-2023
1958,Todd Love,05-11-1989,Male,Thomastown,Oregon,joserichardson@example.net,001-441-779-9879,Premium,Active,17-07-2021
1959,Erika Jordan,23-02-1981,Female,South Gregorymouth,Texas,chad64@example.org,(807)670-1004x781,Regular,Inactive,29-08-2025
1960,Anna Valencia,21-07-1959,Male,Waltershaven,Georgia,willieholland@example.net,766-527-1135,Regular,Active,09-12-2025
1961,Steven Lee,13-01-1987,Female,North Eric,North Carolina,martintimothy@example.net,001-901-238-3695x9222,Regular,Active,25-03-2023
1962,Gary Lam,19-06-2005,Female,Dianamouth,Virginia,christineward@example.com,288.216.1289,Premium,Active,24-08-2025
1963,Janice Rivera,23-06-1968,Female,Davidsonshire,Pennsylvania,vclark@example.net,(227)469-5833x9814,Premium,Active,12-01-2026
1964,Kevin Ferguson,29-11-1963,Male,Martinezstad,Michigan,willisjoseph@example.com,001-481-581-3463x51448,Regular,Active,25-03-2025
1965,Patrick Chambers,12-07-1952,Male,Schwartzview,Illinois,johnsonjulia@example.net,001-214-312-9586x142,Regular,Inactive,20-06-2023
1966,Lisa Parker,25-06-1979,Female,New Carol,Pennsylvania,munozlindsay@example.com,-6475,New,Active,03-08-2021
1967,Joanne Hudson,21-06-1975,Female,Spencershire,Georgia,susan91@example.com,001-536-465-0443x3936,Regular,Active,25-03-2025
1968,Lisa Lara,08-05-1967,Female,Thompsonton,New York,ashley01@example.org,390.649.3829x82173,Premium,Active,03-11-2023
1969,Loretta Mays,23-06-1991,Male,Lake Aaronland,North Carolina,peckchase@example.net,909-965-7629x5855,Regular,Active,23-08-2025
1970,Rebecca Walker,10-09-1967,Female,North Jessicashire,California,houstoncody@example.org,8989146686,Premium,Inactive,17-02-2022
1971,Michael Dunn,12-11-1964,Male,Lake Hannahmouth,Oregon,haynesbarbara@example.net,(484)244-4027x3512,Regular,Active,02-02-2025
1972,Deborah Dixon,18-01-1996,Male,East Austinberg,Pennsylvania,philip90@example.net,483-356-4146x369,New,Active,30-10-2022
1973,Mr. Paul Hawkins,04-06-2007,Female,Jonesshire,Massachusetts,andrea21@example.com,575-795-6215,Regular,Active,28-05-2025
1974,Danny Jones,27-03-1984,Male,Port Justin,Massachusetts,chadmaynard@example.com,(230)898-7687x77207,Premium,Inactive,08-07-2022
1975,Katherine Smith,09-07-1953,Female,Kimberlyborough,Illinois,kendra64@example.net,(402)277-0775x4644,New,Active,25-07-2025
1976,Reginald Smith,12-04-1951,Female,Williammouth,North Carolina,jessicaharrison@example.net,001-925-456-5574x074,Regular,Active,08-06-2022
1977,Jenny Elliott,23-12-1968,Female,Collinsmouth,Colorado,courtney75@example.com,(973)450-3713,Regular,Active,19-09-2021
1978,Devin Robinson,24-09-1955,Female,Danaview,Oregon,ylevine@example.com,-4017,Premium,Active,26-03-2023
1979,Christy Quinn,09-05-1955,Female,South Aaron,California,kristenmiles@example.net,5083106274,Regular,Active,26-02-2026
1980,Albert Parker,27-08-1962,Female,East Jasmine,Ohio,john24@example.net,9316153657,Regular,Active,27-04-2024
1981,Daniel Perez,03-06-1983,Male,Ruiztown,Massachusetts,lisawallace@example.net,-3004,Regular,Inactive,02-04-2025
1982,Kelsey Baker,30-03-1985,Male,Mercadoport,Texas,brianwilson@example.org,(816)595-0784,Premium,Inactive,17-05-2022
1983,Joel Yang,03-11-1970,Female,Danamouth,Ohio,brandon48@example.net,512-216-6557x60154,Premium,Active,14-04-2022
1984,Chloe Villanueva,17-05-1955,Female,Colemanside,North Carolina,xruiz@example.org,239.629.9438,VIP,Active,02-05-2026
1985,Sandra Monroe,09-09-1981,Male,Crawfordstad,Florida,angela80@example.org,(861)944-8147x2709,VIP,Active,02-12-2024
1986,Brandon Henson,13-06-1988,Male,Allenmouth,Ohio,darrellcastillo@example.com,001-823-627-9585x2200,Regular,Active,12-03-2022
1987,Ryan Terrell,07-04-1972,Male,Cruzview,Florida,scottnichols@example.net,+1-283-499-1451x63775,Premium,Active,03-07-2022
1988,Monica Clarke,04-09-1982,Female,Katherineside,California,michele15@example.org,(541)630-3179,VIP,Active,08-02-2026
1989,Crystal Fletcher,23-01-1993,Female,Johnsonville,Michigan,ulewis@example.net,001-211-525-1590x344,Regular,Active,14-11-2025
1990,James Walton,04-05-1981,Male,East Carol,Ohio,edwinanderson@example.com,(803)883-4228x730,Regular,Inactive,14-08-2021
1991,Jennifer Johnson,25-06-2004,Male,North Wesley,Washington,smithjill@example.org,(683)259-0047x390,Premium,Active,24-06-2022
1992,Alice Zamora,26-08-1993,Female,Dennisshire,Texas,dpeterson@example.org,943-933-8653x234,VIP,Active,18-04-2026
1993,Eric Singleton,30-01-1957,Male,South Robertshire,Texas,jenniferroberts@example.net,001-267-636-2021x8627,Premium,Active,29-10-2025
1994,James Baker,02-11-2008,Male,North Benjaminside,Michigan,gabriellepatterson@example.net,001-796-474-1954x0580,Regular,Active,03-01-2022
1995,Sarah Johnson,04-10-2008,Female,Sandraport,Washington,anna95@example.org,513.779.7237x0405,Regular,Active,11-05-2026
1996,Morgan Ramirez,09-02-1994,Female,Gomezland,Pennsylvania,christine63@example.org,001-978-429-9028x6701,Premium,Active,27-04-2023
1997,James Good,09-04-1960,Male,Larryside,Ohio,phillip47@example.net,-7597,Regular,Active,27-06-2023
1998,Melinda Luna,31-03-1995,Male,Seanchester,Ohio,wesley04@example.com,(583)549-4408x62112,Regular,Active,26-02-2022
1999,Debra Sullivan,17-11-1975,Male,North James,Georgia,csandoval@example.net,6639870696,Regular,Active,18-02-2023
2000,Bryan Green,03-09-1953,Male,New Jerry,Massachusetts,ibrown@example.net,001-824-464-1812x6887,Premium,Inactive,12-08-2023
2001,Gilbert Mcconnell,04-01-1951,Male,North Michael,Massachusetts,rhondalopez@example.com,245.289.8234x956,VIP,Active,15-03-2026
2002,Sheri Smith,14-06-1965,Male,Averychester,Colorado,jboyd@example.net,+1-921-414-5666x0841,Premium,Inactive,28-05-2026
2003,Kaitlin Garcia,27-12-1960,Female,Floresville,Illinois,michael18@example.org,748.338.6407x41137,Regular,Inactive,06-06-2022
2004,Donna Moore,15-03-2009,Male,New Melodyhaven,Illinois,markcrawford@example.org,(820)778-5124,Premium,Active,10-07-2021
2005,Devon Flores,17-10-1972,Male,Port Tyrone,Washington,vpeck@example.org,787-750-2558x14896,Regular,Active,26-01-2023
2006,Ryan Bailey,21-11-2008,Male,South Robert,Illinois,hburton@example.com,+1-757-499-5391x05135,Regular,Active,18-09-2022
2007,Michael Cardenas,22-10-1991,Female,Bowersside,Virginia,jmurphy@example.net,633-667-3418,Regular,Active,26-01-2024
2008,Jason Frank,26-04-1958,Female,Johnsonside,California,michaelroberts@example.com,-5484,Premium,Active,17-07-2021
2009,Nancy Davila,02-06-1974,Male,Josephbury,New York,nancywebster@example.com,(527)761-6691,Premium,Inactive,27-01-2026
2010,Mr. Michael Smith,09-02-1955,Female,Blankenshipberg,Arizona,dwhite@example.com,246-703-0890,Premium,Active,19-03-2023
2011,Christine Bryant,11-11-1994,Female,South Josephton,Florida,carolynsantiago@example.com,3097906835,Regular,Active,03-04-2024
2012,Cynthia Leonard,13-11-1963,Male,West Garrett,Arizona,pfranklin@example.com,001-870-921-0297x843,Regular,Active,21-06-2025
2013,Jennifer Hernandez,22-06-2002,Female,Kinghaven,California,austin73@example.net,315.972.5515x56272,Regular,Inactive,19-10-2024
2014,Alicia Lee,09-10-1978,Male,Thomasbury,Texas,joneslori@example.net,7553668880,VIP,Active,17-04-2022
2015,Allison Gray,05-07-1980,Female,Lake Colleenbury,Colorado,wfleming@example.com,(393)633-4010x65996,New,Inactive,30-01-2022
2016,Leonard Pennington,20-11-2009,Female,North Krista,Ohio,fbush@example.net,001-718-275-3154x33145,Premium,Active,09-06-2022
2017,Scott Haynes,07-05-1961,Female,West Katelynland,Virginia,oweber@example.org,001-475-426-5274x99086,Premium,Active,30-12-2023
2018,Cassandra Howell,19-01-1993,Female,New Sabrinaland,Virginia,donald05@example.org,992.972.3839,VIP,Inactive,18-12-2021
2019,Tracy Adams,08-10-1972,Female,Williamstown,Florida,darrellrivera@example.org,(384)427-1296x0448,Premium,Active,25-07-2024
2020,Elizabeth Kennedy,11-10-1962,Male,Youngfurt,Pennsylvania,youngashley@example.org,4286292256,Regular,Active,27-04-2026
2021,Timothy Ramsey,25-02-1987,Female,Lake Steven,Pennsylvania,jeremy45@example.com,001-292-586-4313x56705,Regular,Active,05-02-2022
2022,Renee Kerr,31-07-1950,Female,Johnland,Illinois,williamstina@example.com,479.903.3511x6832,Regular,Active,24-04-2025
2023,Regina Campos,01-04-1979,Female,East Justinstad,Illinois,smithtara@example.org,+1-501-398-5941x4684,Regular,Inactive,07-12-2022
2024,Emily Hill,03-05-2003,Female,Lake Heidi,Pennsylvania,youngscott@example.com,001-923-796-9092x374,Premium,Inactive,26-01-2025
2025,Carl Taylor,17-05-1975,Female,East Jillberg,California,robingilmore@example.org,398.424.8832,Regular,Active,20-11-2024
2026,Brandon Rodriguez,19-11-2003,Female,East Elizabethborough,Oregon,ivan68@example.com,(953)863-9018x4274,Regular,Inactive,20-09-2021
2027,Andrea Cunningham,30-03-1959,Male,South Michael,Georgia,theresaanderson@example.net,(750)910-2790x76667,VIP,Active,03-02-2024
2028,Michele Haynes,10-05-1954,Male,South Cliffordland,Texas,kyle57@example.org,(839)985-5385,VIP,Active,01-11-2021
2029,Kristen Hodge,25-10-1968,Female,North Carolineburgh,North Carolina,scottjames@example.com,(826)700-5638x9022,Regular,Active,08-07-2025
2030,Elizabeth Fitzpatrick,06-11-1959,Female,Port Jennifer,Ohio,kathleen75@example.org,244-715-4666x381,Regular,Active,11-03-2022
2031,Debbie Thompson,17-11-1986,Female,Jackiestad,Florida,dvazquez@example.org,662.290.1359x151,Regular,Active,13-06-2022
2032,Savannah Mcclain,13-12-1952,Female,Port Jeremyfurt,Illinois,lunakevin@example.com,649.641.9377,Regular,Active,09-04-2026
2033,John Morgan,12-01-1997,Female,Martinezborough,Washington,tracycastillo@example.com,780.652.6930,VIP,Active,06-05-2025
2034,Jason Rich,16-09-1969,Male,Stevenborough,Colorado,stephen62@example.com,3663522688,Premium,Active,03-11-2024
2035,Jodi Dunn,12-09-1981,Female,Port Brooke,Arizona,stevenanderson@example.net,7629294858,Premium,Inactive,23-01-2025
2036,Kathy Silva,04-09-2006,Male,Kramerfort,Ohio,tanya00@example.com,+1-984-935-1125x73513,Premium,Inactive,05-09-2023
2037,David Morgan,05-05-2008,Male,South Mark,Arizona,stevenlloyd@example.com,402-561-8998x831,Premium,Active,07-07-2022
2038,Allison Robinson,30-05-1976,Female,Sellersshire,Florida,avilascott@example.com,001-230-525-6428x955,Regular,Inactive,06-04-2023
2039,Daniel White,19-07-1990,Female,Jayton,Washington,hcarrillo@example.com,642-689-4800,Regular,Active,29-10-2025
2040,Jorge Mitchell,23-07-1957,Female,Stacyberg,Arizona,dsmith@example.net,(842)224-8990,Regular,Inactive,21-05-2025
2041,Lisa Cooley,24-01-1984,Male,Kevinview,California,judith30@example.com,001-768-869-5484x147,New,Active,06-12-2025
2042,Sandra Contreras,27-04-1988,Female,Mcdanieltown,California,yspence@example.com,001-341-416-5775x56617,New,Inactive,14-12-2025
2043,Michelle Mueller,13-04-2008,Female,Scottside,Arizona,bmorrison@example.com,927.430.8964,Regular,Active,11-03-2024
2044,Marcia Richardson,17-01-1954,Male,North David,Georgia,millersamuel@example.org,306.989.7519x57311,Premium,Active,04-05-2025
2045,Luis Mullen,30-03-1998,Female,Port Catherinetown,Virginia,tday@example.org,604.815.4182x3780,Premium,Active,02-11-2022
2046,Jennifer Fields,15-06-1955,Male,Williamsside,Washington,michaelevans@example.net,+1-863-946-8359x436,New,Active,07-06-2023
2047,Jesse Gilbert,19-08-1992,Male,Janetborough,Texas,lambscott@example.org,268.531.6834x736,Premium,Active,06-10-2022
2048,Yvonne Munoz,04-09-2009,Male,South Johnnyland,Arizona,grobbins@example.org,202.971.7911,Regular,Active,25-02-2025
2049,Amy Barry,19-05-1955,Female,North Amandaborough,Texas,mirandathomas@example.com,597.642.8098x7376,Regular,Active,18-12-2023
2050,Peggy Wilson,05-03-1952,Male,Patrickfurt,Texas,ibowman@example.net,001-836-850-5903x17758,Premium,Active,13-05-2026
2051,Christopher Clark,03-07-2006,Male,Elizabethton,Arizona,curtisdarren@example.org,207-254-0414x0395,Premium,Active,26-11-2021
2052,Jason Hall,02-08-1954,Female,Gonzalezhaven,Georgia,fordmichael@example.net,850.324.7945,Regular,Inactive,04-05-2025
2053,Cheryl Blanchard,30-08-2009,Male,New Tonya,Texas,clarkalbert@example.net,001-930-842-0324x2619,Regular,Active,15-04-2025
2054,April Wilson,04-06-1987,Male,Haileybury,Virginia,carlwalls@example.com,469.384.2454x172,Premium,Active,16-01-2023
2055,Lori Romero,05-02-1957,Female,Kramerchester,Michigan,charles05@example.org,(460)343-1750x52483,Regular,Inactive,28-10-2023
2056,Robert Graves,09-05-1998,Female,Lake Lindsey,California,tamaramorton@example.org,001-667-901-6260x9082,Regular,Active,24-08-2021
2057,Brady Ross,03-06-1951,Male,South Jennifer,Georgia,jonesemily@example.org,(356)434-1495x099,Premium,Active,04-01-2023
2058,Tammy Phillips,14-01-1953,Male,Francisfort,Pennsylvania,wheeleramanda@example.com,(911)806-9654,New,Inactive,02-02-2026
2059,Dawn Miles,19-04-1986,Female,Port Angela,California,daniellenichols@example.org,-3665,Premium,Active,22-08-2024
2060,Matthew Schroeder,18-01-1981,Female,Port Tammy,New York,cynthiawebster@example.net,823.803.1892,Premium,Active,04-10-2024
2061,Michael Taylor,31-01-1960,Female,Normantown,Massachusetts,carlosalvarez@example.org,(817)906-2448x602,Regular,Inactive,09-09-2025
2062,Brandon Mejia,23-03-1953,Female,Jenniferstad,North Carolina,fjohnson@example.org,(619)774-1891,Premium,Active,10-07-2025
2063,Walter Wiggins,07-09-1961,Female,West Jennifer,Ohio,johnharris@example.net,372-219-3314x7227,VIP,Active,19-08-2022
2064,Kendra Davis,04-11-1974,Female,New Theresamouth,New York,carpenterstephen@example.net,+1-256-201-4188x772,VIP,Active,20-09-2024
2065,Ian Krause,12-04-1968,Male,East Gregory,Virginia,obrandt@example.com,445-680-6909x29599,VIP,Active,12-04-2025
2066,Brandon Abbott,02-09-1971,Female,Lake Tylerfurt,Massachusetts,hernandezbrandon@example.org,(339)483-9588x3033,Regular,Active,12-03-2022
2067,Lindsey Jones,30-04-2001,Female,West Brandyville,Massachusetts,cmartin@example.net,(869)756-7006,Regular,Active,01-02-2024
2068,Mitchell Murphy,17-12-1989,Male,Greenefort,Texas,ryan83@example.net,780-878-2813,Regular,Active,22-02-2022
2069,Richard Castillo,04-01-1990,Male,North Lindsay,Virginia,karla52@example.net,303.633.8106,Regular,Active,23-01-2024
2070,Amanda Pope,20-02-1981,Female,New Kimberlymouth,North Carolina,etownsend@example.org,001-811-244-9205x63703,Regular,Active,13-08-2021
2071,Monique Casey,19-04-1993,Female,Leslieland,Michigan,samuel70@example.org,001-726-321-4372x0960,Regular,Inactive,18-01-2024
2072,Sarah Holden,09-01-1975,Female,Kristenview,Michigan,patricknewton@example.com,218-381-3143x500,Regular,Active,25-07-2024
2073,Kelly White,10-03-1990,Male,Lake Jeffreyton,California,yvonne63@example.com,448-667-3077,Premium,Active,02-01-2023
2074,Kimberly Fitzpatrick,17-06-1997,Female,Finleyberg,Oregon,edward07@example.net,(431)650-2665x8034,Premium,Active,16-02-2023
2075,Ian Murphy,20-11-1962,Male,West Robert,North Carolina,amanda96@example.net,+1-726-773-2002x1069,Premium,Inactive,28-12-2022
2076,Michael Frank,17-07-1950,Male,South Annaville,Ohio,david74@example.org,371.218.8852,Regular,Active,17-12-2022
2077,Daniel Park,08-05-1976,Male,East Lisa,Georgia,angelicaboyd@example.org,725-399-7583,Regular,Active,22-02-2026
2078,Dr. Kathleen Beard,20-05-2009,Male,Mullinsfort,Arizona,skinnerkevin@example.com,+1-698-278-6240x36443,Regular,Active,16-07-2023
2079,Jeffrey Parker,20-05-2005,Male,Rodriguezfurt,Florida,olivertimothy@example.net,001-961-717-0570x83155,Regular,Inactive,14-11-2024
2080,Abigail Rogers,17-12-1962,Male,Mccarthyburgh,California,gbyrd@example.org,780-326-4812,Premium,Active,04-09-2022
2081,Andrew Becker,17-01-1986,Female,South Jeanette,Texas,elizabeth88@example.net,324-553-0118x974,Regular,Active,18-07-2022
2082,Christine Brown,05-01-1964,Male,Michaelborough,Georgia,davisdaniel@example.net,6413962984,Regular,Active,01-07-2024
2083,Danielle Greene,29-10-1973,Male,North Laura,Illinois,sherry84@example.com,557.231.9179x60669,Regular,Active,05-05-2024
2084,Lisa Martin,17-10-2005,Female,South Brandonville,Michigan,debra11@example.com,+1-222-517-0787x88791,Regular,Active,22-09-2024
2085,Michelle Brown,15-07-2001,Male,South Stevenport,Georgia,kevin20@example.org,(911)986-7535x373,Regular,Active,15-12-2025
2086,Nicholas Russell,01-01-2002,Female,Garrisontown,Pennsylvania,amandadougherty@example.com,(666)750-1554x09753,Regular,Inactive,13-05-2023
2087,Kendra Sullivan,06-05-1967,Female,Port Heather,Illinois,awebb@example.com,837.692.1549x69171,Premium,Inactive,09-02-2024
2088,Pamela Page,30-07-1990,Female,Barnettmouth,Virginia,diana22@example.com,204.957.2572x1145,New,Active,11-03-2025
2089,Jason Richardson,13-09-1962,Female,Port Valeriestad,Oregon,leahmitchell@example.org,+1-433-600-4490x9150,Regular,Inactive,14-05-2024
2090,Michael Foster,24-05-1986,Male,West Marissaview,North Carolina,andersonrobert@example.com,(613)496-0895x78196,New,Active,01-04-2024
2091,Ms. Jessica Skinner PhD,07-02-1983,Male,West Walterton,Pennsylvania,aliciafrost@example.com,5755153363,Regular,Active,30-09-2021
2092,Shawn Moody,17-12-1978,Male,Brittneyberg,Georgia,trobbins@example.net,(412)854-2779,Premium,Active,15-09-2021
2093,Jeffrey Rodgers,08-03-1994,Female,Port Danielle,Pennsylvania,amy97@example.org,235-977-5410,Regular,Inactive,27-01-2026
2094,Alexis Ruiz,09-07-1999,Female,Riggsberg,Florida,nathanharris@example.net,391-308-7339x755,Regular,Active,17-11-2023
2095,Heather Collins,10-11-1977,Male,Ericfurt,Colorado,reginahogan@example.com,586.493.1935,VIP,Active,04-10-2021
2096,Robert Moore,26-06-1967,Male,Lake Teresa,Illinois,angela34@example.net,268.346.1018,VIP,Active,18-10-2024
2097,Ricardo Ramirez,19-06-1973,Male,New Robertside,Georgia,laurenhubbard@example.net,(636)460-6726x79338,New,Active,21-06-2023
2098,Gerald Sullivan,15-09-1951,Female,East Robinland,Virginia,lewisdaniel@example.org,406.785.9499x24836,New,Active,17-02-2022
2099,Alexandra Rogers,29-08-1968,Female,Guzmanfurt,Florida,gjohnson@example.com,830.760.4800x2871,Regular,Active,16-05-2026
2100,John Wells,13-06-2001,Female,New Eric,Florida,bateskayla@example.net,+1-639-744-8920x053,Regular,Active,03-10-2025
2101,Brooke Chang,17-06-1971,Male,Cherylstad,Florida,fmills@example.org,301.393.4519x37421,New,Active,01-10-2023
2102,David Davis,30-12-1960,Male,West Rodney,Washington,michaelsmith@example.org,-4616,Premium,Inactive,17-08-2025
2103,Ryan White,10-08-1955,Male,Walkershire,North Carolina,meganjohnson@example.net,796.541.5403x166,New,Active,11-10-2021
2104,Andrea Jefferson,14-01-1967,Female,Harperfurt,Ohio,mortongregory@example.org,913-779-2745,New,Active,22-08-2024
2105,Charles Hodge,17-01-1987,Male,North Jeffrey,Florida,hollandgarrett@example.org,2895523176,Regular,Active,22-08-2021
2106,Brian Burgess,28-07-1983,Male,Amandaport,Ohio,glewis@example.com,414-531-5781,Regular,Active,31-01-2024
2107,Natasha Vasquez,05-03-2002,Female,Thomasbury,North Carolina,daniel36@example.com,+1-318-376-8467x61278,Regular,Active,05-03-2024
2108,Terri Hughes,13-06-1960,Male,East Matthewmouth,Colorado,liamanda@example.com,385-986-2360x3071,Regular,Active,13-10-2023
2109,Jack Gonzalez,11-12-1962,Female,Garytown,Texas,floresomar@example.net,636.339.9313,Premium,Active,11-04-2025
2110,Corey Knight,18-02-2001,Male,Brucebury,Colorado,mmorris@example.net,+1-706-540-4892x99121,Regular,Active,16-02-2023
2111,Mr. Charles Brady MD,02-12-2007,Female,Williamsmouth,Michigan,perezlori@example.com,(838)761-9948x83757,Premium,Active,27-08-2023
2112,Jaime Tapia,16-10-1960,Female,North Matthew,Oregon,kevinwalton@example.net,760-763-9287,Regular,Active,28-01-2026
2113,Chad Gonzalez,19-06-1973,Male,New Johnburgh,Colorado,ctorres@example.com,(963)423-1268x341,Regular,Active,05-07-2023
2114,William Johns,22-09-1988,Male,West Christopherfurt,Colorado,forbessherry@example.net,6104291675,VIP,Active,29-03-2022
2115,Grace Warren,27-03-1988,Female,Stephanieshire,Colorado,daniel57@example.com,209-988-1655x6898,Premium,Active,21-11-2022
2116,Jeff Bender,22-10-1967,Male,Stephanieview,North Carolina,jestes@example.net,(275)738-2317,Premium,Active,21-02-2022
2117,Brian Richard,07-07-1966,Male,New Kimberlyside,Ohio,jlevy@example.org,926-835-3930,Regular,Inactive,09-02-2026
2118,Ellen Rogers,15-12-1989,Male,Conleyborough,California,sandramadden@example.net,836-507-0983x3566,New,Inactive,08-06-2024
2119,Steve Petersen,15-02-1967,Male,Port Frankside,Massachusetts,jerrydavila@example.com,8749477886,New,Active,17-07-2023
2120,Thomas Medina,16-02-1965,Male,Matthewfurt,Pennsylvania,louiswalters@example.org,001-968-920-5435x383,VIP,Active,29-07-2023
2121,Amy Greene,02-05-1970,Male,West Sean,Washington,nreed@example.net,001-415-662-3090x8054,VIP,Active,22-07-2024
2122,Judy Finley,21-08-1954,Male,Lake Veronica,California,santiagosheila@example.org,001-464-551-9974,Premium,Active,22-01-2025
2123,Todd Gilbert,04-07-1956,Female,Lake Michaelfort,Ohio,natalie30@example.org,958-950-7508x405,New,Active,02-09-2022
2124,Sara Smith,04-07-1962,Male,North Nancy,Michigan,scott43@example.net,841.636.4072x1866,Regular,Active,29-12-2021
2125,Renee Kim,08-03-1988,Female,Lake Lisa,Oregon,lance82@example.com,692-832-7380,New,Active,29-05-2025
2126,Michael Cook,08-02-1966,Male,Lake David,Florida,jonesmercedes@example.org,+1-211-973-5451x578,Premium,Active,23-04-2022
2127,Micheal Murray,02-01-1983,Female,Rachelhaven,Massachusetts,andrew17@example.net,(647)273-9122x41452,Premium,Active,30-05-2024
2128,Roy Collins,02-06-1965,Female,Valentinechester,Virginia,lindaanthony@example.org,+1-351-429-9205x7105,Regular,Active,18-11-2024
2129,Christopher Rivera DDS,20-01-1953,Female,New Victoria,Georgia,alexcurtis@example.net,7078002423,VIP,Active,02-04-2023
2130,Deborah Harrison,20-08-1954,Female,East Carlosside,Michigan,benjaminkelly@example.com,737.464.9916x78506,Regular,Active,05-12-2022
2131,Felicia Smith,14-09-1958,Female,Estesborough,Oregon,dhoward@example.com,9329768664,New,Inactive,17-10-2021
2132,Bradley Johnson,06-08-1950,Female,South Jessica,Georgia,angela51@example.com,(216)773-3805x91445,New,Active,03-07-2024
2133,Theresa Bailey,10-05-2001,Female,Foxview,Oregon,daniel74@example.net,937-302-3595x8735,Premium,Active,30-07-2024
2134,Ashley Camacho,14-10-1956,Male,Danafort,Illinois,iflores@example.com,546-393-0255x19809,Premium,Active,02-05-2026
2135,Donald Gaines,22-05-1986,Male,Lake Gabriel,Ohio,megansheppard@example.org,461-630-2733x41783,New,Inactive,06-11-2025
2136,Todd Hernandez,07-06-1989,Male,New Reneeton,Oregon,timothyparks@example.com,330-672-8618,Regular,Inactive,20-08-2022
2137,Mrs. Nicole Rosales,18-12-1969,Female,Saratown,North Carolina,martineznicholas@example.org,395-466-3433x16777,Premium,Active,05-10-2022
2138,Patricia Scott,16-09-1961,Female,Port Shawnashire,California,hmartin@example.com,+1-813-439-6229x4192,Premium,Inactive,27-05-2022
2139,Thomas Gallagher,07-10-1952,Male,North Danaborough,Virginia,suzanne05@example.net,337.206.8699x08255,VIP,Active,18-10-2025
2140,Stacey Welch,27-09-2006,Female,West Brenda,Oregon,morrisbrandi@example.net,(480)326-9656x3861,Premium,Active,29-12-2021
2141,Angela Lambert,26-09-1974,Female,New Glenn,Ohio,bowenpeggy@example.org,837.409.9194,VIP,Active,07-08-2025
2142,Brittney Price,23-12-1974,Female,Lake Bryan,Massachusetts,johnsmith@example.com,+1-203-547-5934x80134,Regular,Inactive,10-08-2025
2143,Annette Austin,30-12-1962,Male,West Jorgefort,Oregon,whitebrett@example.com,+1-340-333-9399x316,Regular,Active,28-02-2023
2144,Bethany Brown,17-02-1977,Female,Shieldsbury,New York,sanderslaura@example.com,001-323-285-0098x6382,Regular,Inactive,31-07-2024
2145,Angela Soto,27-03-1987,Female,Youngfurt,Virginia,phunt@example.org,908-924-2523,Regular,Active,27-09-2022
2146,Emily Brown,06-08-1955,Female,South Sharon,Ohio,ramirezchristopher@example.net,553-655-8169,Premium,Inactive,14-01-2022
2147,Angel Tanner,15-12-1954,Female,North Meredithborough,Georgia,dho@example.com,(249)204-3416,Regular,Active,02-02-2024
2148,George Morrison,26-11-1990,Male,Ashleystad,Illinois,nvargas@example.org,555.409.4677,VIP,Active,23-03-2025
2149,Sarah Daniel,28-06-1974,Female,Kathrynton,Washington,gmercado@example.com,601-817-0953,Premium,Active,23-08-2025
2150,Cesar Greene MD,10-09-1990,Male,Leeview,Florida,jacksonnathan@example.net,926.829.4306x3580,Regular,Inactive,09-02-2024
2151,Alexandra Adams,18-02-2006,Male,Oliviamouth,Georgia,gmckinney@example.com,703.991.1514x698,Premium,Inactive,09-09-2021
2152,Kyle Rojas,12-06-1981,Male,South Deannaland,Texas,smithdavid@example.net,001-964-977-4429x85915,VIP,Active,31-01-2025
2153,Emily Barry,01-03-1956,Male,New Jeffreyshire,New York,wigginsshannon@example.com,-4623,Regular,Active,18-09-2023
2154,Patrick Woodward,19-11-1998,Male,Mossland,New York,pkemp@example.net,4854053876,Regular,Active,09-02-2023
2155,Judy Holder,14-03-1972,Female,North Andrew,California,twood@example.net,764.462.9094x74374,New,Inactive,19-05-2023
2156,Samuel Martin,25-05-1977,Male,Frankview,Michigan,xwhitehead@example.org,354-360-1891,New,Active,04-12-2025
2157,Thomas Abbott,08-08-1964,Female,Susanview,Georgia,sperry@example.net,339.973.0150x86687,Premium,Active,11-02-2024
2158,Jeremy Wyatt,18-03-1991,Male,East Rickytown,Texas,steven38@example.com,845-637-2325x651,New,Active,10-11-2023
2159,Danielle Phillips,19-07-1951,Male,Donnaside,Oregon,jameskristin@example.com,(280)542-2058,Regular,Active,07-06-2024
2160,Sean Butler,03-05-1999,Female,Port Eric,Georgia,thompsonalyssa@example.org,8399096278,Premium,Active,02-02-2025
2161,Joshua Pennington,17-02-1994,Female,Port Madisonhaven,Massachusetts,ehernandez@example.org,(690)930-4165,Regular,Inactive,25-03-2024
2162,Destiny Mathis,08-06-1957,Male,Buchananshire,Texas,ywarren@example.com,(662)813-3182,Premium,Inactive,30-08-2025
2163,Linda Taylor,14-06-2007,Male,Lake Anthonyfort,Texas,jessica04@example.org,8168344959,Premium,Active,23-03-2024
2164,Carol Ali,01-12-1992,Male,Justinstad,Arizona,davidcummings@example.org,703.291.0133,Regular,Active,26-09-2024
2165,Chad Ortiz,17-10-1970,Male,South Paulmouth,Michigan,frank31@example.com,512.733.5211,Regular,Active,05-09-2021
2166,Kellie Cox,28-09-1983,Female,North Thomas,Oregon,pschultz@example.org,+1-520-303-4294x1089,Regular,Active,17-11-2021
2167,Kenneth Rodriguez,21-11-1980,Male,Vincentmouth,Massachusetts,johnsbridget@example.com,(573)976-8565x5403,Regular,Active,31-05-2026
2168,Tyler Miranda,04-09-1970,Female,Campbellhaven,Arizona,tinablackwell@example.org,6173042691,VIP,Active,24-09-2025
2169,Megan Washington,06-09-1957,Male,North Andrewland,California,frostronald@example.net,001-461-798-4454,Regular,Active,09-03-2025
2170,Amanda Odom,08-04-1998,Male,North Davidchester,Washington,gabrielle84@example.net,+1-218-781-8803x98832,Regular,Active,02-01-2024
2171,Jill Ferguson,11-08-1960,Female,Port Kentburgh,Illinois,karen08@example.com,4748552011,Regular,Active,07-10-2024
2172,Tammy Villarreal,29-03-2000,Female,West Dana,Colorado,sheena48@example.net,424-615-0015x310,Premium,Active,22-09-2022
2173,Andrew Dennis,22-02-1968,Female,Scottberg,New York,timothy19@example.com,+1-263-211-4262x0664,Regular,Active,04-10-2022
2174,Megan Murphy,17-04-1993,Male,Morganberg,Colorado,asimmons@example.org,395-683-0463,New,Active,30-04-2024
2175,Deborah Schneider,26-07-2004,Male,West Garybury,Illinois,mpayne@example.net,+1-976-531-9188x55623,New,Active,15-01-2022
2176,Timothy Lloyd,26-08-1966,Female,Johnnychester,Ohio,stephanie93@example.net,758.630.4420x6045,Regular,Active,26-09-2024
2177,Erin Contreras,14-10-1993,Male,Amybury,Virginia,tonyagordon@example.net,426-504-1708,Regular,Inactive,20-09-2022
2178,Nicole Lambert,13-08-1973,Male,West Vincent,Colorado,hspencer@example.net,455.203.0578x69815,Premium,Active,08-04-2023
2179,Angel Bell,23-03-1980,Male,Lake Joshua,Illinois,ashleyterry@example.com,(719)638-0969,Premium,Inactive,23-09-2021
2180,Kimberly Morales,22-04-2000,Male,Jacksonview,Illinois,hillcameron@example.com,(232)501-4777x5937,VIP,Active,02-10-2024
2181,Frances Coleman,26-03-1971,Female,Meganshire,Colorado,perezwilliam@example.org,512.609.3552x0644,Regular,Active,04-09-2021
2182,Kristie Jimenez,20-05-1965,Male,North Christinamouth,Washington,jasonwalters@example.net,+1-923-707-1978x48167,Premium,Active,11-01-2026
2183,Jacqueline Nielsen,16-04-1966,Female,Torreston,Washington,christine84@example.org,293-408-1739,Regular,Active,12-12-2023
2184,Yvonne Alvarado,16-01-1989,Male,Wolfeport,Massachusetts,bennettbradley@example.com,(311)339-3925x54153,Regular,Active,10-12-2024
2185,Richard Meadows,30-04-1975,Female,North Luketown,Michigan,melissajones@example.org,230-922-3052x33414,VIP,Active,19-09-2021
2186,Kevin Jennings,21-07-1999,Female,Jonestown,Illinois,megan78@example.com,(418)401-5823x09765,Regular,Active,09-10-2024
2187,Thomas Chandler,20-10-1957,Male,Johnton,Illinois,nicolecollins@example.com,734.680.4864x54553,Regular,Active,08-01-2023
2188,Madison Lee,10-04-1976,Female,Lake James,Florida,johnsonryan@example.org,279.307.2332x282,Regular,Active,07-06-2025
2189,Jeffrey Crawford,24-06-1974,Female,New Jennifer,Washington,hollyhooper@example.org,9255211451,Regular,Active,26-01-2024
2190,Lisa Calhoun,22-05-1996,Female,Alvarezport,Illinois,daniel30@example.net,001-309-517-6837x7277,Regular,Active,12-06-2024
2191,David Preston,13-03-1995,Female,Port Duaneland,Washington,tarastokes@example.org,-10724,Premium,Active,13-02-2026
2192,Claudia Martin,20-12-1953,Female,Lake Alexview,Florida,courtney24@example.net,001-536-490-0603x5461,Regular,Active,22-10-2021
2193,Jose Owens,01-08-1996,Female,Colleenchester,Colorado,bakercarolyn@example.net,551-852-4485,Regular,Inactive,05-07-2022
2194,Michael Smith,09-04-1970,Male,Davisland,Virginia,robinsonkimberly@example.net,+1-637-510-9643x709,Premium,Active,20-11-2021
2195,Erica Martinez,27-07-1972,Male,South Tracyfurt,Pennsylvania,mckinneykatherine@example.org,+1-501-775-7576x2908,Premium,Active,26-01-2023
2196,Dr. Tyler Moore,11-06-1976,Female,Thompsonfort,New York,ycarlson@example.com,001-979-221-5224,Regular,Active,20-03-2022
2197,Matthew Miller,18-02-1964,Female,East Margaret,Texas,dtrevino@example.org,+1-567-939-3165x081,Regular,Active,21-02-2023
2198,Katie Hanna,25-02-1992,Female,South Kim,Virginia,tiffany58@example.net,(510)574-3138x49980,Regular,Active,12-05-2023
2199,Andrea Mcdowell,13-01-1957,Female,East Nancy,Ohio,ukane@example.net,(598)615-4535x367,New,Active,01-01-2024
2200,Kristi Bernard,15-04-2004,Male,Joelhaven,Colorado,kelly88@example.com,(349)380-9110,Regular,Active,29-11-2021
2201,Becky Guerrero,16-01-1959,Female,East Ritaville,Florida,annacox@example.net,-8011,Premium,Active,03-02-2022
2202,Suzanne Mccarthy,26-11-1988,Female,West Margaretburgh,Arizona,debrahood@example.org,-3439,Regular,Active,11-07-2024
2203,Margaret Sullivan,14-01-2009,Male,New Scott,Massachusetts,meganochoa@example.com,8565974133,Regular,Active,03-07-2023
2204,Ryan Kelley,13-07-2009,Male,West Jesse,Oregon,kathleentaylor@example.com,001-913-453-1277,Premium,Inactive,17-04-2022
2205,Jennifer Brown,21-06-1997,Female,Michaelfurt,Illinois,llopez@example.net,-2538,New,Inactive,11-03-2026
2206,Tracy Bond,13-02-1988,Male,Lake Jason,Ohio,morenokaitlyn@example.net,(817)696-5269x5538,Regular,Inactive,06-07-2022
2207,Adam Figueroa,18-04-1956,Male,Jenniferland,Florida,cookcarrie@example.com,(850)899-8886x7380,Premium,Active,23-06-2025
2208,Benjamin Riley,19-09-1961,Male,North Sandra,Arizona,gomezpatrick@example.net,+1-941-952-1542x2190,VIP,Active,05-12-2025
2209,Karina Cole,09-08-1999,Male,Port Donald,Arizona,srogers@example.org,771-725-9668,Premium,Inactive,24-03-2024
2210,Deborah Pace,29-12-1984,Female,Stephaniestad,Massachusetts,scottcannon@example.net,260-506-4641x264,Premium,Active,27-05-2025
2211,Martin Perry,09-02-1999,Female,Darinview,Massachusetts,marksingleton@example.net,+1-634-512-9571x8890,VIP,Active,08-11-2025
2212,Beverly Donovan,29-01-1967,Female,Gregberg,Pennsylvania,ashleeward@example.com,+1-575-882-2472x6788,Regular,Inactive,20-06-2025
2213,Mr. Vincent Miller,19-05-2006,Male,New Jasonfort,Virginia,susan13@example.com,4775988968,Regular,Active,12-08-2025
2214,Marie Thompson,27-02-2009,Female,West Andrew,Oregon,vazquezerica@example.net,(699)804-4238x6559,Premium,Inactive,30-06-2025
2215,Christine Williams,17-07-1978,Female,Lake Marybury,Massachusetts,cortezkristy@example.org,603.766.0584,Premium,Inactive,07-08-2025
2216,Daniel King,24-05-1962,Female,Jenniferberg,Ohio,markthompson@example.org,680-914-7103,Regular,Active,14-07-2025
2217,Miguel Smith,03-05-1975,Female,Johnsonhaven,California,michelle29@example.net,+1-922-834-0817x186,Regular,Active,09-08-2025
2218,James Lutz,22-04-1982,Female,New Richardmouth,Arizona,jacksonjenny@example.com,+1-923-276-0976x60191,Regular,Active,02-08-2025
2219,Jessica Malone,01-07-1981,Male,Peterburgh,Washington,mmarks@example.com,(915)347-2576,Regular,Active,30-04-2026
2220,Virginia Hayes,29-08-1988,Female,Lake Tiffanyburgh,Ohio,josephmartinez@example.org,793.555.8138x6948,VIP,Active,07-11-2022
2221,Megan Davis,12-12-1982,Female,Martinland,Virginia,mosesolivia@example.com,6895418926,Premium,Inactive,21-10-2022
2222,Mary Moore,18-11-2008,Female,Port John,Washington,murphyvincent@example.com,001-883-537-1918x650,Premium,Active,26-11-2022
2223,Eric Rice,01-03-2004,Female,Thomastown,California,williamstammy@example.org,9099506668,New,Inactive,18-06-2024
2224,Nathan Walls,01-11-2008,Male,Port Rhondaland,Colorado,cobrien@example.net,(950)712-8082x53912,New,Inactive,08-02-2025
2225,Albert Rowe,22-09-1994,Male,Bellfort,Arizona,nguyenkayla@example.com,593-320-7027,New,Active,18-07-2022
2226,Christine Taylor,03-11-1989,Male,Port Sethton,Massachusetts,ewheeler@example.com,(421)808-2111x4439,Premium,Active,04-04-2023
2227,Nancy Davila,29-06-1959,Female,Hammondland,Oregon,hubbardcharles@example.org,7662566108,Premium,Active,10-03-2022
2228,Kristin Morrison,28-08-1954,Male,West Vanessa,Georgia,floydmelanie@example.org,001-475-639-2101x823,Premium,Active,22-11-2021
2229,Jeremy Torres,28-10-1950,Female,Harringtonmouth,Virginia,jeffrey72@example.net,001-699-966-8483x7203,VIP,Active,06-12-2025
2230,Paul Smith,25-08-2001,Female,Whitneystad,North Carolina,brooksanthony@example.net,4883683328,New,Inactive,17-10-2021
2231,Jamie Fisher,15-08-1974,Male,Port Josestad,North Carolina,ericahorn@example.org,001-790-437-1885x69873,VIP,Active,28-08-2024
2232,Lisa Arellano,07-11-1992,Female,Michellemouth,Arizona,williekline@example.org,(707)890-3817x506,Premium,Active,21-01-2024
2233,Shelby Randall,21-01-1956,Female,North Hannahview,New York,samuelhale@example.net,001-313-551-4806x736,Regular,Active,27-05-2024
2234,David Green,23-12-1969,Male,North Jenniferburgh,Florida,cynthia74@example.com,446-299-1476,Premium,Inactive,14-04-2025
2235,Joshua Phelps,08-12-1950,Female,Grahamberg,Virginia,meghanpotter@example.net,882-452-4835,New,Active,16-03-2024
2236,Brittany Tran,03-12-1959,Male,Karenville,Massachusetts,spencerrobinson@example.net,229.970.7730,VIP,Active,29-07-2024
2237,Richard Medina,24-08-1974,Female,Dustinchester,Illinois,hardinthomas@example.net,001-788-350-5716x80051,Regular,Inactive,03-08-2022
2238,Alexis Powers,07-05-1969,Male,West Douglasburgh,Ohio,mcdonaldgloria@example.net,(602)587-9840x29851,New,Active,03-04-2024
2239,Randy Johnson,23-05-1971,Female,Michelleside,Illinois,eharrison@example.com,(386)726-9614x0150,New,Active,30-07-2021
2240,Scott Ayala,26-10-1954,Female,West Laurenhaven,North Carolina,johndeleon@example.com,572.890.1679x58776,VIP,Active,07-09-2021
2241,Joel Gordon,18-10-1970,Female,Ashleyborough,Ohio,wglenn@example.org,2038752027,New,Active,19-06-2024
2242,Jacob Foley,15-10-1962,Female,East Madeline,Ohio,edward28@example.net,712-376-8890,Regular,Active,14-12-2021
2243,Cynthia Wong,23-09-1974,Female,Colontown,Massachusetts,tammy90@example.org,001-402-428-3439,New,Active,08-08-2021
2244,Bradley Gilbert,04-07-1959,Female,South Kyleton,Georgia,taylorlisa@example.com,709.310.2100x426,Regular,Inactive,02-07-2024
2245,Andre Johnson,30-08-1952,Female,Lake Christine,Oregon,georgeperry@example.org,001-664-604-3305x1882,Regular,Inactive,05-03-2024
2246,Jeffrey Rojas,04-11-1969,Female,Avilaport,Massachusetts,brian13@example.com,747-588-0169,New,Inactive,08-05-2023
2247,Catherine Allen,22-02-1993,Male,North Amy,California,alicewebb@example.org,225-350-0292,VIP,Active,12-06-2024
2248,Christopher Rogers,09-01-1976,Male,East Lisa,Virginia,elizabethturner@example.org,(753)669-5525,VIP,Active,28-07-2022
2249,Anthony Nelson,06-09-1978,Female,Heatherhaven,New York,michellewoods@example.org,523.874.4976x2710,Regular,Active,31-03-2023
2250,Crystal Johnson,11-08-2004,Female,Amymouth,Washington,heidi94@example.org,821.602.5325x32591,Premium,Inactive,15-11-2024
2251,David Smith,25-03-1965,Male,New Toddville,Pennsylvania,charlessmith@example.com,(382)631-8207,Regular,Active,22-01-2025
2252,Amy Johnson,01-10-1969,Female,West Jennifer,Massachusetts,pamela04@example.com,001-923-686-8916x45913,VIP,Active,29-11-2023
2253,Mary Noble,08-06-2003,Female,North Bernard,Texas,ojones@example.net,861.211.6302,Regular,Active,06-01-2023
2254,John Guerra,05-07-1991,Male,East David,Illinois,ypena@example.net,(799)234-4066,VIP,Active,23-11-2025
2255,David Booker,03-04-1964,Female,Littleside,Florida,oliverjacob@example.org,001-505-997-7779x9512,Regular,Active,07-02-2025
2256,Kristen Williams,28-02-2004,Male,South Jeffrey,Ohio,morsemichelle@example.com,(921)585-5830x1352,Regular,Active,05-11-2022
2257,Franklin Ray,20-05-1971,Male,Christineview,Massachusetts,millermelanie@example.net,001-320-416-4978,New,Active,17-02-2024
2258,Shannon Randolph,26-09-1955,Female,Richardberg,Washington,lanezachary@example.org,-7754,Premium,Active,07-10-2021
2259,Sean West,05-03-1974,Female,South Brian,Colorado,egarcia@example.net,(984)799-4187x478,New,Active,23-12-2022
2260,Brad Williams,21-06-1995,Female,Bellhaven,Massachusetts,joseph46@example.net,232-358-3534,Regular,Active,02-07-2025
2261,Kendra Elliott,10-09-1995,Female,Pattersonberg,Georgia,crawfordtaylor@example.org,306-987-9735,Regular,Inactive,16-01-2024
2262,Nathan Johnson,02-08-1996,Male,East Tyler,Virginia,peggy53@example.org,001-795-903-4010x2452,Regular,Active,31-12-2022
2263,Laurie White,31-03-1991,Male,Brendaton,New York,cohensarah@example.com,(582)973-6858x492,Premium,Active,22-09-2024
2264,Crystal Walker,22-02-1982,Male,North Kristine,North Carolina,dharris@example.com,001-585-489-5184,Regular,Active,14-06-2023
2265,Rebecca Johnson,13-07-1979,Female,Kristinehaven,Michigan,nbrooks@example.org,001-569-305-0716x8160,Regular,Active,19-07-2022
2266,Stacey Hill,12-11-1988,Male,Roberthaven,Pennsylvania,wwatson@example.net,(561)665-9167,Premium,Active,21-11-2023
2267,Phillip Martin,03-05-1971,Female,Lake Paige,Georgia,hwong@example.net,(447)370-8440x81265,VIP,Active,10-09-2024
2268,Danielle Ramsey,16-04-1955,Female,Christopherbury,Texas,crystal06@example.com,787.950.2593x63849,Regular,Active,19-10-2025
2269,Kristin Sanchez,09-09-2005,Female,Molinatown,Virginia,christine80@example.net,(348)738-3635x786,Premium,Active,01-08-2021
2270,Angel Smith,06-03-1954,Female,Brendaburgh,Arizona,harrellchristopher@example.net,666.354.2854x3340,Premium,Active,12-02-2026
2271,Helen Young,09-01-2005,Male,Port David,Virginia,carmstrong@example.net,810.831.1649x5759,New,Inactive,29-06-2024
2272,Christopher Burton,12-12-1956,Male,Hamiltonhaven,New York,joshua12@example.net,001-493-417-3058x819,Premium,Inactive,03-09-2021
2273,Karen Smith,10-01-1951,Female,Ryanside,Pennsylvania,joshua70@example.com,438-292-0625x22086,Regular,Inactive,14-08-2021
2274,Shawna Brown,24-11-1965,Female,South Steventon,Georgia,sarahramirez@example.com,001-636-469-9101x867,Premium,Active,21-04-2024
2275,Anthony Chavez,18-04-1955,Female,Nguyenberg,New York,mccalltiffany@example.net,765-910-0872,VIP,Active,03-11-2022
2276,Christian Hardy,19-11-2007,Male,Debrashire,California,parsonsjason@example.org,(827)504-1186,Regular,Active,20-08-2021
2277,Andrea Hardin,09-02-1955,Male,Rosechester,Florida,patricia94@example.net,(675)674-9562x641,New,Active,24-02-2026
2278,Thomas Howard,27-02-1957,Male,New Allen,Georgia,melissachavez@example.net,001-961-833-6315x778,Premium,Inactive,09-11-2025
2279,Brandon Taylor,10-08-2004,Male,Robertside,Florida,justin41@example.org,-4706,Regular,Active,08-09-2021
2280,Angela Davis,12-09-1973,Female,Larrychester,North Carolina,savannahsmith@example.com,562.641.5538x65819,VIP,Active,01-03-2024
2281,Nathan Smith,30-10-1995,Male,Patriciaville,Washington,penny79@example.net,300-333-0868,Regular,Active,15-02-2026
2282,Kimberly Hall,30-03-1960,Male,Tiffanyhaven,Michigan,johnrubio@example.com,(891)632-6492x359,Regular,Inactive,11-10-2022
2283,Kristen Peterson,15-06-1976,Male,North Josehaven,Illinois,caitlinthompson@example.com,921.344.0953x7171,VIP,Inactive,09-11-2022
2284,Alexandra Martinez,12-01-1951,Female,Davidfurt,Ohio,leah07@example.org,001-574-749-5293,Regular,Active,27-08-2025
2285,Douglas Ward,28-12-1964,Female,South Brian,Florida,ewinters@example.org,001-516-474-8721x01740,New,Inactive,19-10-2023
2286,Jessica Collins MD,28-09-2005,Male,Brownmouth,Virginia,valerierhodes@example.com,001-481-744-9729x896,New,Inactive,17-09-2024
2287,Jeremy Garcia,06-11-1991,Male,Brianbury,Washington,angelajohnson@example.com,(406)900-7620x93446,VIP,Active,19-07-2021
2288,Emily Villarreal,17-12-1965,Female,Dennisland,Illinois,marc53@example.net,001-445-719-6271x884,Regular,Active,15-04-2024
2289,Timothy Martin,14-05-1990,Male,Lake Jenniferchester,Michigan,michelle43@example.org,4949364268,Regular,Active,18-08-2021
2290,Kimberly Howell,23-05-1982,Male,Juliabury,Arizona,pcabrera@example.com,(981)705-0954,Regular,Active,25-08-2021
2291,Patrick Green,27-03-1957,Male,Lake Jillian,Florida,suzannerose@example.com,001-639-414-0777x6601,Regular,Active,13-09-2025
2292,Amanda Sullivan,22-01-1953,Female,Kimberlymouth,Arizona,penaerika@example.org,344-261-8636,Regular,Inactive,11-11-2021
2293,April Peters,24-08-1994,Female,Caseview,Michigan,wboyer@example.net,417-799-2403,Premium,Active,21-12-2025
2294,Theresa Wilson,15-09-1956,Female,Danielleville,Florida,turnersteven@example.org,458-930-5993x3248,Premium,Active,02-07-2024
2295,Kristen Thompson,22-01-1960,Male,Jacksonview,Arizona,monicaporter@example.net,(447)932-8174,Regular,Active,02-06-2026
2296,Brandon Brown,18-06-1986,Male,West Samantha,Washington,slopez@example.net,(713)210-9769,Premium,Inactive,31-10-2023
2297,Mitchell Conway,21-06-1960,Female,Normanmouth,New York,bbrown@example.net,(565)822-8009x122,Premium,Active,13-01-2025
2298,Julie Warner,29-06-1983,Male,Natalieshire,Colorado,byrdmatthew@example.org,001-572-375-8442x0959,VIP,Active,12-03-2026
2299,Joshua Sanders,22-11-1959,Male,Rebeccachester,Colorado,shannon04@example.com,622.247.2220x80064,Regular,Active,21-02-2026
2300,Cindy Kelly,06-03-1989,Male,East Donport,Washington,leslie95@example.net,861-261-4707,VIP,Active,18-06-2024
2301,Angela Jacobson,18-02-1982,Female,Reneeshire,California,tanya03@example.com,950-749-4560x851,Regular,Active,24-06-2025
2302,Brittany Owen,15-03-2000,Female,Batesside,Washington,kevinhall@example.com,272.271.3813x869,Regular,Inactive,04-10-2024
2303,Gregory Green,27-04-2006,Female,Jeffreyport,Texas,reyesnancy@example.net,808-352-3931x3431,Premium,Inactive,04-10-2021
2304,David Walker,19-05-1954,Male,Port Thomas,Michigan,pbrown@example.net,001-635-249-3442x37873,Regular,Inactive,03-04-2025
2305,Robert Rodriguez,23-06-1983,Male,Lake Michellefort,Washington,lynchangela@example.org,8854773997,Regular,Active,25-02-2023
2306,Keith Villegas,18-10-1963,Female,New Dominique,Michigan,gregoryhenry@example.org,820.268.9293,Regular,Active,23-12-2022
2307,Laura Martinez,18-04-1961,Female,East Johnshire,Texas,joseph47@example.org,607-585-8165,Regular,Inactive,27-04-2025
2308,Brandon Cohen,14-04-1955,Female,New Christopher,Arizona,susanjackson@example.com,3262276339,New,Active,27-01-2025
2309,Tami Davis,23-11-2008,Male,Bowerston,North Carolina,harrisoneric@example.net,915.409.5998,Regular,Active,23-09-2022
2310,Lisa Gutierrez,02-03-1976,Male,Haileyfurt,Massachusetts,zjohns@example.net,001-483-596-1973x1538,Regular,Active,23-11-2021
2311,Alicia Jones,03-11-1964,Female,Lauraburgh,Florida,lauragonzalez@example.com,741.269.8014,Regular,Active,06-07-2023
2312,Anthony Garza,15-04-1961,Male,Lake Davidport,Texas,johnsonjoseph@example.net,001-522-302-4613x15475,Premium,Active,30-09-2025
2313,Joseph Waller,26-01-1975,Female,Millerside,Georgia,galvanchristopher@example.com,+1-697-260-2281x859,VIP,Active,06-09-2021
2314,Rachel Gillespie,06-03-2004,Male,Davidstad,Ohio,kevinthompson@example.org,(880)986-2012,Regular,Inactive,07-11-2024
2315,Willie Guzman,02-11-1972,Female,Tinaburgh,Virginia,vazquezstephanie@example.org,697.246.5717x7006,Premium,Active,19-03-2024
2316,Brian Johnson,10-07-1960,Female,Roberttown,Florida,scottkevin@example.com,528-752-2913x12890,Premium,Active,07-08-2023
2317,John Colon,18-12-1973,Male,Camachoside,Massachusetts,youngmarvin@example.org,+1-747-808-5062x661,Regular,Active,01-10-2024
2318,Scott Scott,19-11-1980,Male,North Robert,Virginia,gonzalezsarah@example.com,(545)630-9516x1833,Premium,Active,13-08-2021
2319,Danielle Wilson,29-07-1997,Male,West Shelleyview,Georgia,johnnymorton@example.com,(772)934-0246,Regular,Active,18-10-2022
2320,Robert Martinez,17-01-1952,Male,New Lisastad,Georgia,katrina61@example.net,739.263.3583,Regular,Active,14-02-2026
2321,Elizabeth Gilmore,10-11-1967,Female,Dennisfurt,Ohio,markphelps@example.net,001-900-523-6635x1438,Premium,Active,27-08-2023
2322,Michael Landry,10-08-2005,Male,East Deborah,Washington,patrickluke@example.org,461.494.3585x123,Regular,Inactive,08-10-2023
2323,Mary Miller DVM,09-04-1985,Female,Nguyenberg,Oregon,smartinez@example.com,-9025,New,Inactive,24-01-2025
2324,Jessica Keith,07-02-1952,Female,Jamesmouth,Arizona,martindouglas@example.com,958-524-4457x66018,Regular,Active,17-12-2023
2325,Eugene Brennan,14-12-1980,Female,Lake Cassidytown,Florida,cameron89@example.net,7352677806,New,Active,10-05-2025
2326,Tyrone Mckay,27-05-2000,Female,South Peterchester,Georgia,santiagopaul@example.org,935.552.6352x42338,VIP,Active,28-12-2023
2327,Charles Jordan,01-06-1961,Female,Cantrellborough,Washington,floresmatthew@example.org,(290)332-1199,Regular,Inactive,15-07-2025
2328,Mark Perkins,26-04-1969,Male,Port Elizabethhaven,Washington,mhernandez@example.net,516.725.7739x71849,New,Active,13-09-2025
2329,Gene Atkinson,26-09-1953,Male,South Brendamouth,Illinois,alexis18@example.net,629-368-3140,Premium,Active,27-03-2023
2330,Robert Kim,01-01-1988,Female,Lake Jessica,Texas,larsontimothy@example.net,9186442585,Premium,Active,30-06-2024
2331,Mitchell Ramsey,02-10-1964,Female,Jeffreymouth,Oregon,bolsen@example.com,001-422-408-7130,Regular,Active,25-01-2024
2332,John Hatfield,30-11-1997,Female,Port Travisshire,New York,julie47@example.net,599.318.1802x952,Regular,Active,18-06-2023
2333,Robert Taylor,24-11-1956,Female,East Darren,Washington,rosalesdanielle@example.com,534.940.5784,VIP,Active,10-01-2026
2334,Jason Harrison,11-02-1992,Male,Taylortown,Pennsylvania,brianmason@example.org,968-898-6837x205,VIP,Active,10-10-2024
2335,Charlene Burke,04-01-1960,Male,East Michellebury,Massachusetts,william93@example.org,2723108323,New,Inactive,08-07-2022
2336,Robert Wright,15-07-1995,Male,North Vincentshire,Massachusetts,lori97@example.org,652-607-8950,Premium,Active,18-04-2022
2337,Courtney Bailey,13-06-2008,Male,North Tonya,Oregon,angela39@example.com,518.522.8167x126,Regular,Active,06-12-2022
2338,Joseph Ryan,17-12-2008,Female,North Dawn,Oregon,osims@example.net,(218)692-6690,New,Active,04-07-2025
2339,Alan Ross,05-12-1958,Male,New Sarahside,Texas,townsendtheresa@example.com,390-343-5735,Regular,Active,31-08-2022
2340,Javier Vargas,18-03-2002,Female,East James,Washington,alexander73@example.org,001-516-490-8237x37478,Premium,Inactive,09-05-2022
2341,Joseph Foster,16-12-1971,Male,New Briannafurt,Massachusetts,jonesjoan@example.org,998-455-3401,Regular,Active,23-09-2021
2342,Amanda Parks,07-06-1992,Female,New Gerald,Oregon,qray@example.com,773-620-3784x872,Regular,Active,31-07-2021
2343,Phillip Cooper Jr.,06-12-2008,Female,Timothyview,Illinois,igordon@example.org,247.893.8615,New,Active,14-01-2022
2344,Nicholas Matthews,01-01-1951,Male,Lindastad,Texas,robinsonjonathan@example.com,765.615.1402,VIP,Inactive,05-10-2023
2345,Anthony Chapman,09-02-2004,Female,Lake John,Colorado,rogersparks@example.com,751.988.2049x0362,Premium,Active,29-09-2025
2346,Christopher Carney,01-08-1957,Male,Marktown,Virginia,umyers@example.com,(306)649-2387,Regular,Active,07-08-2023
2347,Suzanne Armstrong,28-04-2002,Male,North Kayla,Massachusetts,cantudaniel@example.com,+1-303-268-4091x43505,Regular,Active,27-07-2022
2348,Austin Graham,07-07-1965,Female,Ricardoshire,Massachusetts,ebauer@example.com,(238)687-5982,Premium,Inactive,29-07-2023
2349,Lauren Obrien,22-02-1956,Male,East Lori,Georgia,silvamichaela@example.com,(720)968-5236x5922,Regular,Inactive,11-01-2023
2350,Allen Perry,11-04-1975,Female,West Sandraburgh,Michigan,nicole13@example.org,334.381.5329x82006,VIP,Inactive,11-07-2024
2351,Jonathan Woodard,13-03-1953,Female,North Monique,New York,uolsen@example.org,+1-621-928-0630x4896,Regular,Active,26-05-2025
2352,Debbie Rodriguez,30-10-1980,Male,Stephenbury,California,mary16@example.com,613-583-7208x0225,Regular,Active,16-03-2023
2353,Brandon Jackson,27-05-1970,Female,Lesterton,Pennsylvania,mmoore@example.org,(918)741-6321x996,Regular,Active,30-05-2023
2354,Jennifer Chase,13-12-1988,Male,Stewartfurt,California,dwilliamson@example.org,526-590-3544x864,Regular,Active,14-07-2021
2355,Jill Ellis,23-03-1992,Male,North Troy,Florida,rcampbell@example.org,348.349.9240x69074,Regular,Active,03-03-2022
2356,Mariah Lopez,10-08-2007,Male,New Samantha,North Carolina,jenkinsthomas@example.com,8828529086,Regular,Active,27-06-2025
2357,Brittany Watson,11-08-1950,Male,Port Amber,Illinois,tcarr@example.org,(885)491-1034x5174,Regular,Active,13-12-2022
2358,Tracey Leon,12-01-1997,Female,Jeanstad,Pennsylvania,browndavid@example.net,823.708.4551,Regular,Active,04-08-2023
2359,Scott Johnson,16-03-1981,Male,West Chadside,Arizona,harriskimberly@example.net,489.476.8085x309,Premium,Active,23-01-2023
2360,Catherine Brown,22-07-1975,Male,Allenville,Oregon,yanderson@example.com,295-406-2828,Regular,Active,12-01-2025
2361,Madison Cohen,25-05-1985,Male,New James,Texas,sean88@example.net,001-464-257-7715,Regular,Inactive,09-06-2023
2362,Teresa Stevens,10-11-1954,Male,East Amymouth,North Carolina,dward@example.net,5514488695,VIP,Active,21-05-2025
2363,James King,21-04-1976,Male,North Andres,Massachusetts,rodriguezjennifer@example.org,545.348.2469x030,Regular,Active,28-08-2025
2364,Kevin Curry,07-11-1982,Male,Alexanderborough,Florida,william53@example.net,001-306-965-6443x2246,Regular,Active,11-05-2025
2365,Eric Smith,21-08-1986,Male,South Kristi,Oregon,rcarr@example.net,394-461-4032x0095,VIP,Active,21-01-2026
2366,Erin Campbell,17-05-1981,Female,Thorntonport,Texas,gwendolyn43@example.org,468.413.4246,Regular,Active,24-07-2022
2367,Amy Turner,11-12-1982,Female,Phillipside,Colorado,smithdavid@example.com,886-714-4094x77319,Regular,Active,29-11-2025
2368,Tracey Owens,21-01-1973,Male,Kaitlinberg,Arizona,olsonanthony@example.org,285-580-8562x54606,Regular,Active,15-04-2025
2369,Rachel Wright,11-01-1995,Female,Port Michaelmouth,Pennsylvania,wendyclay@example.net,795-834-4910,Regular,Active,17-11-2024
2370,Stephanie Randall,20-07-1997,Female,Raymondport,Virginia,cgordon@example.net,001-671-209-0461,Premium,Active,14-06-2025
2371,Patrick Chung,14-12-1995,Male,Stricklandbury,Oregon,robinodom@example.org,968.486.1387,Regular,Active,15-03-2024
2372,Derek Carter,19-09-1953,Female,South Charles,Oregon,jacquelinebrooks@example.org,926-674-2736x515,Regular,Active,10-01-2022
2373,David Yoder,07-08-1982,Male,Pearsonside,Michigan,matthew05@example.org,(948)756-4901x09676,Premium,Active,23-11-2022
2374,Jessica Peck,22-11-2009,Female,Stevenfort,Pennsylvania,michael76@example.com,894.784.9517,New,Inactive,27-04-2023
2375,Michael Johnson,31-10-1994,Male,Kemphaven,Colorado,steelealexander@example.net,4622875910,Regular,Inactive,06-01-2022
2376,Mark Thomas,24-07-1995,Male,Norrisbury,Arizona,stacyhernandez@example.net,521.598.0439,Regular,Active,04-02-2024
2377,Kimberly Hayes,19-04-1967,Male,East Annetown,Texas,mcdonaldanthony@example.org,-8513,New,Active,07-09-2023
2378,Willie Hayes,03-04-1956,Female,West Williamberg,Colorado,sarahharris@example.com,643.881.4531x888,Premium,Inactive,02-01-2023
2379,Jennifer Bishop DDS,18-07-2008,Female,North Kevin,Ohio,troy50@example.com,409-275-3015,Regular,Inactive,02-02-2025
2380,Kendra Anderson,11-12-1977,Male,North Holly,California,douglas77@example.org,475-208-1568,New,Active,29-08-2024
2381,Travis Kelley,18-09-1956,Male,Nelsonfort,California,angela09@example.org,(286)350-0562,Regular,Active,31-03-2026
2382,Michelle Liu,05-07-1966,Female,West Nicole,Massachusetts,stephensonjoshua@example.com,-2270,Regular,Active,15-06-2025
2383,Michael Brown,13-05-1972,Female,New Melissa,Massachusetts,imurillo@example.org,818-362-1741x40795,Regular,Active,12-04-2022
2384,Jennifer Roberts,02-08-1970,Male,West Wendy,Virginia,sandra68@example.org,(715)874-7023,Regular,Active,22-10-2021
2385,Joseph Robinson,19-02-2008,Male,Jonathanville,Arizona,paulwilliamson@example.org,+1-572-892-4273x5111,Regular,Active,27-09-2022
2386,Melissa May,17-05-1956,Male,South Carrieport,Texas,nesparza@example.org,537-262-1293x8124,VIP,Active,10-04-2026
2387,Theresa Mccullough,01-09-1997,Male,West Nicholasside,Georgia,ndecker@example.org,6355660068,Regular,Inactive,27-12-2023
2388,Antonio Washington,08-03-1985,Female,Jenniferbury,Texas,johnsonsteven@example.com,+1-545-759-2430x2943,Premium,Active,13-04-2026
2389,Daniel Williams,30-08-1993,Female,New Carl,Colorado,tedwards@example.org,+1-549-285-2274x598,Regular,Active,26-04-2025
2390,Mary Krueger,25-11-1998,Female,Lewiston,Washington,ashleysmith@example.net,2957277691,Regular,Active,10-08-2024
2391,Bryan Rose,27-12-1968,Female,South Melissahaven,Ohio,abowen@example.com,846.703.2294x759,Regular,Active,10-11-2024
2392,Kim Davis,08-07-1991,Female,New Debra,Ohio,lthomas@example.com,-1346,Premium,Active,18-05-2022
2393,Tristan Jones,21-04-1951,Male,Cristianburgh,North Carolina,susan78@example.com,754-831-7031,VIP,Active,01-10-2023
2394,Dawn Spencer,10-10-1953,Male,New Dawn,Illinois,alicia65@example.org,001-755-755-5986x9367,Regular,Active,24-07-2025
2395,Aaron Miller,19-02-1989,Male,West Michaelhaven,Arizona,ganderson@example.net,3517251719,Regular,Active,24-05-2025
2396,Jamie Cruz,12-04-1968,Female,Lake Michelle,Massachusetts,bmurphy@example.net,001-213-489-4186,New,Active,28-04-2023
2397,Jared Cohen,25-09-2006,Male,Justinchester,Texas,christopher89@example.com,930-758-5490x50339,Regular,Inactive,04-03-2022
2398,Frank Santana,13-01-2000,Female,Houstonstad,Oregon,meaganmorris@example.org,001-738-811-7584,Premium,Active,24-08-2024
2399,Brandon Benton,08-08-1962,Female,North Daniellebury,Georgia,ahamilton@example.com,001-669-825-5865x44016,VIP,Active,17-04-2026
2400,David Clark,25-04-1978,Female,Gordonmouth,Oregon,amanda89@example.org,-904,VIP,Active,09-11-2022
2401,Matthew Simpson MD,24-04-1991,Female,East Rachelside,Michigan,uthompson@example.com,001-224-683-5691x24488,Regular,Active,26-09-2025
2402,Sean Craig,02-02-1967,Female,Stewartbury,Colorado,cwest@example.org,001-318-507-7990x7258,Regular,Active,30-04-2024
2403,Douglas Horn,15-07-1986,Male,West Williamfort,Pennsylvania,timothy58@example.net,-10617,VIP,Active,18-11-2022
2404,Ashley Rush,07-04-1997,Female,Jenkinsmouth,Arizona,adamabbott@example.com,(506)660-3556x7668,Regular,Active,01-10-2021
2405,Travis Good,13-07-1998,Male,Lake Meghan,Virginia,fergusonjimmy@example.com,+1-572-535-6507x1932,New,Active,18-02-2023
2406,William Reed,02-01-1977,Female,East Nathanfurt,Virginia,yclark@example.net,(875)289-6598x940,Regular,Active,28-09-2023
2407,Jenna Martinez,09-02-1963,Female,New Tammyshire,North Carolina,paul10@example.com,3666770756,New,Active,20-12-2025
2408,Alexis Murray,03-09-2008,Female,Rodriguezfurt,New York,wmayer@example.org,001-585-413-9104x53139,Regular,Active,09-09-2022
2409,Alexander Weiss,27-05-1966,Male,Matthewberg,Michigan,saundersjoanna@example.net,(681)215-5893,Regular,Active,02-04-2023
2410,Kevin Barajas,23-08-1957,Male,Garnerbury,California,cynthiakelley@example.org,5619218838,Premium,Active,11-05-2022
2411,Bradley Brennan,16-10-1967,Female,Meghanside,Oregon,madison11@example.net,787-958-4835x9169,Regular,Active,12-02-2023
2412,Randy Richards,23-09-1972,Male,Scottberg,Massachusetts,christinabishop@example.net,904.442.8897,Regular,Active,08-06-2022
2413,Amber Owen,28-09-2001,Male,Port Joshua,Florida,gsmith@example.org,-8365,VIP,Active,10-04-2023
2414,Lucas Doyle,10-11-2002,Male,Georgeton,Ohio,michaelsalinas@example.com,276-828-8322x54257,Regular,Active,11-01-2025
2415,Pamela Mendoza,29-10-1951,Male,Lindaville,Pennsylvania,thomascalvin@example.net,001-748-391-3388x4152,Premium,Active,01-04-2022
2416,Jesus Marshall,18-07-2009,Female,Lake Dannyberg,Illinois,jeffrey36@example.com,903.406.6761x608,Regular,Active,22-04-2024
2417,Patrick Roberts,28-12-1981,Male,Port Jenniferchester,Texas,therrera@example.net,840-958-1420x24141,Premium,Active,13-09-2025
2418,Blake Ayala,24-03-2006,Male,East Kevin,Texas,andrewsanchez@example.org,612.258.1958x418,Premium,Inactive,27-08-2022
2419,David Stein,05-11-1983,Male,New Michelle,Colorado,susanhooper@example.net,707-496-0688x259,Regular,Active,16-01-2026
2420,Daniel Vasquez,05-04-1994,Male,Tracytown,Oregon,laurenturner@example.net,208-835-1795,VIP,Active,27-07-2021
2421,Clayton Montgomery,06-09-1985,Male,Port Cesarbury,Pennsylvania,stephaniesmall@example.net,945-300-4856x2720,Regular,Inactive,23-07-2025
2422,Travis Banks,28-08-1980,Female,Gailmouth,Washington,henry40@example.org,001-708-791-3792x929,Premium,Active,29-11-2023
2423,Amy Holland,10-09-1984,Female,Valerieburgh,New York,nclark@example.net,+1-747-497-4416x4684,VIP,Active,25-12-2022
2424,Raymond Hill,28-11-1986,Male,North Meghanchester,Pennsylvania,jjones@example.com,362.334.5709,Regular,Active,06-04-2024
2425,Melanie Crawford,27-05-2003,Male,West Sarahfurt,Illinois,daviswesley@example.com,212-329-8577x546,Regular,Active,29-07-2021
2426,Jon Hebert,25-02-2004,Male,Richardsshire,Illinois,bonnie01@example.com,(508)833-7286x1275,Premium,Active,12-08-2022
2427,William Jennings,26-09-1985,Male,Greenhaven,Colorado,cody20@example.com,001-204-889-4297x46324,Premium,Inactive,21-07-2021
2428,Sarah Page,12-09-1962,Male,Friedmantown,Arizona,robert57@example.org,(689)355-7740x88684,Premium,Active,21-10-2022
2429,Don Brown,10-08-1974,Male,Kimberlytown,Pennsylvania,jeffery28@example.org,+1-340-208-3928x9022,Regular,Inactive,05-11-2023
2430,Danielle Brooks,28-02-1957,Male,South Jamie,Illinois,brownryan@example.org,449-317-2956,VIP,Inactive,10-03-2026
2431,James Mathews,30-11-1976,Female,Lawsonside,Oregon,brownsusan@example.net,001-325-404-4315x8192,Premium,Active,13-08-2023
2432,Nina Ross,01-03-2009,Male,South Michellefort,Virginia,lucasdaniel@example.org,366.614.9310x250,VIP,Inactive,10-03-2023
2433,William Mcclure,15-11-1950,Female,Lake Stephaniemouth,Michigan,tvaughan@example.com,(586)833-4083x663,Regular,Inactive,22-07-2023
2434,Mitchell Miller,31-03-2009,Male,New Donna,Arizona,jennygraham@example.org,(704)955-6662,Regular,Active,01-05-2023
2435,Brittany Chavez,16-04-2010,Female,Sydneyburgh,Michigan,jnelson@example.com,001-321-241-0992x2438,Premium,Active,21-12-2023
2436,Blake Robinson,26-08-1980,Male,Bryantstad,Washington,pstokes@example.net,755.856.5304,VIP,Inactive,14-08-2022
2437,Kimberly Cole,17-11-1962,Female,Josephside,Ohio,raymondjohnson@example.org,470-246-0265,Regular,Active,02-03-2022
2438,Charles Ortiz,12-09-1987,Male,Smithfort,Michigan,deanellen@example.com,6497951835,Premium,Active,19-10-2023
2439,Marcus Parker,01-11-1973,Female,Lake Kendraport,Oregon,irwinedwin@example.net,001-917-646-5736x2269,VIP,Active,20-10-2022
2440,Kayla Brewer,24-06-1956,Male,New Gregoryview,Pennsylvania,vegasean@example.org,737.863.7596x193,New,Active,22-12-2025
2441,Devin Daugherty,01-01-1979,Male,Tammiemouth,Oregon,jfreeman@example.com,813-423-0945x767,Regular,Active,27-03-2024
2442,Martin Kim,26-05-1991,Female,East Melanie,Pennsylvania,nhudson@example.com,(690)790-0171,VIP,Active,23-12-2022
2443,Kevin Huerta,10-06-1993,Female,Joannastad,New York,ljuarez@example.com,001-988-738-2347,Regular,Active,19-02-2023
2444,Kelly Page,15-06-1963,Female,Port Tonyaland,Illinois,aross@example.com,001-968-471-0936x2740,Premium,Active,14-11-2022
2445,Bruce Kelley,02-11-2006,Female,North Justinport,Colorado,hodgesteven@example.org,989.698.8605x05582,Regular,Active,12-09-2022
2446,Ryan Smith,09-09-2001,Female,East Timothy,Washington,drichardson@example.com,244-635-5132,Premium,Active,05-02-2025
2447,David Fields,24-06-1956,Female,Tiffanyview,Virginia,vtorres@example.net,755.519.3770x44416,Regular,Active,15-12-2025
2448,Deanna Hernandez,08-07-1955,Male,Smithmouth,Texas,linda38@example.net,573-602-2807x7743,Premium,Active,15-04-2026
2449,Kimberly Rodriguez,04-05-1964,Female,Maciashaven,Washington,benjaminlogan@example.com,001-320-688-8121x227,New,Active,17-02-2022
2450,Fred Bailey,28-02-1963,Female,Cooleyport,Oregon,anthony63@example.com,865-949-6282x8626,Regular,Active,17-03-2026
2451,Jon Woods,17-12-1976,Male,Port Dustinhaven,Massachusetts,jamie08@example.net,961-814-5752,Premium,Active,12-02-2026
2452,Samantha Keith,18-06-1978,Female,South Renee,North Carolina,scottmason@example.org,698.462.7085x35786,Regular,Inactive,30-07-2023
2453,Brian Williams,11-03-1956,Male,East Matthewhaven,North Carolina,sarahshelton@example.com,+1-341-644-7199x7412,VIP,Active,29-06-2024
2454,Brian Bush,03-04-1998,Female,North Gwendolyn,Michigan,snyderkeith@example.net,+1-860-973-8641x136,Premium,Active,10-10-2022
2455,Lacey Medina,12-05-1963,Male,New Joannestad,California,tpayne@example.net,334.946.0465,VIP,Active,30-10-2021
2456,Linda Castro,14-10-2007,Male,Lake Eric,Arizona,kimberly60@example.com,001-767-473-2636,Regular,Active,04-06-2026
2457,Sandy Turner,05-11-1980,Male,Eduardoburgh,Oregon,michellekelley@example.net,803.591.2096x15006,Regular,Active,09-03-2026
2458,Janet Mcbride,10-04-1973,Female,Natalieton,Colorado,gutierrezdavid@example.com,001-595-443-2017x8971,Regular,Active,17-11-2024
2459,David Saunders,02-09-1989,Female,Port Ashley,Ohio,james96@example.net,(287)970-0841x7024,Regular,Active,14-09-2022
2460,Connie Rice,31-08-1998,Female,New Angelafurt,North Carolina,parksadam@example.org,(583)475-5571,VIP,Active,30-12-2025
2461,Collin Hawkins,10-05-1998,Male,Port Amandabury,Ohio,archerdaniel@example.com,810-287-5878,New,Active,20-08-2024
2462,Jerry Mclaughlin,07-09-1981,Male,Alyssatown,North Carolina,derrickwolfe@example.net,287-801-2301,Premium,Active,07-11-2021
2463,Stacey Gomez,08-02-1978,Female,Moranfort,New York,dawn93@example.net,+1-311-986-2316x480,Premium,Active,27-03-2024
2464,Chase Oneal,11-10-1999,Male,East Angela,Washington,andersonkelsey@example.net,853.688.8191,Regular,Inactive,24-08-2024
2465,Michelle Owen,05-08-1992,Female,South Brendafort,Virginia,tonyaweaver@example.net,(499)513-2389x41991,Regular,Active,18-08-2024
2466,Marissa Clark,24-09-1975,Female,East Ian,Pennsylvania,olivia73@example.net,862.977.5678,Regular,Active,23-03-2025
2467,Dana Jones,10-11-1996,Male,Hobbsstad,Oregon,fevans@example.org,001-771-354-9992,Premium,Active,03-07-2022
2468,Thomas Davis,09-07-1979,Female,Carterton,Michigan,jeffreysmith@example.com,(215)947-7018x2348,Regular,Active,10-11-2021
2469,Marilyn Ruiz,23-02-2008,Male,West Matthew,California,austinolson@example.org,001-380-574-0520x651,Regular,Active,28-07-2024
2470,Abigail Mendoza,19-11-1971,Female,Port Robert,Oregon,kevin77@example.net,(537)223-2381,Regular,Active,29-10-2022
2471,Steve Francis,22-07-1950,Male,Meganport,Florida,pierceanna@example.net,001-380-466-2296x9875,Regular,Inactive,02-01-2022
2472,Joel Howard,09-01-1970,Female,New Courtneyville,Oregon,steven63@example.com,860.767.1252x37608,New,Active,26-02-2025
2473,Catherine Ramirez,21-07-1974,Male,Jamesborough,North Carolina,eileen15@example.org,945-490-4528x1586,Regular,Active,10-05-2024
2474,David Griffith,08-09-1950,Female,Annetteborough,North Carolina,hannah86@example.org,+1-649-295-9105x40876,Premium,Active,26-06-2024
2475,Felicia Cooper,22-01-1977,Female,Cristinaton,Oregon,joshua25@example.net,(866)988-7334,Regular,Active,26-03-2024
2476,Cynthia Pugh,18-01-2009,Male,East Laurieside,Ohio,nicholas02@example.org,001-834-273-8111,Premium,Active,08-11-2022
2477,Jessica Grant,02-05-1981,Female,Alexandershire,Pennsylvania,ricardo69@example.com,+1-288-603-6055x7950,Regular,Active,14-10-2024
2478,Mr. Zachary Park PhD,23-02-1975,Female,Brandonland,Pennsylvania,cooperkimberly@example.net,001-380-626-7038,Regular,Active,10-12-2022
2479,Jaclyn Rodriguez,29-10-1990,Female,Burgesston,Michigan,jordanmatthew@example.com,001-290-650-8651x5837,Regular,Active,19-09-2022
2480,Cameron Leonard,31-10-1954,Female,Williammouth,Oregon,moralesjeffrey@example.com,001-274-297-4378x623,Premium,Active,09-07-2023
2481,Paula Guerra DDS,03-12-1988,Male,Lopezview,Massachusetts,james41@example.net,205-382-7361,Regular,Active,23-01-2026
2482,Jillian Wolfe,29-04-1975,Female,East Tiffany,Illinois,amberperry@example.com,+1-498-535-5068x35450,Regular,Inactive,17-03-2024
2483,Raymond Baker,05-07-1954,Female,Anthonybury,Oregon,abarnett@example.com,-5304,Premium,Active,15-11-2023
2484,Susan Peters,24-08-1956,Male,South Charles,Michigan,idavis@example.com,(567)816-5018x8817,Premium,Active,06-03-2023
2485,Willie Fischer,09-10-1970,Female,Woodwardchester,Texas,tyler82@example.net,001-627-754-5061x3590,VIP,Inactive,27-07-2023
2486,Tammy Reynolds,03-08-2007,Male,Jamesborough,Oregon,david35@example.net,564-536-5694x08220,Regular,Active,25-07-2022
2487,Gabrielle Evans,15-03-2005,Female,Jonathanfort,North Carolina,edward56@example.org,4888606275,Premium,Active,23-06-2025
2488,Deborah Garcia,10-01-1978,Male,Aguilarchester,Georgia,hollystewart@example.com,(970)207-4472,Regular,Active,18-10-2025
2489,David Hawkins,16-02-1970,Female,South Debra,Ohio,ufuentes@example.org,+1-609-640-8053x639,Regular,Active,09-03-2026
2490,Amy Stone,25-03-1988,Female,Billyton,Oregon,wucheryl@example.com,416-901-1333x0909,VIP,Active,25-07-2021
2491,Jessica Neal,10-10-1962,Female,South Heatherfurt,New York,matthewsampson@example.org,668-401-5799x1907,Regular,Active,31-05-2026
2492,Theresa Cochran,01-05-1978,Female,Lucaston,Michigan,zachary13@example.org,+1-693-308-5977x88543,Regular,Active,26-08-2021
2493,Cassandra Kramer,28-11-2001,Female,Sarahshire,Florida,loliver@example.com,(446)808-3044,Regular,Active,30-07-2022
2494,Deborah Johnson,25-12-2004,Male,Sweeneyfurt,Pennsylvania,garmstrong@example.org,962-400-5864,New,Active,07-04-2025
2495,Phillip Bowman,08-10-1963,Male,Yorkmouth,Texas,palmerkrystal@example.com,491.423.2839x06182,New,Active,30-01-2022
2496,Steven Scott,09-10-1980,Male,Alyssaland,Virginia,kevin73@example.net,871-680-9926x84963,Premium,Active,16-03-2022
2497,Gary Perez,13-08-1984,Female,Port Alfredchester,Oregon,bondchad@example.org,(751)415-6880x22503,Regular,Inactive,12-02-2022
2498,Allen Reyes,05-06-1978,Female,South Jamesmouth,Michigan,pamelahughes@example.com,731-746-8922x770,Premium,Active,15-02-2024
2499,Michelle Buckley,22-06-1996,Male,North Kayla,Virginia,xfitzpatrick@example.org,001-234-533-3988x0882,Regular,Inactive,06-02-2023
2500,Brittany Flores,27-05-2001,Female,East Mirandatown,Massachusetts,pughkyle@example.com,412.622.5535x45869,Regular,Active,26-12-2021
2501,John Rios,04-10-1978,Female,Port Joseph,Oregon,rileychristian@example.org,+1-726-821-5881x120,VIP,Active,09-02-2026
2502,Steven Robbins,13-04-2010,Male,New Leslie,Oregon,pamelahutchinson@example.net,681.262.1802x2326,Premium,Active,21-03-2026
2503,Jennifer Williams,02-12-2004,Male,North Amy,Washington,shawnkoch@example.com,001-748-238-7547x52961,Regular,Active,19-07-2023
2504,Susan Guzman,24-03-1957,Male,Port Herbertberg,Oregon,wallcatherine@example.net,591.601.3923x018,Regular,Active,12-12-2022
2505,Julie Barr,09-08-1991,Female,New Johnburgh,Ohio,mistyperry@example.net,563.854.3558,New,Active,29-04-2024
2506,Dylan Cochran,04-01-1978,Male,Charlesmouth,Massachusetts,szimmerman@example.net,660-981-5925x90224,Premium,Active,10-09-2024
2507,Paul Simon,25-08-1991,Female,Wagnerton,Colorado,umason@example.com,(821)899-9087,New,Active,08-12-2025
2508,Janet Rivera,10-06-1973,Female,Allisontown,Arizona,danadillon@example.org,(482)450-4252x2559,New,Active,25-09-2021
2509,Debra Sanchez DDS,12-03-2000,Female,Christinaport,Arizona,kgilbert@example.org,208.971.6112,Regular,Active,12-02-2026
2510,Jessica Thomas,05-12-1973,Male,East Eddie,Massachusetts,nicolemyers@example.com,937-445-7022,Premium,Active,19-03-2026
2511,Adam Moore,08-09-1997,Female,Phillipsfurt,Texas,michelle73@example.com,527-316-4004x02742,Premium,Active,31-12-2021
2512,Elizabeth Carr,22-03-1963,Male,Delgadomouth,Washington,amysmith@example.org,591-962-2112x067,VIP,Inactive,12-02-2024
2513,James Nguyen MD,29-12-1994,Male,Wiseborough,North Carolina,manuel51@example.org,(293)471-5504,Premium,Active,20-05-2023
2514,Donna Harvey,27-08-1951,Male,Millerstad,Arizona,kristenguerrero@example.org,760-795-9526x148,New,Active,03-05-2022
2515,Marcus Williams,17-10-1963,Male,West Debrafort,Texas,zthomas@example.org,+1-322-670-0036x87720,New,Active,15-05-2022
2516,Tamara Romero,19-04-2009,Female,New Erinport,Massachusetts,justinkerr@example.org,849-567-4928x465,Regular,Inactive,23-06-2022
2517,Jose Jones,24-01-1984,Male,Quinnfurt,Michigan,sydney28@example.org,001-231-624-1698x72632,Regular,Active,11-09-2022
2518,Laura Carter MD,03-04-1993,Male,West Robert,Colorado,catherine98@example.com,-11734,Regular,Active,19-10-2025
2519,Jerry Smith,05-11-1967,Female,Burnsmouth,Oregon,katherine37@example.com,922-561-7576x182,Regular,Active,09-08-2022
2520,Renee Glover,17-04-1976,Female,Port Robert,Michigan,cory03@example.net,935-866-4622,Premium,Active,08-02-2025
2521,David Aguilar,30-07-1976,Male,North Jameschester,Florida,steven44@example.org,001-254-457-6624,Premium,Active,06-05-2025
2522,Michael Cunningham,27-05-1975,Male,Port Brandybury,New York,rodneyward@example.com,-10201,Premium,Active,12-06-2022
2523,Brandi Bowman,15-09-1954,Female,North Kathleen,California,danielthomas@example.com,+1-556-972-5550x01840,Regular,Inactive,06-10-2022
2524,Gregory Nolan,15-06-1961,Female,South Joshuafurt,Massachusetts,stephenmartin@example.net,+1-715-432-6347x5743,Premium,Active,09-04-2025
2525,Lisa Aguilar,17-09-1954,Female,New Alanberg,Arizona,lhenderson@example.net,001-977-828-6062x9769,Premium,Active,29-03-2026
2526,Brittany Mccarty,04-07-1992,Male,Jenniferhaven,Michigan,geoffreywolf@example.org,5054768413,Premium,Inactive,23-10-2025
2527,Gwendolyn Nelson,15-04-1978,Female,New Lisaport,Washington,heatherbryant@example.com,+1-709-289-1579x406,New,Inactive,08-06-2023
2528,John Holmes,05-12-2008,Female,South Matthewfurt,California,jonespatty@example.net,799-267-0386x417,VIP,Active,02-02-2025
2529,Vicki Dunlap,22-11-2008,Male,Sandrahaven,Ohio,elizabeth25@example.com,318.488.2301,Premium,Active,28-05-2025
2530,Carolyn Wolfe,16-12-1973,Female,Wilsonberg,Washington,barryroberson@example.com,549.612.6493x504,Premium,Active,19-07-2022
2531,Douglas Harris,19-03-1997,Male,Port Georgeville,Virginia,patricia09@example.net,+1-679-532-1710x7240,VIP,Inactive,29-04-2022
2532,Savannah Steele,03-07-1952,Male,Port Robert,Virginia,anthonycarlson@example.com,819-902-6615x563,Regular,Active,14-04-2022
2533,Holly Monroe,19-02-1982,Female,South Mariah,Florida,nicole88@example.com,(728)686-8220,Regular,Active,22-04-2026
2534,Nancy Mitchell,03-03-1974,Female,West Ryanshire,Georgia,kimberlyking@example.org,683-978-9696,New,Active,12-12-2023
2535,Jessica Williams,29-12-2003,Male,Port Gabrielle,Colorado,antoniolucas@example.org,350-761-3092,VIP,Active,05-10-2024
2536,Kristin Salas,30-04-1995,Male,Matthewchester,Michigan,morganmartinez@example.com,9807701238,Regular,Active,12-03-2024
2537,Richard Valencia,12-12-2002,Male,Hopkinsshire,Oregon,fullercathy@example.org,+1-253-376-1994x38166,Regular,Active,18-03-2024
2538,Olivia Sparks,26-04-1959,Female,Kevinburgh,Oregon,brownlinda@example.org,8863303451,Premium,Active,13-02-2022
2539,Larry Adams,09-05-2009,Female,Yolandamouth,Massachusetts,leonardrichard@example.net,001-402-719-3458x36082,Regular,Active,29-03-2023
2540,Michelle Francis,26-05-1970,Male,Port Brandytown,Texas,flemingandrea@example.org,227.599.6165x68714,Regular,Active,10-06-2023
2541,Elizabeth Lewis,03-06-1962,Female,Tammyland,Florida,meyersdonald@example.org,001-242-406-6982,Regular,Active,15-07-2024
2542,Michael Silva,01-12-1962,Female,Port Shane,Colorado,kenneth54@example.org,-2661,Regular,Active,09-08-2022
2543,Angela Green,22-05-1975,Female,Bethanymouth,New York,christina86@example.net,001-313-314-1628,Regular,Active,13-02-2024
2544,Ashley Schmidt,06-07-1970,Male,New Anthonyborough,Florida,brianfoster@example.org,755.882.5211x42573,Regular,Active,28-01-2026
2545,Mark Kline,02-06-1989,Female,New Marieberg,Florida,qhernandez@example.net,001-225-981-6509x2869,Premium,Active,02-07-2023
2546,Terry Stewart,11-03-2000,Female,Wardborough,Arizona,smurphy@example.com,001-870-593-7340x57275,Premium,Active,17-05-2023
2547,Barry Bowen,12-02-1992,Female,Davidtown,New York,gdoyle@example.net,(313)579-0809x648,New,Active,05-01-2022
2548,Erika Shields,28-06-1954,Male,South Christinamouth,Colorado,betty54@example.com,+1-205-570-5775x98863,Regular,Active,04-02-2022
2549,Kevin Summers,05-03-1963,Male,Parrishchester,Pennsylvania,ujordan@example.net,663.731.0278x87429,Regular,Active,02-02-2025
2550,Steven Daniels,18-01-1951,Female,South Jake,Texas,martinhill@example.com,332.221.4958x634,New,Active,30-03-2025
2551,Jane Baker,27-01-1966,Female,East Antonio,North Carolina,lori65@example.com,923.575.0198x34580,New,Active,24-07-2025
2552,Ruth Harrell,26-05-1998,Male,Lake Jesse,North Carolina,yatesreginald@example.org,-5810,Regular,Active,09-08-2022
2553,Mrs. Kayla Nelson MD,02-09-2000,Female,North Michaelberg,Illinois,rodriguezbrian@example.com,981.672.5332x986,New,Active,27-12-2022
2554,Jared Hatfield,18-10-1994,Female,East Ericmouth,Massachusetts,carriejackson@example.org,001-465-271-3338x06455,New,Active,26-04-2025
2555,Heather Juarez,18-04-1960,Female,Mooremouth,Florida,copelandmichelle@example.com,239-372-0582,Regular,Active,21-07-2022
2556,Ryan May,08-11-1970,Male,Thomasburgh,California,cwilson@example.org,(739)716-9239x699,Regular,Active,10-10-2024
2557,James Martinez,21-03-2006,Female,Lake Brian,Virginia,wagnernatasha@example.org,001-257-736-2988,Regular,Active,03-10-2025
2558,Paul James,13-11-1991,Female,Stanleyburgh,Pennsylvania,john30@example.org,(608)907-4424,Premium,Active,29-09-2021
2559,Nicholas Ford,29-10-1958,Male,Michaelport,Virginia,hansonchad@example.org,403.340.4673x365,Premium,Active,21-07-2025
2560,Matthew Kirby,06-10-1984,Female,South Heather,North Carolina,micheal99@example.com,743-924-8487x657,New,Active,26-11-2023
2561,Ms. Melissa Stewart,31-05-1970,Female,Elizabethview,North Carolina,bakersara@example.com,638.412.7816,Premium,Active,06-11-2021
2562,Cheryl Cannon,08-09-1955,Male,Warrenton,Oregon,wdominguez@example.net,001-886-368-9082x16137,New,Active,27-08-2024
2563,Danny Oconnell,01-06-1958,Male,Frostshire,Michigan,cooklouis@example.net,385.323.2710x006,VIP,Active,02-07-2022
2564,Nancy Ramos,14-02-1973,Male,Morrowton,New York,gillmatthew@example.org,770-956-3604,New,Active,07-11-2023
2565,Robert Velazquez,06-09-1950,Male,South Susan,North Carolina,zhangsusan@example.com,960-433-7723,Regular,Active,30-04-2023
2566,Amanda Smith,18-02-1974,Male,South Nicole,Oregon,lanerachel@example.com,(772)655-7621,Regular,Active,13-07-2022
2567,Stacy Wong,28-11-1956,Male,South Ashleyshire,Illinois,ibrandt@example.org,-10847,Regular,Active,19-07-2021
2568,Kelly Ruiz,18-04-1966,Female,Jeffreyfort,Pennsylvania,ebailey@example.net,+1-665-791-5928x68826,Premium,Active,30-03-2026
2569,Stacy Sparks,03-03-1970,Female,New Michaelshire,Washington,gsaunders@example.org,631-355-9733,Regular,Active,20-06-2022
2570,Jason Larson,12-12-1979,Female,Lake Susan,California,calderondiana@example.net,(265)222-0921,Regular,Inactive,03-09-2022
2571,Jennifer Kline,10-10-1953,Female,Hernandezberg,Ohio,jacob56@example.net,469.219.3778,Regular,Active,29-07-2024
2572,Sean Smith,26-06-2006,Male,Tonyfurt,Florida,janet21@example.org,(931)236-3603x46155,Regular,Inactive,17-02-2024
2573,Terri Spencer,28-04-1990,Female,West Carolynchester,Washington,xjensen@example.net,317.425.4130x61487,Regular,Inactive,12-05-2023
2574,Richard Coleman,05-06-1956,Female,West Amanda,Michigan,mccoystephanie@example.org,(751)857-4463x111,Regular,Active,07-04-2024
2575,Adrian Glass,02-11-1990,Male,North Andreaside,Ohio,shelleyestrada@example.com,612.602.2563x98849,Regular,Active,24-08-2023
2576,Vanessa Ramos,03-09-1992,Female,Alexisstad,Georgia,mclaughlinteresa@example.com,776.984.8506x97427,Regular,Active,06-12-2021
2577,Dakota Hamilton,18-10-1953,Female,Johnsonton,Arizona,baileyjasmine@example.org,299.589.9390x324,Regular,Active,18-03-2023
2578,Alexandra Hogan,05-04-1992,Male,West Ericland,California,jose49@example.com,854-670-6166,Premium,Active,07-04-2026
2579,Scott Montgomery,27-09-1952,Male,East Mitchell,Arizona,ashleymoreno@example.com,441-791-6871,Regular,Active,02-04-2026
2580,Michael Hall,25-01-1965,Female,Langmouth,Colorado,boydmelissa@example.org,779-593-0240,Regular,Inactive,09-11-2022
2581,Julie Martin,21-06-2009,Female,Jenkinsmouth,Oregon,travis93@example.com,001-304-602-3565x15002,Regular,Active,06-09-2021
2582,Nicole Hicks,07-11-1974,Female,Atkinsfurt,Massachusetts,mcmillanpeter@example.org,001-616-883-6365,New,Inactive,25-11-2025
2583,Bruce Hardin,03-08-1996,Male,Chapmanport,Michigan,craigbrian@example.com,001-680-730-7857x8210,VIP,Active,19-08-2024
2584,Rebecca Clark,07-12-1955,Female,Danielstad,Washington,alexa40@example.com,247-620-5040,Premium,Active,17-10-2025
2585,Michael Wallace,27-01-1969,Female,West Reginald,Virginia,sstrong@example.org,+1-643-529-6450x7749,Premium,Active,30-07-2021
2586,Tiffany Munoz,28-01-1983,Male,Sarahbury,Massachusetts,melinda70@example.com,(938)503-0461,Regular,Inactive,05-04-2025
2587,David Browning,20-01-1992,Female,Jenniferside,North Carolina,bscott@example.net,794.284.3172x90605,Regular,Active,21-04-2022
2588,Abigail Whitaker,29-04-1964,Male,Lake Andrewside,Ohio,margarethamilton@example.net,(231)364-5202x120,VIP,Active,12-08-2021
2589,Edward Tran,23-10-1957,Female,Lindsaytown,New York,rlarsen@example.net,(638)521-2073,VIP,Active,24-09-2022
2590,Ronald Wagner,25-06-1999,Female,North Anthony,California,jennifer71@example.org,676-896-1854,Premium,Active,24-09-2023
2591,Kayla Gutierrez,22-06-1958,Female,Port Andrea,Michigan,johnathan53@example.net,750-884-7666x7232,Premium,Active,06-10-2025
2592,Ann Lyons,02-12-1952,Female,Weavermouth,North Carolina,jill80@example.com,731.885.6117x593,Regular,Active,02-03-2025
2593,Gary Jones,04-10-1958,Female,East Vincent,Oregon,ramosrobert@example.org,940-455-0453x10331,Premium,Active,22-08-2023
2594,Thomas Golden,05-07-1952,Female,Davidville,Washington,larry25@example.com,408-754-0843x85457,VIP,Inactive,28-04-2026
2595,Kelly Ortega,19-11-1959,Male,North Meaganmouth,Georgia,christina81@example.org,+1-334-589-8293x0990,New,Active,10-01-2024
2596,Tiffany Garcia,18-05-1969,Male,Washingtonland,Florida,curtis54@example.net,352-554-0649,Premium,Active,12-12-2023
2597,Tina Lee,02-06-1968,Male,Daviston,Colorado,pattychoi@example.org,+1-477-331-0325x0019,Regular,Active,28-05-2026
2598,Eric Johnson,01-04-1995,Female,West Melissa,Arizona,jsmith@example.org,(922)829-2572,Regular,Inactive,19-05-2024
2599,Sandra Martinez,15-06-1962,Male,East Stacey,Arizona,nsnyder@example.net,483-660-6315x6101,Premium,Inactive,21-08-2021
2600,Regina Collins,11-01-1955,Female,Samanthaland,Pennsylvania,paula68@example.org,+1-583-890-4064x55826,Premium,Active,03-02-2024
2601,Thomas Young,20-02-1953,Female,Joshuachester,Illinois,alyssa49@example.net,508-373-8593,Regular,Active,25-03-2026
2602,Erica Lucas,29-09-2008,Male,West Carlaville,Arizona,jessicamiller@example.com,327.493.4313,Premium,Active,28-10-2022
2603,Jacob Kelly,10-02-1966,Female,Christopherbury,North Carolina,wandaclements@example.org,+1-974-697-3551x58253,New,Active,05-09-2024
2604,Sonya Willis,03-01-1972,Female,East Sydneybury,Michigan,carterdenise@example.com,3917078546,New,Inactive,02-02-2024
2605,Mr. William Chapman,07-01-1961,Female,Port Charlesville,Oregon,gregoryrobertson@example.net,+1-828-444-3669x75703,Regular,Active,28-04-2024
2606,Shelby White,07-12-1996,Female,Tracyberg,California,fosterlisa@example.org,001-984-796-5226x2793,Regular,Active,18-06-2025
2607,Jeffrey Acosta,02-11-2006,Female,Wellschester,Ohio,james30@example.org,(767)379-0548x39497,Regular,Active,21-12-2021
2608,Laurie Rogers,23-01-1981,Female,West Savannahmouth,Massachusetts,hollowaydawn@example.com,001-651-711-2633x59370,Regular,Active,20-01-2023
2609,Ashley Webb,07-11-1992,Male,Garciaport,Washington,danielhayes@example.org,611-569-9944,Regular,Active,02-09-2025
2610,Shannon Martin,26-09-1977,Male,Rachelfurt,Georgia,james24@example.org,(233)909-5857,VIP,Inactive,29-05-2023
2611,Bradley Miller,13-11-2004,Male,Marshallchester,Virginia,morrisnichole@example.net,+1-381-637-1601x949,New,Active,25-03-2026
2612,James Chandler,28-11-1996,Female,North Antonio,Colorado,kmcclure@example.com,(643)945-1293x299,Premium,Active,22-01-2023
2613,Sierra Newman,04-12-1960,Female,Port Richardchester,Georgia,xlynch@example.org,+1-954-977-8273x56295,Regular,Active,27-04-2025
2614,Matthew Edwards,16-12-1999,Male,West Crystalland,New York,jmartinez@example.com,+1-764-397-1991x932,Premium,Active,04-09-2025
2615,Alan Martinez,28-03-1984,Female,North Sandrashire,Colorado,jdiaz@example.org,234.341.8955,Regular,Active,15-08-2021
2616,Susan Nash,25-08-2007,Female,Taylorview,Washington,jorge15@example.org,942.310.7542,Regular,Active,27-07-2023
2617,Jessica Middleton,26-05-1986,Male,Chadburgh,Illinois,megan18@example.net,(926)203-5298,Regular,Active,04-02-2022
2618,Francis Morgan,23-04-1997,Male,Lake Michellefurt,Virginia,jaygonzalez@example.com,+1-907-373-1533x0447,Regular,Active,23-10-2021
2619,Jeremy Alexander,26-01-1961,Female,West Douglas,Michigan,melissahubbard@example.org,370-319-8940x7522,Premium,Active,28-12-2023
2620,Justin Ross,24-04-1977,Female,Graytown,Washington,jamie23@example.com,755.741.3485,Regular,Active,19-07-2025
2621,Benjamin Deleon,25-06-1999,Male,West Joshuaberg,Washington,keithhunt@example.net,(965)344-7106x7911,VIP,Active,16-08-2024
2622,Edward Rivera,28-10-2002,Female,South Jason,Pennsylvania,munozmary@example.com,-5907,Regular,Active,13-04-2026
2623,Kelly Castillo,20-10-1954,Female,East Anthonyland,Massachusetts,torresrachel@example.org,+1-436-613-4399x1639,New,Active,09-07-2021
2624,Destiny Jones,09-05-1973,Female,Fordview,Colorado,katherinewatson@example.net,381.367.4817x62031,Premium,Active,28-10-2022
2625,Jeffrey Dominguez,19-02-1988,Female,Potterstad,Colorado,duranjessica@example.net,+1-858-207-2412x9156,Regular,Active,25-08-2024
2626,Todd Raymond,18-04-1958,Female,Phylliston,Virginia,samantha03@example.com,+1-222-803-9023x63241,Premium,Active,20-06-2025
2627,Rachel Terry,10-08-1977,Male,Shealand,North Carolina,dlang@example.net,(316)483-0246,Regular,Active,30-06-2023
2628,Patty Hunt,24-03-1988,Female,New Sarahburgh,Massachusetts,xwilson@example.com,+1-801-313-2803x50532,Regular,Active,26-01-2024
2629,Shelby Olson,21-06-2008,Male,North Alicia,Florida,omurphy@example.org,(261)374-4031x05894,VIP,Inactive,13-06-2025
2630,Jill Franklin,08-01-2002,Female,Orozcofurt,Colorado,perrymark@example.com,588-484-5007,Premium,Active,17-11-2024
2631,Brittney Marquez,30-08-1990,Male,Lake Johnstad,Arizona,mackenzie71@example.com,745-764-0263x705,New,Inactive,09-03-2026
2632,Joan Williams,09-06-1952,Female,Port Davidshire,Massachusetts,sharoncarney@example.org,001-956-627-3757x0112,Regular,Inactive,06-12-2022
2633,Bryan Adams,16-04-1976,Male,New Cynthia,Ohio,millerthomas@example.org,7598430204,Regular,Active,05-07-2024
2634,Christine Klein,05-04-1994,Male,Dianafurt,New York,hball@example.org,904.454.9201x4297,New,Active,17-09-2021
2635,Alison Gray,25-10-1963,Female,North Linda,North Carolina,flee@example.net,406-224-8320x55220,Regular,Active,10-11-2021
2636,Rodney Monroe,21-11-1999,Male,North Carrieville,Pennsylvania,benjamin18@example.com,567-491-1613x9802,Premium,Active,28-09-2023
2637,Kimberly Alexander,24-02-2007,Female,Sarahton,Arizona,ruthweber@example.org,394-664-0236x3611,Regular,Inactive,17-01-2026
2638,Luis Spence,27-07-1979,Female,North Gloriastad,Arizona,vweaver@example.com,(755)795-5214x3896,Regular,Active,29-12-2025
2639,Kristina Bridges,21-01-1976,Male,Johnfurt,Pennsylvania,markschneider@example.net,(633)385-7083x989,Regular,Inactive,03-02-2022
2640,Stephanie Perez,09-05-1955,Male,Lisaport,California,mary97@example.com,-6162,Regular,Active,02-03-2024
2641,Amy Edwards,30-03-1971,Male,Port Jessefurt,Florida,gonzalesmichael@example.org,(566)937-6317x790,New,Active,21-05-2026
2642,Jasmine Mcneil,03-10-1982,Male,New Dana,Illinois,helen65@example.net,001-644-735-9461,Regular,Active,08-05-2025
2643,Tammy Nichols,21-02-2008,Female,Thomashaven,Florida,brownjoseph@example.org,001-943-556-5131x5913,New,Active,08-04-2024
2644,Patricia Figueroa,30-12-1959,Female,Georgehaven,North Carolina,johnsonveronica@example.net,705-733-4927x0749,Regular,Active,31-01-2022
2645,Stephanie Brown,06-08-1983,Female,South Stephanie,California,hnelson@example.org,(805)482-4437,Premium,Active,16-10-2022
2646,Lauren Thomas,07-12-1980,Female,Pamelamouth,Illinois,novakcarol@example.net,001-702-213-4415,Regular,Active,21-03-2024
2647,Greg Rowe,02-01-1987,Female,West Michael,Colorado,amandamitchell@example.com,+1-592-226-4132x36507,Regular,Active,30-03-2022
2648,David Frost,28-09-1995,Male,Harrellland,Massachusetts,petersonjenna@example.net,(488)736-3528,Premium,Active,29-12-2024
2649,Frank Rodriguez,06-02-1966,Male,New Lisafurt,Ohio,frandolph@example.org,815-950-2782,Regular,Active,19-10-2024
2650,Vanessa Keller,29-04-1968,Male,South Lindsaytown,Florida,cunninghamdavid@example.net,642.925.1172x79190,New,Active,31-03-2025
2651,Alejandro Collins,16-02-1991,Female,Chaseberg,Arizona,ygreer@example.net,(210)599-3392,Regular,Active,18-04-2026
2652,Deborah Keith,30-12-1979,Female,South Thomas,Georgia,michelle10@example.net,001-369-395-2142x17695,Premium,Active,14-05-2025
2653,John Ray,18-09-1952,Male,Hoodbury,Georgia,ecannon@example.com,(283)319-0335,Regular,Active,29-07-2022
2654,Justin Mason,05-03-1993,Female,South Derekburgh,California,erinfleming@example.com,431.448.3491x4980,Regular,Active,01-03-2026
2655,Andrew Freeman,09-03-1964,Male,Fordview,New York,theodore30@example.org,2178766733,Regular,Active,31-05-2022
2656,Shawn Taylor,29-06-1961,Female,East Jacobstad,Arizona,morrisedward@example.com,248-203-9582x772,New,Active,23-04-2025
2657,Taylor Harris,28-09-1999,Male,Johnsonmouth,Colorado,randy67@example.com,918-563-5214,Regular,Active,28-09-2025
2658,Lorraine Glenn,19-08-1980,Female,Lynnmouth,Florida,pcole@example.com,+1-438-549-0484x284,Regular,Active,17-11-2023
2659,Brandon Marquez,09-09-1993,Female,Wendybury,California,jessejimenez@example.com,001-288-691-8274x499,New,Active,15-03-2026
2660,Jack King,28-07-1961,Male,Scottville,Florida,sreynolds@example.org,+1-708-799-0471x61356,New,Inactive,05-04-2025
2661,Katie Owen,26-09-1999,Male,North Marieside,Texas,sanchezmelissa@example.net,001-290-739-9276x58182,Premium,Active,31-01-2023
2662,Kristopher Short,25-09-1971,Female,Port James,Oregon,andrew24@example.org,677-858-2431x94229,Premium,Active,03-08-2022
2663,Brian Palmer,05-07-1989,Male,Marquezshire,Florida,peterwright@example.com,(489)895-3752,New,Inactive,10-07-2022
2664,William Fisher,15-12-1983,Female,Masonbury,Illinois,guerratim@example.com,478.267.2056x3508,Regular,Active,29-10-2025
2665,Gabriel Green,20-04-1984,Male,New Victoria,Texas,caitlynnelson@example.org,886-738-8433x4475,VIP,Active,04-01-2026
2666,Destiny Johnson,20-11-2005,Male,Alexisport,Michigan,smithmegan@example.org,001-318-640-3971x312,Regular,Active,09-01-2026
2667,James Garcia,22-06-1991,Male,Port Christopher,Michigan,christopherroberts@example.org,-6557,New,Active,25-09-2021
2668,Jennifer Jones,01-09-1986,Female,Camachofort,New York,amber92@example.org,6435597235,Regular,Active,29-06-2024
2669,Trevor Anderson,08-09-1975,Female,Lake Derrickland,North Carolina,hritter@example.net,+1-774-809-4286x0709,Premium,Active,16-12-2025
2670,Rebecca Sims,19-02-1958,Female,South Andrea,Massachusetts,wagnerkevin@example.com,575-570-9925x4555,Regular,Active,26-11-2024
2671,Melissa Schaefer,05-10-1986,Female,Lake Meagan,North Carolina,sean07@example.com,+1-542-366-1603x001,Regular,Inactive,01-04-2026
2672,Olivia Rodgers,27-11-1989,Male,North Brian,Florida,sharon03@example.net,943-819-5476,New,Inactive,19-10-2021
2673,Kirk Long,29-07-1975,Male,Danielsbury,Illinois,tracy43@example.net,+1-243-694-0867x176,Regular,Inactive,24-12-2022
2674,Kimberly Miller,03-12-1969,Female,Lake Eugene,Arizona,epearson@example.org,288.263.0874x73332,Regular,Active,27-03-2022
2675,William Pacheco,21-09-1970,Male,Lake Katelyn,North Carolina,lorraine43@example.org,635-625-6655,Regular,Inactive,28-07-2025
2676,Roger Williams,06-01-1991,Male,North John,Illinois,emilymedina@example.org,001-569-582-9905x95915,Regular,Active,02-03-2024
2677,Marissa Holland,12-04-1983,Male,Lake Meghan,Georgia,garciajennifer@example.org,9037635401,Regular,Active,01-07-2024
2678,Susan Acevedo,06-12-1979,Female,New Jacob,Georgia,joanne37@example.org,664.476.1891x19836,Regular,Active,11-03-2026
2679,Michael Torres,22-08-1980,Male,Timothytown,New York,amyolson@example.org,(735)979-4331x62122,Premium,Active,30-11-2023
2680,Ashlee Shepard,03-02-1997,Male,Marquezview,California,johnny49@example.com,(830)627-9933x628,Regular,Active,24-12-2022
2681,Sheila Brown DVM,05-09-1954,Male,East Sherrychester,Illinois,gregorygeorge@example.org,230-626-6198,Premium,Active,18-03-2022
2682,Shawn Smith,02-01-1981,Male,West Keith,California,alec73@example.net,+1-511-794-9178x47242,Regular,Inactive,17-09-2024
2683,Brian Fuentes,01-12-1980,Male,Port Ericville,Florida,joshuagibson@example.com,435.845.8324x7230,Regular,Inactive,24-06-2024
2684,Alicia Garcia,10-02-1967,Male,West John,Ohio,denise04@example.org,485-684-4741,Regular,Active,11-01-2026
2685,Michael Nelson,18-09-1974,Female,Justinbury,Arizona,mooresarah@example.net,2969988607,New,Active,19-03-2023
2686,Teresa Frazier,21-05-1992,Female,East Jessica,New York,heather64@example.net,365.925.7732x648,Regular,Active,03-04-2025
2687,Tracey Ellis,26-05-1989,Female,Collinfurt,Massachusetts,hernandezheather@example.org,+1-767-844-4933x7455,Premium,Inactive,20-01-2026
2688,Rebecca Diaz,12-12-1998,Male,East Melissa,Virginia,maria75@example.org,837.208.4635x338,Premium,Active,14-02-2022
2689,Matthew Choi,15-05-1958,Female,Port Deniseport,Virginia,oclark@example.org,(528)446-8078x59106,Regular,Active,24-02-2023
2690,Douglas Johnson,25-06-2000,Male,Port Amybury,California,sloanshawn@example.net,+1-988-293-1311x387,VIP,Active,30-12-2021
2691,James Adams,01-12-1982,Male,Sanchezville,Oregon,sandersbrian@example.net,+1-240-643-4562x389,Regular,Active,27-06-2024
2692,Alexandra Garcia,26-07-1959,Female,East Samuelstad,Illinois,brettcarpenter@example.com,(333)949-1070,Regular,Active,19-07-2021
2693,Karen Quinn,19-02-1990,Female,Hallmouth,Florida,joseph21@example.net,(444)487-2834,Regular,Active,26-05-2022
2694,Joseph Peterson,13-11-1961,Female,North Elizabeth,Ohio,alexwhite@example.com,001-389-471-8468,Premium,Active,09-01-2025
2695,Carol Vazquez,11-05-1979,Male,Lake Rubenville,Massachusetts,mhanson@example.org,(871)557-9387,Regular,Active,21-09-2023
2696,Ryan Pena,20-09-1970,Female,West Kevin,Massachusetts,ubriggs@example.com,4815172612,Premium,Active,11-07-2023
2697,Bryan Alvarez,19-03-2001,Male,East Abigail,Colorado,lilisa@example.net,347-715-6848x13276,VIP,Active,19-06-2025
2698,James Johnson,06-07-2002,Male,Stevenburgh,Virginia,ronaldbanks@example.com,001-949-680-6137x6467,Regular,Active,19-03-2025
2699,Amber May,24-05-1979,Male,East Scott,Arizona,mrivas@example.org,951-691-3543x586,Premium,Active,01-12-2025
2700,Christopher Andrews,01-12-2008,Female,Port Jenniferview,New York,melissadavis@example.org,(498)807-3729x58445,New,Active,29-12-2025
2701,Kristen Mathews,16-10-2006,Male,Lisachester,Ohio,latasha24@example.net,+1-285-770-8359x80661,VIP,Active,30-04-2026
2702,Christina Rogers,27-09-1970,Male,New Juanmouth,Washington,fboone@example.net,730.300.5225,Regular,Active,13-06-2024
2703,Alejandra Bartlett,10-03-1989,Male,East Ryan,Florida,austinlee@example.com,2239690699,Premium,Active,03-03-2026
2704,April Evans,09-06-2007,Female,Veronicahaven,Washington,nanderson@example.net,6618356235,Regular,Active,11-03-2025
2705,Andrew Nguyen,18-05-1998,Female,West Aaronborough,Florida,hcameron@example.com,(897)989-5877,Regular,Active,01-03-2024
2706,Jessica Wood,12-11-1985,Female,Williamsonton,Colorado,maryhamilton@example.com,7175390163,VIP,Active,05-08-2025
2707,Dawn Mullins,18-04-1995,Male,Brendamouth,New York,pamelafoster@example.org,224-235-7367,Premium,Inactive,23-12-2021
2708,Heather Thompson,01-10-2007,Male,Thomasfurt,Georgia,rogersangela@example.org,528-497-4569x1924,Regular,Active,12-11-2021
2709,Francisco Alexander,11-09-1958,Female,Brownbury,Ohio,pdunn@example.org,+1-817-526-6583x1888,Regular,Active,28-05-2022
2710,David Jacobs,12-04-2007,Female,Juliebury,Michigan,robert48@example.net,553-353-3725x5986,VIP,Active,30-08-2023
2711,Crystal Duncan,29-10-1963,Male,North Jameshaven,Ohio,lauramedina@example.net,401.787.6587,Regular,Inactive,27-12-2024
2712,Nicole Wiggins,27-02-1973,Male,South Joseph,Arizona,rpeck@example.net,+1-395-982-9462x8213,Premium,Active,22-11-2025
2713,Kathleen Neal,25-06-2006,Male,New Jasonfort,New York,larryblair@example.com,(662)518-7754,Regular,Active,05-08-2024
2714,Andrew Green,05-01-1972,Female,North Jeffreychester,Texas,holly95@example.com,934.316.9762x639,Regular,Active,27-07-2025
2715,Amy Robinson,09-12-1962,Female,New Erica,Michigan,mrivera@example.org,(269)281-0642,Regular,Active,07-10-2022
2716,Jordan Kelly,16-01-1968,Male,New Patricia,Pennsylvania,smithmorgan@example.org,5894419496,Premium,Active,29-08-2025
2717,Joseph Logan Jr.,20-06-1978,Male,Michaelshire,Oregon,kenneth76@example.net,9445358581,Regular,Active,31-03-2023
2718,Mary Williams,21-11-1968,Female,Petersonside,Illinois,brett60@example.net,(304)203-4821x46584,Regular,Active,26-04-2025
2719,Morgan Thompson,18-09-1964,Female,North Ashleybury,New York,eduardo83@example.com,-1486,Regular,Active,22-12-2025
2720,Monique Delgado,28-08-1981,Male,South Mark,Michigan,bcraig@example.net,297-956-7380x94046,Regular,Inactive,01-05-2022
2721,Manuel Ramirez,04-04-1952,Male,Fergusonbury,Illinois,jacobward@example.com,837.973.0608x9894,Premium,Active,08-09-2025
2722,John Copeland,26-05-1991,Male,Toddborough,Ohio,fhiggins@example.net,486.403.8236x607,Premium,Active,27-06-2022
2723,Allison Payne,01-12-1957,Female,West Nataliehaven,Georgia,ghill@example.net,9066079503,VIP,Active,13-01-2023
2724,Phillip Wang,02-06-1994,Female,New Harry,Washington,christinebowers@example.net,657.654.9488x93790,New,Active,14-01-2026
2725,Aaron Mueller,21-12-1957,Female,West Robertmouth,Illinois,brendagraham@example.org,584.258.9992,Regular,Active,21-01-2026
2726,Craig Warner,13-11-1975,Female,Lake Steven,New York,danielharris@example.net,407.997.6418x79394,Premium,Inactive,17-03-2024
2727,Carl Terrell,02-09-1979,Male,Port Stephenhaven,Washington,hfowler@example.com,666-915-9178x03000,New,Inactive,28-07-2023
2728,Hannah Carrillo,19-02-2004,Male,Evansside,Massachusetts,fhowe@example.org,702.480.5143,Regular,Active,15-05-2025
2729,Heather Harper,14-01-1968,Male,Port Jennifer,Virginia,adriana21@example.com,8447111725,VIP,Active,10-03-2023
2730,Jordan Gonzalez,16-11-1965,Female,South Larry,Washington,yjones@example.net,814.801.1407x1931,Regular,Active,27-08-2024
2731,Kevin Garcia,26-08-1981,Female,Andersonport,North Carolina,jose22@example.org,5843410186,VIP,Active,07-07-2025
2732,Dennis Martin,02-06-2010,Female,Jessicastad,Washington,sanchezdonna@example.net,296-709-2728x416,Premium,Active,21-04-2026
2733,Kristin Lawrence,02-08-1959,Male,Vegahaven,Michigan,qchang@example.org,001-349-530-2380x6480,New,Active,07-12-2023
2734,Samantha Carson,27-12-1969,Male,East Patricia,Pennsylvania,jerome54@example.net,238.986.0823x4032,Regular,Active,08-04-2023
2735,Timothy Long,22-10-1997,Male,South Rebecca,Massachusetts,dianearcher@example.org,(734)267-9048,Regular,Inactive,19-05-2026
2736,John Cardenas,20-10-1976,Female,Petersonland,Texas,jzimmerman@example.net,001-273-213-4725,New,Active,24-09-2025
2737,Debbie Nguyen,07-02-1991,Male,South Samanthastad,Illinois,markjacobs@example.org,(217)903-8787x186,Premium,Active,15-03-2025
2738,Judith Butler,05-08-1990,Female,Curryland,Michigan,shieldsmichael@example.com,434.753.0710x123,Regular,Active,30-09-2023
2739,Brittany Young,11-04-1962,Male,East Anita,Virginia,rpatrick@example.net,897-891-8670x422,Premium,Active,15-11-2025
2740,Scott Jacobs,03-09-1975,Male,South Blake,Michigan,rogerrubio@example.com,798-743-0620x83587,Regular,Active,28-12-2024
2741,Shawn Skinner,30-10-1964,Male,Richardburgh,Washington,johnsonkristin@example.net,601.648.7957,Premium,Inactive,27-09-2022
2742,Jose Sullivan,04-08-1976,Male,Joshuaburgh,Washington,leeamanda@example.org,(594)413-9187x568,Regular,Active,22-07-2024
2743,Robert Gonzalez,07-05-1973,Female,Thomasshire,Oregon,melissa91@example.com,386.703.0728x27029,Regular,Inactive,23-11-2023
2744,Ashley Howard,13-07-1982,Male,North Danny,Texas,amandaforbes@example.com,001-894-915-1086,New,Active,10-11-2024
2745,Robert Russell,25-10-2005,Male,Dominguezburgh,Washington,william74@example.com,+1-415-878-9950x98168,New,Active,13-01-2022
2746,Ryan Greene DDS,04-04-1958,Male,Sandrastad,California,dgeorge@example.org,(365)312-9299,Premium,Active,12-03-2023
2747,Kathryn Morgan,25-11-1952,Female,Griffithstad,California,parkerjennifer@example.net,733-529-7897x275,New,Active,03-10-2022
2748,Kristen Aguilar,05-12-1972,Male,Bentonberg,Illinois,timothybrandt@example.net,(994)307-1108x73252,Premium,Active,15-02-2023
2749,Laura Watson,01-11-1974,Male,Millsside,Ohio,tranlarry@example.com,(918)543-5276x53081,Regular,Active,09-01-2026
2750,Michael Mcdonald,16-02-1966,Male,Lake Vickie,Washington,dereknelson@example.org,001-961-654-5520x4033,New,Active,17-06-2024
2751,Jennifer Lopez,09-06-1960,Male,West Wendy,Michigan,peter24@example.com,(801)359-1669,Regular,Active,20-09-2021
2752,Veronica Alexander,07-07-1962,Female,South Alice,New York,fernandolozano@example.org,981-786-6690x4451,VIP,Active,20-03-2024
2753,Michael Nunez,29-07-1964,Male,New Nicole,Georgia,matthewperez@example.com,(629)647-6576,Premium,Active,01-06-2024
2754,Peter Gould,31-10-1997,Male,Myersbury,North Carolina,phelpskelsey@example.net,(282)252-5866x437,New,Active,23-03-2022
2755,Larry Scott,28-11-2003,Female,Port Nicole,Michigan,scottperez@example.net,001-501-330-2130x2646,Premium,Active,29-10-2023
2756,Lance Coleman,24-11-1994,Female,New Kristen,Pennsylvania,steven17@example.net,+1-638-490-2136x116,Regular,Active,13-11-2022
2757,Alexandra White,13-06-1958,Female,Jonathanburgh,Texas,brianhansen@example.net,(719)577-4583,VIP,Active,23-06-2023
2758,Melissa Harrington,08-06-1955,Male,Port Kayla,New York,walkertravis@example.com,536.312.5439,Premium,Inactive,25-04-2024
2759,Tiffany Orozco,18-11-1973,Female,Smithland,Ohio,traceymartinez@example.org,619.943.7425x7762,Regular,Active,21-12-2023
2760,Candice Martinez,08-01-1971,Male,Lake Christopher,Colorado,mfrank@example.org,488.552.1469x650,Premium,Inactive,23-01-2022
2761,Evan Wilson,08-02-1990,Female,North Jessica,Arizona,youngamber@example.net,639-948-8391,Regular,Inactive,12-04-2024
2762,Heather Lopez,07-10-1990,Female,East Joseph,Georgia,huffwilliam@example.com,837-715-2887x31814,New,Active,28-05-2024
2763,Joseph Leonard,01-05-1961,Female,Lake Briannaton,Florida,wilkersondavid@example.com,901.220.2179,Regular,Inactive,18-10-2023
2764,Anna Baldwin,22-07-1976,Male,West Russell,Virginia,nwilliams@example.com,890-822-3167x79846,Regular,Inactive,09-02-2022
2765,Cassandra Brown,14-09-1976,Male,North Danieltown,Texas,lewisjustin@example.net,520-949-6119,Regular,Inactive,19-11-2025
2766,Cynthia Welch,25-05-1997,Female,West Jacqueline,Massachusetts,smithangela@example.org,399-245-3125x98685,Regular,Active,05-12-2021
2767,Gregory Owens,20-08-1970,Male,New Megan,Washington,rjacobs@example.org,(616)789-6602x333,Regular,Active,09-02-2023
2768,John Stone,02-04-1994,Male,Kylefurt,Texas,abbottsteven@example.net,538-624-0432x68367,Regular,Active,21-04-2023
2769,Victor Thompson,04-09-2003,Female,North Sharonfort,Michigan,framos@example.org,+1-410-560-0050x3808,Regular,Active,14-03-2023
2770,Wendy Burns,31-08-1972,Female,Lake Natalie,Michigan,ngraves@example.org,741-237-7570x74032,Premium,Active,17-11-2025
2771,Brian Novak,18-01-1959,Male,Port Patricia,Illinois,jenniferward@example.org,352-752-0713x044,Premium,Active,07-06-2022
2772,Courtney Parker,04-10-1962,Female,Marioton,Texas,weeksanthony@example.net,001-551-336-1091x38703,New,Active,04-07-2023
2773,Joseph Chung,30-10-1970,Female,Tuckerside,Arizona,ashleystein@example.net,859-747-0808x71394,New,Active,21-10-2021
2774,Mrs. Laura Michael MD,20-03-1981,Female,Fosterview,North Carolina,jsimon@example.net,001-602-720-9609,New,Active,04-09-2022
2775,Janice White,09-09-1974,Male,West Julietown,Pennsylvania,smithkatherine@example.com,460-742-0025x506,Regular,Active,19-06-2023
2776,Zachary Murray,21-06-1955,Male,Port Robertmouth,Colorado,rileynathan@example.com,(979)915-7722x77577,Premium,Active,28-06-2022
2777,Sherri Santana,27-09-1958,Female,East Charlene,Ohio,jamesjackson@example.net,(213)795-7445x533,Regular,Inactive,24-01-2026
2778,Scott Nash,01-01-2009,Female,Michaelchester,Colorado,hannah40@example.org,8886737673,Regular,Inactive,04-12-2023
2779,Christopher Burton,23-12-1968,Male,Prestonside,Virginia,lauren71@example.net,001-753-624-0850,VIP,Active,09-07-2024
2780,Sergio Evans,23-01-1982,Female,Lake Kaitlinside,Georgia,carterrobert@example.org,392.379.7608,Regular,Active,01-12-2025
2781,Michael Perez,17-01-1968,Female,Lake Roberta,Georgia,nicholstodd@example.com,943-477-9341,VIP,Active,20-02-2023
2782,Pamela Wilkerson,29-01-2007,Female,New Micheal,New York,williamsanthony@example.net,630-966-2847x7544,Regular,Active,06-04-2022
2783,Brittney Short,08-06-2000,Male,Guzmanchester,California,yolandamartinez@example.org,503-911-3573,Premium,Active,31-08-2023
2784,Alexis Keith,30-07-1998,Male,Alanland,Washington,mariatran@example.com,(485)815-6158,VIP,Active,22-10-2022
2785,James Davis,15-01-1957,Male,New Keithville,Pennsylvania,gonzalezjoanna@example.org,617.645.9105x432,Regular,Inactive,01-07-2022
2786,Brenda Smith,29-02-2008,Male,North Juliebury,Michigan,fturner@example.org,(517)948-8968x52988,Regular,Active,30-09-2024
2787,April Ellis,11-10-1978,Female,Duartemouth,North Carolina,jonesrichard@example.net,(273)659-0161x5828,New,Active,31-03-2022
2788,Melinda Harris,05-12-1972,Male,North Elizabethstad,New York,pnorton@example.org,(224)707-5598,Regular,Active,29-03-2026
2789,Nicole Pope,18-06-1968,Male,Spearsmouth,Illinois,christineclark@example.org,+1-554-220-1348x23197,Regular,Active,28-06-2025
2790,Natasha Harris,15-06-1987,Female,Johnview,North Carolina,cookjustin@example.com,(737)844-6840,Regular,Inactive,14-04-2024
2791,Rachel Mack,24-10-1983,Female,Monicaside,Michigan,joeljackson@example.net,577.228.7853x902,Regular,Active,25-03-2022
2792,Stephanie Thornton,23-02-1966,Female,Williamstown,Michigan,jennifer86@example.org,(492)664-2101,Premium,Active,23-03-2026
2793,Kenneth Lopez,10-03-1980,Male,Lake Hector,Ohio,jon75@example.com,-7803,Premium,Active,04-12-2021
2794,Jonathan Gray,15-07-2007,Female,Mitchellbury,Massachusetts,jamesperkins@example.com,+1-981-501-9099x046,New,Active,08-09-2021
2795,Kenneth Davis,12-07-1988,Male,New Tyler,New York,bmedina@example.com,788-377-2456,Regular,Inactive,21-02-2025
2796,Daniel Newman,31-12-1981,Female,Hallshire,Oregon,hgillespie@example.org,+1-208-353-6317x0012,Regular,Active,04-05-2024
2797,Kimberly Williams,17-10-1991,Female,Port Diane,Pennsylvania,susan43@example.com,405.944.1161,VIP,Active,02-10-2023
2798,Charles Carter,15-03-1983,Male,Michelleville,Michigan,laura75@example.net,(320)998-3249x35726,Regular,Active,23-06-2024
2799,Melvin Neal,02-07-1956,Male,Mccarthyshire,Colorado,sloanjennifer@example.net,(234)418-1864x06122,VIP,Active,16-11-2022
2800,Brian Jones,17-07-1956,Male,Jameston,Illinois,gwinters@example.org,961.932.5583x18886,Regular,Active,13-09-2021
2801,Cynthia Ramirez,05-08-1971,Female,Sullivanchester,Michigan,juan32@example.net,353.982.8365x834,Regular,Active,30-04-2022
2802,Andrew Brady,23-01-2002,Male,Jonesside,Colorado,sbarber@example.net,001-872-331-1682x08044,New,Active,08-11-2022
2803,Nicholas Miller,13-03-1955,Male,East Emilymouth,Massachusetts,richardfrey@example.net,461.447.4273x54521,New,Active,25-01-2022
2804,James Miller,18-02-1971,Female,South Cynthia,Florida,johnsonkimberly@example.net,(773)324-9988x28402,Regular,Active,09-02-2026
2805,Robert Whitaker,08-10-1988,Male,New Jenniferville,Illinois,michelle59@example.org,001-338-826-2723x491,Regular,Active,11-09-2023
2806,Monica Marshall DDS,04-07-2005,Female,Maryland,Oregon,jpittman@example.org,203-948-9881x8385,Regular,Active,09-07-2025
2807,Thomas Hess,18-09-1964,Female,Hillbury,Texas,randyfuller@example.net,001-757-756-8299x925,VIP,Active,15-01-2025
2808,Erica Lowe,03-06-1983,Male,East Michaelside,Texas,kgilbert@example.com,3199690826,Regular,Active,11-06-2022
2809,Kimberly Watts,01-05-1976,Female,New Jesus,Virginia,ghernandez@example.net,5352372189,Regular,Active,29-07-2023
2810,Samuel Yu,23-08-1968,Male,Michaelton,Massachusetts,gbarker@example.net,213-627-2566x55913,VIP,Active,28-12-2023
2811,Derek Moore,11-07-1957,Male,Lake Jordan,Pennsylvania,bellkenneth@example.org,(389)244-6367x946,VIP,Active,08-07-2024
2812,John Lewis,01-07-2001,Female,West Cathy,Illinois,kayla99@example.org,(811)825-8081,Premium,Active,21-05-2026
2813,Benjamin Martin,12-01-1971,Male,Nicholsonmouth,Florida,baileykimberly@example.net,(379)780-5480x6643,Regular,Active,14-03-2024
2814,Joseph White Jr.,01-07-1951,Female,North Karifurt,Massachusetts,jillianscott@example.net,(510)650-6737x954,New,Active,20-04-2022
2815,Gregory Nguyen,31-05-1975,Female,Dianaberg,Florida,douglas75@example.org,001-401-442-7537x99813,VIP,Active,22-03-2024
2816,Dr. David Nelson,15-12-1981,Male,Port Pamelaport,California,jessica97@example.net,247.499.2029,Premium,Active,23-09-2023
2817,Mark Wise,29-08-1952,Male,Cooperland,Pennsylvania,mckenziejones@example.net,622.761.3291x4455,New,Inactive,28-07-2023
2818,Jose Crawford,30-08-1993,Female,West Vincent,California,rscott@example.net,518.215.7271x70746,New,Active,27-07-2021
2819,Glenn Stevens,17-02-1961,Female,Port Stevebury,Texas,amoreno@example.com,001-245-754-5626x267,Regular,Inactive,13-06-2022
2820,April Jones,12-01-1970,Female,North Adamfurt,Georgia,ubrown@example.com,877.704.5141,Regular,Active,25-10-2021
2821,Taylor Martin,08-01-1963,Male,Port Heidiport,North Carolina,tammygutierrez@example.net,-4641,New,Active,07-01-2026
2822,Beverly Chang,27-02-2000,Male,Port Ginabury,Ohio,brittany43@example.org,340-635-2379x46896,Premium,Active,10-12-2021
2823,Samantha Khan,25-02-1970,Male,New Alexismouth,North Carolina,michaelgarcia@example.com,4492101953,Premium,Active,09-02-2025
2824,Debbie Perez,08-12-1951,Male,North Willieport,North Carolina,michaelferguson@example.com,7895812003,New,Active,13-05-2022
2825,Mr. Gregory Vazquez,06-08-1968,Female,Coryton,Illinois,vanessa42@example.org,(631)605-9256,Regular,Active,24-07-2023
2826,Shannon Pratt,24-02-1972,Female,New Thomas,Georgia,wendyhernandez@example.com,746-419-8468x31182,Regular,Active,01-12-2025
2827,Hannah Ford,03-08-1979,Male,Lake Gabrielle,Virginia,michael52@example.net,001-987-364-2164x371,Regular,Active,02-09-2024
2828,Nathaniel Cherry,02-11-1960,Male,Lake Thomas,Arizona,whitneyolsen@example.net,(368)803-4693,Regular,Inactive,27-04-2026
2829,Michele Jones,15-05-2007,Female,Savannahberg,Colorado,brittany21@example.com,-7516,Premium,Active,18-10-2023
2830,Hannah Bradley,08-11-1957,Male,Kentview,Massachusetts,gbell@example.com,764-493-7512x55967,Regular,Active,20-07-2023
2831,Robert Allen,03-06-1955,Male,North Victoriahaven,Oregon,richard79@example.net,001-370-629-4841x623,Regular,Active,19-09-2022
2832,Paul Park,30-09-1980,Male,West Jose,Georgia,cameron80@example.org,426.911.3454x04416,Regular,Active,26-06-2022
2833,Brian Stevens,16-03-1960,Female,North Jaclynhaven,Michigan,hannahhunter@example.com,958.327.1751x3513,Regular,Active,16-09-2024
2834,Lauren Briggs,26-01-1984,Male,Andrewshire,Ohio,brittanymorris@example.org,+1-862-794-3317x28548,Premium,Active,16-05-2026
2835,Sherri Carlson,17-05-1969,Female,Stevensonside,Michigan,michellehernandez@example.net,582-990-5314x7267,Regular,Active,05-10-2022
2836,Joseph Price,11-05-1963,Female,Torresstad,Virginia,bpeters@example.org,(354)439-1706x466,Regular,Active,23-01-2022
2837,Charles Stevenson,07-03-1994,Female,Michaelburgh,North Carolina,gerald50@example.net,(993)775-0537,Regular,Active,18-01-2026
2838,Steven Davis,14-05-1960,Male,Jonesbury,Texas,ikennedy@example.com,(791)914-1349x5671,Premium,Inactive,04-03-2024
2839,David Robles,17-06-1985,Female,South Donna,Michigan,theresa54@example.com,865-460-2993x45259,Regular,Inactive,16-02-2026
2840,Joseph Russo,28-02-1957,Female,Brownton,North Carolina,petermurphy@example.com,(219)262-3088x124,Premium,Active,12-01-2022
2841,Jacqueline Wilson,12-06-1978,Male,Sonyaside,Illinois,gpalmer@example.com,(384)337-4126,New,Active,28-01-2023
2842,Cole Hampton,20-08-1966,Female,Lake Theresaberg,Michigan,david76@example.org,001-945-916-4120x484,VIP,Active,08-10-2023
2843,Jessica Jackson,09-05-1989,Male,Valeriefort,Massachusetts,zgreen@example.net,001-685-619-4272x13683,VIP,Active,13-07-2025
2844,Destiny Patel,26-08-1950,Male,Washingtonstad,Virginia,ithompson@example.org,001-698-857-7344x703,New,Active,10-02-2025
2845,Stephanie Perez,18-10-1955,Male,New David,Ohio,michael63@example.com,901-744-6292,Premium,Inactive,23-04-2025
2846,Michael Bullock,12-03-1957,Male,Greenhaven,Georgia,edwardswilliam@example.com,001-218-395-4163x131,New,Active,28-12-2023
2847,Michael Gilbert,25-10-1994,Female,West Chloeland,Arizona,anthonygoodman@example.com,-11214,Regular,Active,05-08-2025
2848,Daryl Morrow DDS,26-12-2006,Female,Thomaston,Pennsylvania,stephanie43@example.net,261.645.4313x8298,Premium,Active,14-08-2025
2849,Richard Blackwell,04-06-2009,Female,Jaredmouth,Michigan,rlara@example.net,446-560-1850x51047,Regular,Active,24-12-2022
2850,Christopher Black,31-08-1956,Male,Nelsonberg,Colorado,markrobles@example.net,+1-671-982-4786x14366,Regular,Active,21-05-2023
2851,Suzanne Reyes,13-08-1965,Female,Port Patricia,California,michael69@example.org,+1-434-810-6241x240,Regular,Active,06-09-2024
2852,George Wilkins,21-02-1985,Female,Matthewsmouth,Massachusetts,victoria40@example.com,(675)899-5241x0064,Regular,Active,13-11-2021
2853,Rachel Reyes,26-04-1968,Female,East Brettberg,Florida,rebecca45@example.net,001-412-286-2312x8125,Regular,Active,05-04-2025
2854,Amanda Ortiz,28-08-1978,Female,Maryshire,Arizona,crawfordkevin@example.org,(298)732-8641x7236,Regular,Inactive,25-10-2023
2855,Ashley Sloan,30-10-1956,Female,Pedrostad,Colorado,brownbarbara@example.org,+1-292-476-1802x01058,Premium,Active,08-03-2025
2856,Michelle Lopez,20-11-1998,Male,Lindaton,Arizona,castanedazoe@example.com,8886017499,Regular,Active,23-03-2024
2857,Alan Browning,23-09-1961,Female,South William,Illinois,burnettsandra@example.net,295.730.5214,VIP,Active,16-10-2022
2858,Ann Brown,12-05-1969,Male,Wolfeton,Georgia,robbinslaurie@example.net,(363)274-8562x44142,Regular,Inactive,23-01-2023
2859,Christopher Hunt,12-11-1969,Female,Wallport,Illinois,patrick62@example.com,001-299-945-2657x741,New,Inactive,27-02-2022
2860,Allison Soto,03-05-1955,Female,West Brian,Texas,william39@example.net,+1-643-399-7713x8596,Premium,Active,08-09-2023
2861,Joanna Gomez,11-11-2001,Male,Sydneybury,Michigan,zmcdonald@example.net,001-368-888-2972x54133,Premium,Inactive,26-01-2026
2862,Mark Nguyen,21-11-1993,Female,New Charlesstad,Washington,shaffereugene@example.com,706-891-3557,New,Active,10-04-2022
2863,Randy Oneal,07-01-1997,Female,Amyhaven,California,smithamanda@example.com,001-808-924-7298x022,Regular,Active,03-03-2023
2864,Michael Ferguson,05-01-2008,Male,Stevenbury,Texas,xdavis@example.com,001-504-929-3750x86862,Premium,Active,12-06-2025
2865,Mary Huff,29-08-1960,Male,Lake Michael,Ohio,gvalenzuela@example.com,9296437317,New,Active,24-10-2025
2866,Brooke Bolton,08-03-2002,Female,South Scottland,Arizona,fbarrera@example.com,8333882757,New,Active,21-05-2025
2867,Roger King,27-04-1958,Female,Davidland,Colorado,lori34@example.org,628.636.5883x665,Premium,Active,24-12-2024
2868,Judy Boyd,08-03-2008,Male,South Debra,Michigan,richard77@example.com,-7658,Regular,Active,16-05-2025
2869,Paula Mcdonald DDS,27-04-1973,Male,Port Benjaminchester,Washington,castronathan@example.com,303.859.2603,Regular,Active,31-07-2021
2870,Danielle French,30-03-1981,Male,Port Elizabethville,Arizona,michelelucas@example.net,(898)538-2073x91550,Premium,Active,02-11-2025
2871,Monica Allen,15-08-1971,Male,Jonathanton,Massachusetts,robertwarren@example.com,7812081847,Regular,Inactive,22-09-2022
2872,Thomas Levine,22-08-1986,Male,Fergusonborough,Arizona,castillocrystal@example.org,-4718,Regular,Active,09-08-2023
2873,Casey Gonzalez,19-01-1980,Male,North Susanland,Pennsylvania,waltonandrew@example.net,001-433-261-3697x9506,New,Active,09-03-2022
2874,Richard Gallagher,10-12-1950,Female,Lindatown,Ohio,obrienjacob@example.net,235-791-2254x9192,Regular,Active,09-02-2022
2875,Joseph Davis,25-01-1969,Female,Lake Christina,California,amanning@example.org,638.933.7246x97824,New,Inactive,24-08-2021
2876,Lisa Scott,30-06-1953,Male,Robertshire,Pennsylvania,kelseygonzalez@example.com,296.981.2201x0300,Regular,Inactive,28-09-2024
2877,Daniel Young,25-12-1961,Male,Port Tina,Florida,wkemp@example.net,+1-528-994-6056x719,VIP,Inactive,01-06-2022
2878,Steven Fernandez,25-11-2000,Male,New David,Texas,jose01@example.com,(696)424-0506,Regular,Inactive,30-03-2024
2879,Brittany Williams,06-05-1988,Male,New Eric,Ohio,vacevedo@example.com,638.742.5413x143,Regular,Inactive,06-04-2023
2880,Ann Gonzales,29-05-1990,Male,Dianastad,Virginia,reedzachary@example.org,+1-596-300-5473x215,Regular,Active,08-10-2022
2881,Robert Chen,24-07-1996,Female,North Stephentown,Ohio,xdixon@example.org,552-487-3578x917,Premium,Active,25-05-2026
2882,Judith Allen,01-01-2003,Female,North Adamshire,Florida,pfisher@example.com,(765)918-4305,Regular,Active,23-09-2022
2883,Scott Sexton,19-05-1980,Female,Andrewhaven,California,davisheather@example.com,+1-317-250-9595x1246,Regular,Inactive,21-03-2024
2884,Angela Schroeder,02-03-1956,Female,East Beth,Illinois,sancheztimothy@example.org,(699)382-1526,Regular,Active,02-10-2025
2885,Audrey Stanton,01-06-1995,Male,West Michaelstad,Washington,rmckee@example.com,984.476.2292,New,Active,12-11-2023
2886,Steven Fernandez,28-07-1982,Male,Lake Katherineland,Massachusetts,wrightshawn@example.net,664.702.1912x6869,Premium,Active,25-06-2024
2887,Matthew Thompson,26-08-1962,Female,West Shane,Ohio,brendajames@example.net,(551)206-6008x82825,Premium,Active,01-06-2026
2888,Nicole Mitchell,29-03-2000,Male,Port Nicole,Washington,murraylonnie@example.com,+1-659-424-0950x29971,Premium,Inactive,18-04-2024
2889,Sean Porter,29-12-1989,Male,West Connorville,Oregon,perryreed@example.org,370-613-3351x61828,Regular,Active,23-04-2024
2890,Shane Barr,10-02-1954,Male,Gilbertchester,Virginia,rjohnson@example.net,936-774-8903,Regular,Active,01-07-2024
2891,Carolyn Henderson,24-01-1990,Female,North Cynthiaborough,Georgia,suzanne89@example.com,(463)257-0158,Regular,Inactive,14-06-2022
2892,Mark Wolf,12-01-1987,Male,Tracyberg,New York,corey64@example.org,333.358.2950,Regular,Active,07-10-2023
2893,David Rosario,29-05-1951,Male,Williamsstad,North Carolina,samanthalogan@example.net,(727)578-6643,Regular,Active,16-02-2024
2894,Dr. Morgan Price,06-01-1977,Male,Seantown,Oregon,westpaula@example.com,001-785-838-0526x426,Regular,Active,10-03-2022
2895,Alejandro Barnes,05-11-1955,Female,South Michael,Michigan,ohopkins@example.net,745-238-8635x31120,Regular,Active,03-01-2023
2896,Jeremy Noble,04-10-1972,Female,South Joshualand,Florida,rhall@example.net,782-609-0360x133,Regular,Active,03-06-2023
2897,Carl Combs,03-10-2004,Male,East Mark,North Carolina,johncampbell@example.org,399-570-5241x36952,Premium,Inactive,13-07-2025
2898,Priscilla Arnold,20-10-1954,Female,Greershire,Colorado,mario54@example.org,358.350.9819,Premium,Active,10-09-2023
2899,Wendy Pruitt,02-02-1981,Female,Andersonfurt,Oregon,kevindominguez@example.org,(289)920-8423x300,Regular,Active,04-02-2024
2900,Zachary Brown,24-07-1990,Female,Larsonview,Arizona,cynthia67@example.net,7555904431,VIP,Active,20-08-2024
2901,Patricia Wilson,09-08-1993,Male,Vargaschester,Virginia,scott98@example.net,001-694-639-0406x396,Regular,Active,10-07-2025
2902,Christy Stevens,11-02-1967,Female,Lake Jose,Pennsylvania,jacksonkimberly@example.org,(650)673-1549,New,Active,31-10-2022
2903,Robert Villegas,20-10-2007,Male,South Shawnburgh,Virginia,henryphillips@example.com,001-848-573-0635x799,VIP,Active,07-06-2024
2904,Laura Richards,07-09-1999,Male,Walkerport,Texas,nwright@example.net,+1-303-856-6841x6092,VIP,Active,17-08-2023
2905,Samantha Davis,28-05-1960,Male,Christensenchester,Illinois,jessica71@example.org,788-536-9756x055,Premium,Active,12-07-2025
2906,Susan Berg,19-07-1996,Female,Davisshire,Florida,williamfrazier@example.com,6505885420,Regular,Active,18-04-2025
2907,Brian Franklin,15-12-1996,Female,Johnsonstad,North Carolina,juliemyers@example.org,599.273.0388x273,Premium,Active,04-05-2022
2908,Tanya Lang,23-01-2010,Female,New Ashleymouth,Michigan,donna19@example.org,+1-925-717-4883x04231,Regular,Inactive,06-03-2022
2909,Ian Tanner,10-11-1967,Male,West Rebecca,Georgia,emily46@example.com,(743)566-1177,Regular,Active,03-09-2022
2910,Bradley Rodriguez,31-08-2003,Male,Jeffreyfort,Virginia,obrienrobert@example.com,645-361-7583x6821,Regular,Active,20-02-2026
2911,Adam Davis,14-03-1997,Male,Jessicaport,North Carolina,davidwalker@example.net,(215)907-4946x04516,Regular,Active,04-08-2025
2912,Mariah Allen,08-05-2002,Female,Patrickmouth,Michigan,davidsonkelli@example.net,623.222.3649,Regular,Active,07-08-2021
2913,Daniel Lang,10-01-1986,Female,Peterport,Arizona,kennethsingh@example.net,6638114137,Premium,Active,12-10-2022
2914,Dr. Bobby Robinson,26-05-1997,Male,East Alicia,Georgia,tstewart@example.org,+1-671-490-0204x81888,Premium,Inactive,10-07-2023
2915,Mercedes Burns,29-04-1971,Male,North Luke,Washington,melanie46@example.com,466-314-1124,New,Active,07-03-2025
2916,David Bryant,04-01-1984,Male,Scottmouth,Massachusetts,fcooper@example.org,001-229-600-6491x1308,Premium,Inactive,27-02-2022
2917,Donna Coffey,28-09-1980,Female,Jessicamouth,Oregon,bethany35@example.org,339.697.9494x6182,Regular,Active,27-03-2022
2918,Gabriela Scott,18-05-1988,Male,Port Alanview,Arizona,chelseyreyes@example.net,001-840-962-9934,New,Inactive,04-11-2022
2919,Connor Banks,07-08-1994,Female,South Nancyside,New York,christopherpeters@example.org,898-993-2895,Regular,Inactive,06-12-2022
2920,Tiffany Bright,27-04-1965,Male,Lake Alexanderburgh,Massachusetts,brenda64@example.org,+1-503-426-4501x1136,Regular,Active,18-05-2022
2921,Brandi Bauer,25-06-1979,Male,Albertside,Oregon,villarrealbarry@example.net,+1-694-383-3390x926,Premium,Active,02-10-2022
2922,Chase Lopez,14-10-1977,Male,East Corey,Michigan,joshua87@example.net,(736)601-9877x9201,Premium,Active,03-12-2021
2923,Andrew Thomas,18-08-1992,Female,Mullinston,Illinois,adrianflowers@example.com,001-639-943-3361x80060,Regular,Active,23-01-2025
2924,Krista Buckley,26-12-1950,Male,North Elizabethview,Georgia,rhodeskyle@example.com,663.563.0481,Regular,Active,04-05-2022
2925,Wendy Boone,28-04-1960,Female,Weaverhaven,Illinois,joseph16@example.net,(534)904-6978,Regular,Inactive,09-01-2023
2926,Dawn King,17-08-1998,Female,Blackwellborough,Michigan,charles99@example.com,001-877-917-5322,Regular,Active,09-01-2023
2927,Amber Thompson,17-04-2003,Female,Aaronbury,Colorado,jgreene@example.com,957.399.4794,Regular,Active,12-11-2025
2928,Amanda Norton,18-09-1978,Female,East Travis,Arizona,barbara44@example.net,(496)411-6457,Regular,Active,19-09-2023
2929,Adam Parker,01-04-1961,Female,Costabury,Washington,monica93@example.com,-4096,New,Active,14-01-2022
2930,Kendra Smith,28-11-1985,Male,Farleyburgh,Pennsylvania,christopherfoster@example.com,508.717.5734x00783,New,Active,28-09-2025
2931,Renee Bishop,12-07-1952,Female,Port Jamesborough,North Carolina,deborahgregory@example.org,(854)256-6525,VIP,Inactive,05-08-2024
2932,Cory Kelly,28-08-1979,Male,Ginachester,Ohio,scantrell@example.com,(916)535-3705x047,Regular,Active,20-02-2025
2933,Brittney Hancock,28-04-1994,Female,Jamesside,Arizona,toddjohnson@example.net,883.749.1930x41683,VIP,Active,04-10-2024
2934,Wanda Mathews,23-08-2001,Male,Williamsonville,California,igibbs@example.com,001-260-435-0443x51121,Regular,Inactive,19-05-2022
2935,Adam Cruz,05-12-1998,Female,Lake Anne,Ohio,dwilliams@example.net,+1-909-860-1149x0257,Regular,Active,17-05-2022
2936,Christopher Watson,26-05-1987,Female,East Kenneth,Ohio,weisskatherine@example.net,451-432-5729,Regular,Active,08-11-2024
2937,Mrs. Alexandra Patterson,29-09-1989,Female,Lake Jenniferberg,Ohio,lorimurphy@example.org,(379)316-3919,Regular,Active,28-09-2021
2938,John Hoover,11-05-1997,Male,Port Charlesborough,Illinois,jamesdouglas@example.org,+1-973-502-5048x750,Regular,Active,25-09-2022
2939,Angela Lee,16-07-1958,Male,Stephensfort,Virginia,yjohnson@example.net,692.418.8328,Premium,Inactive,02-02-2023
2940,Jeanette Davis,19-11-1984,Female,New Kellyport,New York,edward35@example.net,001-852-486-9578x8073,Regular,Active,26-08-2023
2941,Thomas Jimenez,22-01-1966,Female,Sweeneyport,Florida,lperez@example.com,(249)773-5183x693,Premium,Inactive,13-12-2023
2942,Carrie Rodriguez,14-06-1981,Female,North Ann,Washington,gabrielcabrera@example.net,001-292-914-4687,Premium,Active,26-08-2023
2943,Bryan Jones,20-07-1987,Female,Crosstown,Ohio,jennifersanders@example.com,(418)747-7050,Premium,Active,15-06-2023
2944,Cheryl Lester,27-08-1975,Female,South Samuelchester,North Carolina,donaldkramer@example.org,4803096492,Premium,Active,11-01-2023
2945,Bruce Campbell,01-09-1971,Female,Nguyenchester,California,douglas38@example.net,575.352.5786,New,Active,07-08-2024
2946,Shelby Johnson,27-02-2007,Male,Jadeburgh,Michigan,melissajohnson@example.com,370.223.9449x86085,Regular,Active,20-07-2022
2947,Sue Martin,30-07-1962,Male,Johnbury,Oregon,tonya20@example.com,001-247-414-0240x90683,Regular,Active,23-10-2023
2948,Rachel Sanchez,03-01-2006,Male,Thomasview,Massachusetts,browntravis@example.org,001-545-496-9122x7266,VIP,Active,15-02-2023
2949,Juan Clark,27-05-2005,Male,Warrenland,Washington,anitasanchez@example.com,(761)925-5062x7122,Regular,Inactive,29-08-2023
2950,Jose Jenkins,10-03-1956,Male,Lake Kathryn,Michigan,yhunt@example.com,001-383-917-5201x685,Regular,Active,28-09-2025
2951,Alfred Jackson,13-04-2001,Male,Russellport,Massachusetts,ysmith@example.net,001-506-515-5608,Regular,Active,19-04-2025
2952,Amy White,12-10-1978,Male,Willismouth,North Carolina,thomasherrera@example.net,001-654-540-6787x430,Premium,Active,03-09-2021
2953,Derek Wells,24-09-1964,Female,Port Johnside,New York,frank24@example.com,583.490.5564,New,Active,17-06-2022
2954,Carol Rose,29-08-1973,Male,Edwardberg,Pennsylvania,cathyrodriguez@example.net,849.414.7855,New,Active,04-07-2022
2955,Christina Farmer,29-11-1953,Male,Andrewmouth,Massachusetts,angel82@example.net,001-733-521-3233,Regular,Inactive,08-12-2022
2956,Kimberly Park,31-05-2006,Male,Shafferstad,Texas,kaitlyn23@example.org,(741)318-6405,Regular,Active,24-02-2025
2957,Dillon Liu,15-02-1968,Female,Dayfort,Illinois,sean63@example.com,(460)387-3772x2049,Premium,Active,18-03-2026
2958,Diana Bowen,25-01-1955,Female,South Connie,Florida,greenkathryn@example.com,355.857.5322x197,VIP,Active,12-04-2026
2959,Craig Robbins,18-01-2002,Female,Port Jessicaburgh,Michigan,nholmes@example.net,207.790.2619x81479,VIP,Active,03-04-2025
2960,Gerald Perez,19-06-2001,Male,Morganport,Texas,vtaylor@example.com,253.331.9845x6709,Regular,Inactive,02-10-2022
2961,Dustin Rodriguez,20-07-1962,Male,Susanland,Florida,ugarcia@example.org,001-265-730-8036x343,Regular,Active,23-07-2025
2962,Ricardo Gentry,29-08-2003,Female,Hollyport,Colorado,uball@example.org,001-600-940-5226,New,Active,25-05-2023
2963,Austin Hodge,03-04-1956,Female,East Andrewton,Virginia,michellemiller@example.com,538-700-6977,Premium,Active,17-03-2026
2964,Dennis French,26-02-1981,Male,Traviston,Oregon,eedwards@example.org,001-207-748-8813x2002,Premium,Active,01-06-2023
2965,Jordan Evans,23-04-1962,Male,Jonathonbury,Pennsylvania,hulljoseph@example.net,914.626.9698x253,Premium,Active,17-06-2022
2966,Mary Baker,16-12-1999,Female,Dianaborough,Washington,lisa02@example.com,744.449.2015x3701,Premium,Active,16-05-2023
2967,Kimberly Mullins MD,11-12-1989,Male,Carterborough,Florida,kingluis@example.com,823-717-5776x38926,New,Active,08-03-2022
2968,Robin Bell,18-06-1978,Male,East Stephanie,Arizona,leroy73@example.com,554-436-3410x16506,New,Active,10-09-2022
2969,Jeremy Simon,24-09-2000,Male,Meghanland,Texas,matthewstevens@example.com,001-505-436-9796x9382,Regular,Active,26-10-2024
2970,Maria Harris,20-10-1965,Female,Erikport,Virginia,durhamtracey@example.com,341-922-1792x050,VIP,Active,26-04-2022
2971,Erika Hendricks,31-05-1966,Male,West Jason,California,browncody@example.net,325-753-9258,Premium,Inactive,12-07-2024
2972,Steven Moore,26-09-1955,Male,Allenmouth,Texas,tatecharlotte@example.org,242-416-3597,New,Active,07-04-2026
2973,Kelly Spears,01-06-1963,Female,Gallegosshire,Illinois,uestes@example.net,583-757-2635x51733,Regular,Active,20-04-2023
2974,Charles Mcbride,09-08-1961,Male,Port Kimberlyshire,Pennsylvania,charleswright@example.com,337.660.1586,Premium,Active,27-03-2025
2975,Shawn Mccormick,13-10-2002,Male,West Edward,Michigan,fletchermichael@example.org,001-848-940-2712x63613,Regular,Active,16-07-2023
2976,Kristen Jackson,10-02-1960,Male,New Brandonberg,California,rileydawson@example.net,(871)496-0003,VIP,Inactive,04-12-2022
2977,Chase Gregory,07-09-1955,Male,Carlsonstad,Georgia,morganronald@example.net,407.948.1461x5233,Regular,Active,01-04-2024
2978,Cynthia Newton MD,28-04-1961,Male,Port Josephside,Arizona,laura92@example.org,282.711.7914,New,Inactive,27-12-2025
2979,Judith Scott,16-08-1960,Female,Maryside,California,wilsonamy@example.net,664.826.9312x0615,Premium,Active,05-04-2023
2980,Robert Glenn,02-03-1975,Female,Port Jerome,Massachusetts,andrewadams@example.org,-5690,Regular,Active,30-05-2025
2981,Cynthia Wheeler,12-04-1992,Female,Heathfurt,California,ggilbert@example.net,501-457-6752,Regular,Active,06-08-2024
2982,Megan Sanders,25-12-1961,Male,Michaelstad,Georgia,angiethomas@example.net,(303)928-9532,Regular,Active,06-10-2024
2983,Michael Davis,30-03-2006,Male,Douglasberg,Pennsylvania,leeryan@example.org,459-822-8150,Regular,Active,24-07-2021
2984,Dominique Snyder,23-04-1961,Female,Sergiohaven,New York,iclark@example.net,(442)327-7484x41027,Regular,Inactive,22-03-2026
2985,Sara Adkins,11-04-1983,Male,North Kevinland,Washington,karenjones@example.com,929-771-0738x734,Regular,Active,22-01-2022
2986,Brett Murphy,14-01-1958,Female,Odonnellfurt,Arizona,cainconnor@example.com,001-722-580-9795x23158,Regular,Active,19-05-2025
2987,Terry Williams,05-09-1976,Male,Johnsonland,Pennsylvania,arroyojeffery@example.net,(297)713-7218x85394,Premium,Inactive,21-12-2021
2988,Brandy Richardson,24-10-1956,Male,Larryton,Oregon,ebrown@example.com,393-797-6455x8533,Premium,Active,31-03-2023
2989,Mr. John Sosa MD,02-03-1994,Female,West Jamesland,Ohio,lisa38@example.com,001-328-655-6118x711,Premium,Active,26-01-2025
2990,Derek Jackson,29-11-2006,Female,West Kristafort,Massachusetts,aalvarez@example.net,511.919.9350x7766,Regular,Active,29-12-2022
2991,Duane Novak,28-02-2004,Female,Jessicaside,Colorado,gabriellecampbell@example.net,3832620280,Regular,Inactive,16-03-2022
2992,Adam Thompson,25-05-1974,Male,Shellymouth,Georgia,john86@example.com,(364)687-3846,Regular,Active,22-07-2022
2993,Donna Cline,24-07-2009,Female,Carpenterborough,Colorado,mullenlindsay@example.net,(493)746-4981,Premium,Active,12-12-2022
2994,Renee Chandler,09-08-1968,Male,South Jessicaland,Georgia,jhayes@example.net,001-556-356-3851x504,New,Active,11-08-2024
2995,Paul Sanders,04-06-1969,Female,Kennethborough,Texas,croth@example.com,9528316472,VIP,Active,24-01-2025
2996,Crystal Cohen,07-10-1965,Female,West Theresa,Virginia,marcus52@example.com,(926)693-3121x019,Regular,Active,17-04-2025
2997,Kelly Kelley,14-08-1960,Female,Elizabethport,New York,racheltanner@example.org,743.681.6120,VIP,Active,04-08-2025
2998,Kara Davis,08-04-1985,Female,New Brian,North Carolina,susanharris@example.com,6364408075,Regular,Inactive,12-10-2022
2999,Miguel Strickland,14-02-1960,Female,South Harryside,Illinois,manninglorraine@example.org,929.506.9181x97127,Regular,Active,10-03-2025
3000,Amy Martinez,07-01-1980,Male,East Gregoryfurt,Massachusetts,stevensjennifer@example.org,001-492-784-3630x1617,Regular,Active,10-08-2024
