DateKey,Date,Day,Month,MonthName,Quarter,Year,Weekday,IsWeekend
20210101,01-01-2021,1,1,January,1,2021,Friday,FALSE
20210102,02-01-2021,2,1,January,1,2021,Saturday,TRUE
20210103,03-01-2021,3,1,January,1,2021,Sunday,TRUE
20210104,04-01-2021,4,1,January,1,2021,Monday,FALSE
20210105,05-01-2021,5,1,January,1,2021,Tuesday,FALSE
20210106,06-01-2021,6,1,January,1,2021,Wednesday,FALSE
20210107,07-01-2021,7,1,January,1,2021,Thursday,FALSE
20210108,08-01-2021,8,1,January,1,2021,Friday,FALSE
20210109,09-01-2021,9,1,January,1,2021,Saturday,TRUE
20210110,10-01-2021,10,1,January,1,2021,Sunday,TRUE
20210111,11-01-2021,11,1,January,1,2021,Monday,FALSE
20210112,12-01-2021,12,1,January,1,2021,Tuesday,FALSE
20210113,13-01-2021,13,1,January,1,2021,Wednesday,FALSE
20210114,14-01-2021,14,1,January,1,2021,Thursday,FALSE
20210115,15-01-2021,15,1,January,1,2021,Friday,FALSE
20210116,16-01-2021,16,1,January,1,2021,Saturday,TRUE
20210117,17-01-2021,17,1,January,1,2021,Sunday,TRUE
20210118,18-01-2021,18,1,January,1,2021,Monday,FALSE
20210119,19-01-2021,19,1,January,1,2021,Tuesday,FALSE
20210120,20-01-2021,20,1,January,1,2021,Wednesday,FALSE
20210121,21-01-2021,21,1,January,1,2021,Thursday,FALSE
20210122,22-01-2021,22,1,January,1,2021,Friday,FALSE
20210123,23-01-2021,23,1,January,1,2021,Saturday,TRUE
20210124,24-01-2021,24,1,January,1,2021,Sunday,TRUE
20210125,25-01-2021,25,1,January,1,2021,Monday,FALSE
20210126,26-01-2021,26,1,January,1,2021,Tuesday,FALSE
20210127,27-01-2021,27,1,January,1,2021,Wednesday,FALSE
20210128,28-01-2021,28,1,January,1,2021,Thursday,FALSE
20210129,29-01-2021,29,1,January,1,2021,Friday,FALSE
20210130,30-01-2021,30,1,January,1,2021,Saturday,TRUE
20210131,31-01-2021,31,1,January,1,2021,Sunday,TRUE
20210201,01-02-2021,1,2,February,1,2021,Monday,FALSE
20210202,02-02-2021,2,2,February,1,2021,Tuesday,FALSE
20210203,03-02-2021,3,2,February,1,2021,Wednesday,FALSE
20210204,04-02-2021,4,2,February,1,2021,Thursday,FALSE
20210205,05-02-2021,5,2,February,1,2021,Friday,FALSE
20210206,06-02-2021,6,2,February,1,2021,Saturday,TRUE
20210207,07-02-2021,7,2,February,1,2021,Sunday,TRUE
20210208,08-02-2021,8,2,February,1,2021,Monday,FALSE
20210209,09-02-2021,9,2,February,1,2021,Tuesday,FALSE
20210210,10-02-2021,10,2,February,1,2021,Wednesday,FALSE
20210211,11-02-2021,11,2,February,1,2021,Thursday,FALSE
20210212,12-02-2021,12,2,February,1,2021,Friday,FALSE
20210213,13-02-2021,13,2,February,1,2021,Saturday,TRUE
20210214,14-02-2021,14,2,February,1,2021,Sunday,TRUE
20210215,15-02-2021,15,2,February,1,2021,Monday,FALSE
20210216,16-02-2021,16,2,February,1,2021,Tuesday,FALSE
20210217,17-02-2021,17,2,February,1,2021,Wednesday,FALSE
20210218,18-02-2021,18,2,February,1,2021,Thursday,FALSE
20210219,19-02-2021,19,2,February,1,2021,Friday,FALSE
20210220,20-02-2021,20,2,February,1,2021,Saturday,TRUE
20210221,21-02-2021,21,2,February,1,2021,Sunday,TRUE
20210222,22-02-2021,22,2,February,1,2021,Monday,FALSE
20210223,23-02-2021,23,2,February,1,2021,Tuesday,FALSE
20210224,24-02-2021,24,2,February,1,2021,Wednesday,FALSE
20210225,25-02-2021,25,2,February,1,2021,Thursday,FALSE
20210226,26-02-2021,26,2,February,1,2021,Friday,FALSE
20210227,27-02-2021,27,2,February,1,2021,Saturday,TRUE
20210228,28-02-2021,28,2,February,1,2021,Sunday,TRUE
20210301,01-03-2021,1,3,March,1,2021,Monday,FALSE
20210302,02-03-2021,2,3,March,1,2021,Tuesday,FALSE
20210303,03-03-2021,3,3,March,1,2021,Wednesday,FALSE
20210304,04-03-2021,4,3,March,1,2021,Thursday,FALSE
20210305,05-03-2021,5,3,March,1,2021,Friday,FALSE
20210306,06-03-2021,6,3,March,1,2021,Saturday,TRUE
20210307,07-03-2021,7,3,March,1,2021,Sunday,TRUE
20210308,08-03-2021,8,3,March,1,2021,Monday,FALSE
20210309,09-03-2021,9,3,March,1,2021,Tuesday,FALSE
20210310,10-03-2021,10,3,March,1,2021,Wednesday,FALSE
20210311,11-03-2021,11,3,March,1,2021,Thursday,FALSE
20210312,12-03-2021,12,3,March,1,2021,Friday,FALSE
20210313,13-03-2021,13,3,March,1,2021,Saturday,TRUE
20210314,14-03-2021,14,3,March,1,2021,Sunday,TRUE
20210315,15-03-2021,15,3,March,1,2021,Monday,FALSE
20210316,16-03-2021,16,3,March,1,2021,Tuesday,FALSE
20210317,17-03-2021,17,3,March,1,2021,Wednesday,FALSE
20210318,18-03-2021,18,3,March,1,2021,Thursday,FALSE
20210319,19-03-2021,19,3,March,1,2021,Friday,FALSE
20210320,20-03-2021,20,3,March,1,2021,Saturday,TRUE
20210321,21-03-2021,21,3,March,1,2021,Sunday,TRUE
20210322,22-03-2021,22,3,March,1,2021,Monday,FALSE
20210323,23-03-2021,23,3,March,1,2021,Tuesday,FALSE
20210324,24-03-2021,24,3,March,1,2021,Wednesday,FALSE
20210325,25-03-2021,25,3,March,1,2021,Thursday,FALSE
20210326,26-03-2021,26,3,March,1,2021,Friday,FALSE
20210327,27-03-2021,27,3,March,1,2021,Saturday,TRUE
20210328,28-03-2021,28,3,March,1,2021,Sunday,TRUE
20210329,29-03-2021,29,3,March,1,2021,Monday,FALSE
20210330,30-03-2021,30,3,March,1,2021,Tuesday,FALSE
20210331,31-03-2021,31,3,March,1,2021,Wednesday,FALSE
20210401,01-04-2021,1,4,April,2,2021,Thursday,FALSE
20210402,02-04-2021,2,4,April,2,2021,Friday,FALSE
20210403,03-04-2021,3,4,April,2,2021,Saturday,TRUE
20210404,04-04-2021,4,4,April,2,2021,Sunday,TRUE
20210405,05-04-2021,5,4,April,2,2021,Monday,FALSE
20210406,06-04-2021,6,4,April,2,2021,Tuesday,FALSE
20210407,07-04-2021,7,4,April,2,2021,Wednesday,FALSE
20210408,08-04-2021,8,4,April,2,2021,Thursday,FALSE
20210409,09-04-2021,9,4,April,2,2021,Friday,FALSE
20210410,10-04-2021,10,4,April,2,2021,Saturday,TRUE
20210411,11-04-2021,11,4,April,2,2021,Sunday,TRUE
20210412,12-04-2021,12,4,April,2,2021,Monday,FALSE
20210413,13-04-2021,13,4,April,2,2021,Tuesday,FALSE
20210414,14-04-2021,14,4,April,2,2021,Wednesday,FALSE
20210415,15-04-2021,15,4,April,2,2021,Thursday,FALSE
20210416,16-04-2021,16,4,April,2,2021,Friday,FALSE
20210417,17-04-2021,17,4,April,2,2021,Saturday,TRUE
20210418,18-04-2021,18,4,April,2,2021,Sunday,TRUE
20210419,19-04-2021,19,4,April,2,2021,Monday,FALSE
20210420,20-04-2021,20,4,April,2,2021,Tuesday,FALSE
20210421,21-04-2021,21,4,April,2,2021,Wednesday,FALSE
20210422,22-04-2021,22,4,April,2,2021,Thursday,FALSE
20210423,23-04-2021,23,4,April,2,2021,Friday,FALSE
20210424,24-04-2021,24,4,April,2,2021,Saturday,TRUE
20210425,25-04-2021,25,4,April,2,2021,Sunday,TRUE
20210426,26-04-2021,26,4,April,2,2021,Monday,FALSE
20210427,27-04-2021,27,4,April,2,2021,Tuesday,FALSE
20210428,28-04-2021,28,4,April,2,2021,Wednesday,FALSE
20210429,29-04-2021,29,4,April,2,2021,Thursday,FALSE
20210430,30-04-2021,30,4,April,2,2021,Friday,FALSE
20210501,01-05-2021,1,5,May,2,2021,Saturday,TRUE
20210502,02-05-2021,2,5,May,2,2021,Sunday,TRUE
20210503,03-05-2021,3,5,May,2,2021,Monday,FALSE
20210504,04-05-2021,4,5,May,2,2021,Tuesday,FALSE
20210505,05-05-2021,5,5,May,2,2021,Wednesday,FALSE
20210506,06-05-2021,6,5,May,2,2021,Thursday,FALSE
20210507,07-05-2021,7,5,May,2,2021,Friday,FALSE
20210508,08-05-2021,8,5,May,2,2021,Saturday,TRUE
20210509,09-05-2021,9,5,May,2,2021,Sunday,TRUE
20210510,10-05-2021,10,5,May,2,2021,Monday,FALSE
20210511,11-05-2021,11,5,May,2,2021,Tuesday,FALSE
20210512,12-05-2021,12,5,May,2,2021,Wednesday,FALSE
20210513,13-05-2021,13,5,May,2,2021,Thursday,FALSE
20210514,14-05-2021,14,5,May,2,2021,Friday,FALSE
20210515,15-05-2021,15,5,May,2,2021,Saturday,TRUE
20210516,16-05-2021,16,5,May,2,2021,Sunday,TRUE
20210517,17-05-2021,17,5,May,2,2021,Monday,FALSE
20210518,18-05-2021,18,5,May,2,2021,Tuesday,FALSE
20210519,19-05-2021,19,5,May,2,2021,Wednesday,FALSE
20210520,20-05-2021,20,5,May,2,2021,Thursday,FALSE
20210521,21-05-2021,21,5,May,2,2021,Friday,FALSE
20210522,22-05-2021,22,5,May,2,2021,Saturday,TRUE
20210523,23-05-2021,23,5,May,2,2021,Sunday,TRUE
20210524,24-05-2021,24,5,May,2,2021,Monday,FALSE
20210525,25-05-2021,25,5,May,2,2021,Tuesday,FALSE
20210526,26-05-2021,26,5,May,2,2021,Wednesday,FALSE
20210527,27-05-2021,27,5,May,2,2021,Thursday,FALSE
20210528,28-05-2021,28,5,May,2,2021,Friday,FALSE
20210529,29-05-2021,29,5,May,2,2021,Saturday,TRUE
20210530,30-05-2021,30,5,May,2,2021,Sunday,TRUE
20210531,31-05-2021,31,5,May,2,2021,Monday,FALSE
20210601,01-06-2021,1,6,June,2,2021,Tuesday,FALSE
20210602,02-06-2021,2,6,June,2,2021,Wednesday,FALSE
20210603,03-06-2021,3,6,June,2,2021,Thursday,FALSE
20210604,04-06-2021,4,6,June,2,2021,Friday,FALSE
20210605,05-06-2021,5,6,June,2,2021,Saturday,TRUE
20210606,06-06-2021,6,6,June,2,2021,Sunday,TRUE
20210607,07-06-2021,7,6,June,2,2021,Monday,FALSE
20210608,08-06-2021,8,6,June,2,2021,Tuesday,FALSE
20210609,09-06-2021,9,6,June,2,2021,Wednesday,FALSE
20210610,10-06-2021,10,6,June,2,2021,Thursday,FALSE
20210611,11-06-2021,11,6,June,2,2021,Friday,FALSE
20210612,12-06-2021,12,6,June,2,2021,Saturday,TRUE
20210613,13-06-2021,13,6,June,2,2021,Sunday,TRUE
20210614,14-06-2021,14,6,June,2,2021,Monday,FALSE
20210615,15-06-2021,15,6,June,2,2021,Tuesday,FALSE
20210616,16-06-2021,16,6,June,2,2021,Wednesday,FALSE
20210617,17-06-2021,17,6,June,2,2021,Thursday,FALSE
20210618,18-06-2021,18,6,June,2,2021,Friday,FALSE
20210619,19-06-2021,19,6,June,2,2021,Saturday,TRUE
20210620,20-06-2021,20,6,June,2,2021,Sunday,TRUE
20210621,21-06-2021,21,6,June,2,2021,Monday,FALSE
20210622,22-06-2021,22,6,June,2,2021,Tuesday,FALSE
20210623,23-06-2021,23,6,June,2,2021,Wednesday,FALSE
20210624,24-06-2021,24,6,June,2,2021,Thursday,FALSE
20210625,25-06-2021,25,6,June,2,2021,Friday,FALSE
20210626,26-06-2021,26,6,June,2,2021,Saturday,TRUE
20210627,27-06-2021,27,6,June,2,2021,Sunday,TRUE
20210628,28-06-2021,28,6,June,2,2021,Monday,FALSE
20210629,29-06-2021,29,6,June,2,2021,Tuesday,FALSE
20210630,30-06-2021,30,6,June,2,2021,Wednesday,FALSE
20210701,01-07-2021,1,7,July,3,2021,Thursday,FALSE
20210702,02-07-2021,2,7,July,3,2021,Friday,FALSE
20210703,03-07-2021,3,7,July,3,2021,Saturday,TRUE
20210704,04-07-2021,4,7,July,3,2021,Sunday,TRUE
20210705,05-07-2021,5,7,July,3,2021,Monday,FALSE
20210706,06-07-2021,6,7,July,3,2021,Tuesday,FALSE
20210707,07-07-2021,7,7,July,3,2021,Wednesday,FALSE
20210708,08-07-2021,8,7,July,3,2021,Thursday,FALSE
20210709,09-07-2021,9,7,July,3,2021,Friday,FALSE
20210710,10-07-2021,10,7,July,3,2021,Saturday,TRUE
20210711,11-07-2021,11,7,July,3,2021,Sunday,TRUE
20210712,12-07-2021,12,7,July,3,2021,Monday,FALSE
20210713,13-07-2021,13,7,July,3,2021,Tuesday,FALSE
20210714,14-07-2021,14,7,July,3,2021,Wednesday,FALSE
20210715,15-07-2021,15,7,July,3,2021,Thursday,FALSE
20210716,16-07-2021,16,7,July,3,2021,Friday,FALSE
20210717,17-07-2021,17,7,July,3,2021,Saturday,TRUE
20210718,18-07-2021,18,7,July,3,2021,Sunday,TRUE
20210719,19-07-2021,19,7,July,3,2021,Monday,FALSE
20210720,20-07-2021,20,7,July,3,2021,Tuesday,FALSE
20210721,21-07-2021,21,7,July,3,2021,Wednesday,FALSE
20210722,22-07-2021,22,7,July,3,2021,Thursday,FALSE
20210723,23-07-2021,23,7,July,3,2021,Friday,FALSE
20210724,24-07-2021,24,7,July,3,2021,Saturday,TRUE
20210725,25-07-2021,25,7,July,3,2021,Sunday,TRUE
20210726,26-07-2021,26,7,July,3,2021,Monday,FALSE
20210727,27-07-2021,27,7,July,3,2021,Tuesday,FALSE
20210728,28-07-2021,28,7,July,3,2021,Wednesday,FALSE
20210729,29-07-2021,29,7,July,3,2021,Thursday,FALSE
20210730,30-07-2021,30,7,July,3,2021,Friday,FALSE
20210731,31-07-2021,31,7,July,3,2021,Saturday,TRUE
20210801,01-08-2021,1,8,August,3,2021,Sunday,TRUE
20210802,02-08-2021,2,8,August,3,2021,Monday,FALSE
20210803,03-08-2021,3,8,August,3,2021,Tuesday,FALSE
20210804,04-08-2021,4,8,August,3,2021,Wednesday,FALSE
20210805,05-08-2021,5,8,August,3,2021,Thursday,FALSE
20210806,06-08-2021,6,8,August,3,2021,Friday,FALSE
20210807,07-08-2021,7,8,August,3,2021,Saturday,TRUE
20210808,08-08-2021,8,8,August,3,2021,Sunday,TRUE
20210809,09-08-2021,9,8,August,3,2021,Monday,FALSE
20210810,10-08-2021,10,8,August,3,2021,Tuesday,FALSE
20210811,11-08-2021,11,8,August,3,2021,Wednesday,FALSE
20210812,12-08-2021,12,8,August,3,2021,Thursday,FALSE
20210813,13-08-2021,13,8,August,3,2021,Friday,FALSE
20210814,14-08-2021,14,8,August,3,2021,Saturday,TRUE
20210815,15-08-2021,15,8,August,3,2021,Sunday,TRUE
20210816,16-08-2021,16,8,August,3,2021,Monday,FALSE
20210817,17-08-2021,17,8,August,3,2021,Tuesday,FALSE
20210818,18-08-2021,18,8,August,3,2021,Wednesday,FALSE
20210819,19-08-2021,19,8,August,3,2021,Thursday,FALSE
20210820,20-08-2021,20,8,August,3,2021,Friday,FALSE
20210821,21-08-2021,21,8,August,3,2021,Saturday,TRUE
20210822,22-08-2021,22,8,August,3,2021,Sunday,TRUE
20210823,23-08-2021,23,8,August,3,2021,Monday,FALSE
20210824,24-08-2021,24,8,August,3,2021,Tuesday,FALSE
20210825,25-08-2021,25,8,August,3,2021,Wednesday,FALSE
20210826,26-08-2021,26,8,August,3,2021,Thursday,FALSE
20210827,27-08-2021,27,8,August,3,2021,Friday,FALSE
20210828,28-08-2021,28,8,August,3,2021,Saturday,TRUE
20210829,29-08-2021,29,8,August,3,2021,Sunday,TRUE
20210830,30-08-2021,30,8,August,3,2021,Monday,FALSE
20210831,31-08-2021,31,8,August,3,2021,Tuesday,FALSE
20210901,01-09-2021,1,9,September,3,2021,Wednesday,FALSE
20210902,02-09-2021,2,9,September,3,2021,Thursday,FALSE
20210903,03-09-2021,3,9,September,3,2021,Friday,FALSE
20210904,04-09-2021,4,9,September,3,2021,Saturday,TRUE
20210905,05-09-2021,5,9,September,3,2021,Sunday,TRUE
20210906,06-09-2021,6,9,September,3,2021,Monday,FALSE
20210907,07-09-2021,7,9,September,3,2021,Tuesday,FALSE
20210908,08-09-2021,8,9,September,3,2021,Wednesday,FALSE
20210909,09-09-2021,9,9,September,3,2021,Thursday,FALSE
20210910,10-09-2021,10,9,September,3,2021,Friday,FALSE
20210911,11-09-2021,11,9,September,3,2021,Saturday,TRUE
20210912,12-09-2021,12,9,September,3,2021,Sunday,TRUE
20210913,13-09-2021,13,9,September,3,2021,Monday,FALSE
20210914,14-09-2021,14,9,September,3,2021,Tuesday,FALSE
20210915,15-09-2021,15,9,September,3,2021,Wednesday,FALSE
20210916,16-09-2021,16,9,September,3,2021,Thursday,FALSE
20210917,17-09-2021,17,9,September,3,2021,Friday,FALSE
20210918,18-09-2021,18,9,September,3,2021,Saturday,TRUE
20210919,19-09-2021,19,9,September,3,2021,Sunday,TRUE
20210920,20-09-2021,20,9,September,3,2021,Monday,FALSE
20210921,21-09-2021,21,9,September,3,2021,Tuesday,FALSE
20210922,22-09-2021,22,9,September,3,2021,Wednesday,FALSE
20210923,23-09-2021,23,9,September,3,2021,Thursday,FALSE
20210924,24-09-2021,24,9,September,3,2021,Friday,FALSE
20210925,25-09-2021,25,9,September,3,2021,Saturday,TRUE
20210926,26-09-2021,26,9,September,3,2021,Sunday,TRUE
20210927,27-09-2021,27,9,September,3,2021,Monday,FALSE
20210928,28-09-2021,28,9,September,3,2021,Tuesday,FALSE
20210929,29-09-2021,29,9,September,3,2021,Wednesday,FALSE
20210930,30-09-2021,30,9,September,3,2021,Thursday,FALSE
20211001,01-10-2021,1,10,October,4,2021,Friday,FALSE
20211002,02-10-2021,2,10,October,4,2021,Saturday,TRUE
20211003,03-10-2021,3,10,October,4,2021,Sunday,TRUE
20211004,04-10-2021,4,10,October,4,2021,Monday,FALSE
20211005,05-10-2021,5,10,October,4,2021,Tuesday,FALSE
20211006,06-10-2021,6,10,October,4,2021,Wednesday,FALSE
20211007,07-10-2021,7,10,October,4,2021,Thursday,FALSE
20211008,08-10-2021,8,10,October,4,2021,Friday,FALSE
20211009,09-10-2021,9,10,October,4,2021,Saturday,TRUE
20211010,10-10-2021,10,10,October,4,2021,Sunday,TRUE
20211011,11-10-2021,11,10,October,4,2021,Monday,FALSE
20211012,12-10-2021,12,10,October,4,2021,Tuesday,FALSE
20211013,13-10-2021,13,10,October,4,2021,Wednesday,FALSE
20211014,14-10-2021,14,10,October,4,2021,Thursday,FALSE
20211015,15-10-2021,15,10,October,4,2021,Friday,FALSE
20211016,16-10-2021,16,10,October,4,2021,Saturday,TRUE
20211017,17-10-2021,17,10,October,4,2021,Sunday,TRUE
20211018,18-10-2021,18,10,October,4,2021,Monday,FALSE
20211019,19-10-2021,19,10,October,4,2021,Tuesday,FALSE
20211020,20-10-2021,20,10,October,4,2021,Wednesday,FALSE
20211021,21-10-2021,21,10,October,4,2021,Thursday,FALSE
20211022,22-10-2021,22,10,October,4,2021,Friday,FALSE
20211023,23-10-2021,23,10,October,4,2021,Saturday,TRUE
20211024,24-10-2021,24,10,October,4,2021,Sunday,TRUE
20211025,25-10-2021,25,10,October,4,2021,Monday,FALSE
20211026,26-10-2021,26,10,October,4,2021,Tuesday,FALSE
20211027,27-10-2021,27,10,October,4,2021,Wednesday,FALSE
20211028,28-10-2021,28,10,October,4,2021,Thursday,FALSE
20211029,29-10-2021,29,10,October,4,2021,Friday,FALSE
20211030,30-10-2021,30,10,October,4,2021,Saturday,TRUE
20211031,31-10-2021,31,10,October,4,2021,Sunday,TRUE
20211101,01-11-2021,1,11,November,4,2021,Monday,FALSE
20211102,02-11-2021,2,11,November,4,2021,Tuesday,FALSE
20211103,03-11-2021,3,11,November,4,2021,Wednesday,FALSE
20211104,04-11-2021,4,11,November,4,2021,Thursday,FALSE
20211105,05-11-2021,5,11,November,4,2021,Friday,FALSE
20211106,06-11-2021,6,11,November,4,2021,Saturday,TRUE
20211107,07-11-2021,7,11,November,4,2021,Sunday,TRUE
20211108,08-11-2021,8,11,November,4,2021,Monday,FALSE
20211109,09-11-2021,9,11,November,4,2021,Tuesday,FALSE
20211110,10-11-2021,10,11,November,4,2021,Wednesday,FALSE
20211111,11-11-2021,11,11,November,4,2021,Thursday,FALSE
20211112,12-11-2021,12,11,November,4,2021,Friday,FALSE
20211113,13-11-2021,13,11,November,4,2021,Saturday,TRUE
20211114,14-11-2021,14,11,November,4,2021,Sunday,TRUE
20211115,15-11-2021,15,11,November,4,2021,Monday,FALSE
20211116,16-11-2021,16,11,November,4,2021,Tuesday,FALSE
20211117,17-11-2021,17,11,November,4,2021,Wednesday,FALSE
20211118,18-11-2021,18,11,November,4,2021,Thursday,FALSE
20211119,19-11-2021,19,11,November,4,2021,Friday,FALSE
20211120,20-11-2021,20,11,November,4,2021,Saturday,TRUE
20211121,21-11-2021,21,11,November,4,2021,Sunday,TRUE
20211122,22-11-2021,22,11,November,4,2021,Monday,FALSE
20211123,23-11-2021,23,11,November,4,2021,Tuesday,FALSE
20211124,24-11-2021,24,11,November,4,2021,Wednesday,FALSE
20211125,25-11-2021,25,11,November,4,2021,Thursday,FALSE
20211126,26-11-2021,26,11,November,4,2021,Friday,FALSE
20211127,27-11-2021,27,11,November,4,2021,Saturday,TRUE
20211128,28-11-2021,28,11,November,4,2021,Sunday,TRUE
20211129,29-11-2021,29,11,November,4,2021,Monday,FALSE
20211130,30-11-2021,30,11,November,4,2021,Tuesday,FALSE
20211201,01-12-2021,1,12,December,4,2021,Wednesday,FALSE
20211202,02-12-2021,2,12,December,4,2021,Thursday,FALSE
20211203,03-12-2021,3,12,December,4,2021,Friday,FALSE
20211204,04-12-2021,4,12,December,4,2021,Saturday,TRUE
20211205,05-12-2021,5,12,December,4,2021,Sunday,TRUE
20211206,06-12-2021,6,12,December,4,2021,Monday,FALSE
20211207,07-12-2021,7,12,December,4,2021,Tuesday,FALSE
20211208,08-12-2021,8,12,December,4,2021,Wednesday,FALSE
20211209,09-12-2021,9,12,December,4,2021,Thursday,FALSE
20211210,10-12-2021,10,12,December,4,2021,Friday,FALSE
20211211,11-12-2021,11,12,December,4,2021,Saturday,TRUE
20211212,12-12-2021,12,12,December,4,2021,Sunday,TRUE
20211213,13-12-2021,13,12,December,4,2021,Monday,FALSE
20211214,14-12-2021,14,12,December,4,2021,Tuesday,FALSE
20211215,15-12-2021,15,12,December,4,2021,Wednesday,FALSE
20211216,16-12-2021,16,12,December,4,2021,Thursday,FALSE
20211217,17-12-2021,17,12,December,4,2021,Friday,FALSE
20211218,18-12-2021,18,12,December,4,2021,Saturday,TRUE
20211219,19-12-2021,19,12,December,4,2021,Sunday,TRUE
20211220,20-12-2021,20,12,December,4,2021,Monday,FALSE
20211221,21-12-2021,21,12,December,4,2021,Tuesday,FALSE
20211222,22-12-2021,22,12,December,4,2021,Wednesday,FALSE
20211223,23-12-2021,23,12,December,4,2021,Thursday,FALSE
20211224,24-12-2021,24,12,December,4,2021,Friday,FALSE
20211225,25-12-2021,25,12,December,4,2021,Saturday,TRUE
20211226,26-12-2021,26,12,December,4,2021,Sunday,TRUE
20211227,27-12-2021,27,12,December,4,2021,Monday,FALSE
20211228,28-12-2021,28,12,December,4,2021,Tuesday,FALSE
20211229,29-12-2021,29,12,December,4,2021,Wednesday,FALSE
20211230,30-12-2021,30,12,December,4,2021,Thursday,FALSE
20211231,31-12-2021,31,12,December,4,2021,Friday,FALSE
20220101,01-01-2022,1,1,January,1,2022,Saturday,TRUE
20220102,02-01-2022,2,1,January,1,2022,Sunday,TRUE
20220103,03-01-2022,3,1,January,1,2022,Monday,FALSE
20220104,04-01-2022,4,1,January,1,2022,Tuesday,FALSE
20220105,05-01-2022,5,1,January,1,2022,Wednesday,FALSE
20220106,06-01-2022,6,1,January,1,2022,Thursday,FALSE
20220107,07-01-2022,7,1,January,1,2022,Friday,FALSE
20220108,08-01-2022,8,1,January,1,2022,Saturday,TRUE
20220109,09-01-2022,9,1,January,1,2022,Sunday,TRUE
20220110,10-01-2022,10,1,January,1,2022,Monday,FALSE
20220111,11-01-2022,11,1,January,1,2022,Tuesday,FALSE
20220112,12-01-2022,12,1,January,1,2022,Wednesday,FALSE
20220113,13-01-2022,13,1,January,1,2022,Thursday,FALSE
20220114,14-01-2022,14,1,January,1,2022,Friday,FALSE
20220115,15-01-2022,15,1,January,1,2022,Saturday,TRUE
20220116,16-01-2022,16,1,January,1,2022,Sunday,TRUE
20220117,17-01-2022,17,1,January,1,2022,Monday,FALSE
20220118,18-01-2022,18,1,January,1,2022,Tuesday,FALSE
20220119,19-01-2022,19,1,January,1,2022,Wednesday,FALSE
20220120,20-01-2022,20,1,January,1,2022,Thursday,FALSE
20220121,21-01-2022,21,1,January,1,2022,Friday,FALSE
20220122,22-01-2022,22,1,January,1,2022,Saturday,TRUE
20220123,23-01-2022,23,1,January,1,2022,Sunday,TRUE
20220124,24-01-2022,24,1,January,1,2022,Monday,FALSE
20220125,25-01-2022,25,1,January,1,2022,Tuesday,FALSE
20220126,26-01-2022,26,1,January,1,2022,Wednesday,FALSE
20220127,27-01-2022,27,1,January,1,2022,Thursday,FALSE
20220128,28-01-2022,28,1,January,1,2022,Friday,FALSE
20220129,29-01-2022,29,1,January,1,2022,Saturday,TRUE
20220130,30-01-2022,30,1,January,1,2022,Sunday,TRUE
20220131,31-01-2022,31,1,January,1,2022,Monday,FALSE
20220201,01-02-2022,1,2,February,1,2022,Tuesday,FALSE
20220202,02-02-2022,2,2,February,1,2022,Wednesday,FALSE
20220203,03-02-2022,3,2,February,1,2022,Thursday,FALSE
20220204,04-02-2022,4,2,February,1,2022,Friday,FALSE
20220205,05-02-2022,5,2,February,1,2022,Saturday,TRUE
20220206,06-02-2022,6,2,February,1,2022,Sunday,TRUE
20220207,07-02-2022,7,2,February,1,2022,Monday,FALSE
20220208,08-02-2022,8,2,February,1,2022,Tuesday,FALSE
20220209,09-02-2022,9,2,February,1,2022,Wednesday,FALSE
20220210,10-02-2022,10,2,February,1,2022,Thursday,FALSE
20220211,11-02-2022,11,2,February,1,2022,Friday,FALSE
20220212,12-02-2022,12,2,February,1,2022,Saturday,TRUE
20220213,13-02-2022,13,2,February,1,2022,Sunday,TRUE
20220214,14-02-2022,14,2,February,1,2022,Monday,FALSE
20220215,15-02-2022,15,2,February,1,2022,Tuesday,FALSE
20220216,16-02-2022,16,2,February,1,2022,Wednesday,FALSE
20220217,17-02-2022,17,2,February,1,2022,Thursday,FALSE
20220218,18-02-2022,18,2,February,1,2022,Friday,FALSE
20220219,19-02-2022,19,2,February,1,2022,Saturday,TRUE
20220220,20-02-2022,20,2,February,1,2022,Sunday,TRUE
20220221,21-02-2022,21,2,February,1,2022,Monday,FALSE
20220222,22-02-2022,22,2,February,1,2022,Tuesday,FALSE
20220223,23-02-2022,23,2,February,1,2022,Wednesday,FALSE
20220224,24-02-2022,24,2,February,1,2022,Thursday,FALSE
20220225,25-02-2022,25,2,February,1,2022,Friday,FALSE
20220226,26-02-2022,26,2,February,1,2022,Saturday,TRUE
20220227,27-02-2022,27,2,February,1,2022,Sunday,TRUE
20220228,28-02-2022,28,2,February,1,2022,Monday,FALSE
20220301,01-03-2022,1,3,March,1,2022,Tuesday,FALSE
20220302,02-03-2022,2,3,March,1,2022,Wednesday,FALSE
20220303,03-03-2022,3,3,March,1,2022,Thursday,FALSE
20220304,04-03-2022,4,3,March,1,2022,Friday,FALSE
20220305,05-03-2022,5,3,March,1,2022,Saturday,TRUE
20220306,06-03-2022,6,3,March,1,2022,Sunday,TRUE
20220307,07-03-2022,7,3,March,1,2022,Monday,FALSE
20220308,08-03-2022,8,3,March,1,2022,Tuesday,FALSE
20220309,09-03-2022,9,3,March,1,2022,Wednesday,FALSE
20220310,10-03-2022,10,3,March,1,2022,Thursday,FALSE
20220311,11-03-2022,11,3,March,1,2022,Friday,FALSE
20220312,12-03-2022,12,3,March,1,2022,Saturday,TRUE
20220313,13-03-2022,13,3,March,1,2022,Sunday,TRUE
20220314,14-03-2022,14,3,March,1,2022,Monday,FALSE
20220315,15-03-2022,15,3,March,1,2022,Tuesday,FALSE
20220316,16-03-2022,16,3,March,1,2022,Wednesday,FALSE
20220317,17-03-2022,17,3,March,1,2022,Thursday,FALSE
20220318,18-03-2022,18,3,March,1,2022,Friday,FALSE
20220319,19-03-2022,19,3,March,1,2022,Saturday,TRUE
20220320,20-03-2022,20,3,March,1,2022,Sunday,TRUE
20220321,21-03-2022,21,3,March,1,2022,Monday,FALSE
20220322,22-03-2022,22,3,March,1,2022,Tuesday,FALSE
20220323,23-03-2022,23,3,March,1,2022,Wednesday,FALSE
20220324,24-03-2022,24,3,March,1,2022,Thursday,FALSE
20220325,25-03-2022,25,3,March,1,2022,Friday,FALSE
20220326,26-03-2022,26,3,March,1,2022,Saturday,TRUE
20220327,27-03-2022,27,3,March,1,2022,Sunday,TRUE
20220328,28-03-2022,28,3,March,1,2022,Monday,FALSE
20220329,29-03-2022,29,3,March,1,2022,Tuesday,FALSE
20220330,30-03-2022,30,3,March,1,2022,Wednesday,FALSE
20220331,31-03-2022,31,3,March,1,2022,Thursday,FALSE
20220401,01-04-2022,1,4,April,2,2022,Friday,FALSE
20220402,02-04-2022,2,4,April,2,2022,Saturday,TRUE
20220403,03-04-2022,3,4,April,2,2022,Sunday,TRUE
20220404,04-04-2022,4,4,April,2,2022,Monday,FALSE
20220405,05-04-2022,5,4,April,2,2022,Tuesday,FALSE
20220406,06-04-2022,6,4,April,2,2022,Wednesday,FALSE
20220407,07-04-2022,7,4,April,2,2022,Thursday,FALSE
20220408,08-04-2022,8,4,April,2,2022,Friday,FALSE
20220409,09-04-2022,9,4,April,2,2022,Saturday,TRUE
20220410,10-04-2022,10,4,April,2,2022,Sunday,TRUE
20220411,11-04-2022,11,4,April,2,2022,Monday,FALSE
20220412,12-04-2022,12,4,April,2,2022,Tuesday,FALSE
20220413,13-04-2022,13,4,April,2,2022,Wednesday,FALSE
20220414,14-04-2022,14,4,April,2,2022,Thursday,FALSE
20220415,15-04-2022,15,4,April,2,2022,Friday,FALSE
20220416,16-04-2022,16,4,April,2,2022,Saturday,TRUE
20220417,17-04-2022,17,4,April,2,2022,Sunday,TRUE
20220418,18-04-2022,18,4,April,2,2022,Monday,FALSE
20220419,19-04-2022,19,4,April,2,2022,Tuesday,FALSE
20220420,20-04-2022,20,4,April,2,2022,Wednesday,FALSE
20220421,21-04-2022,21,4,April,2,2022,Thursday,FALSE
20220422,22-04-2022,22,4,April,2,2022,Friday,FALSE
20220423,23-04-2022,23,4,April,2,2022,Saturday,TRUE
20220424,24-04-2022,24,4,April,2,2022,Sunday,TRUE
20220425,25-04-2022,25,4,April,2,2022,Monday,FALSE
20220426,26-04-2022,26,4,April,2,2022,Tuesday,FALSE
20220427,27-04-2022,27,4,April,2,2022,Wednesday,FALSE
20220428,28-04-2022,28,4,April,2,2022,Thursday,FALSE
20220429,29-04-2022,29,4,April,2,2022,Friday,FALSE
20220430,30-04-2022,30,4,April,2,2022,Saturday,TRUE
20220501,01-05-2022,1,5,May,2,2022,Sunday,TRUE
20220502,02-05-2022,2,5,May,2,2022,Monday,FALSE
20220503,03-05-2022,3,5,May,2,2022,Tuesday,FALSE
20220504,04-05-2022,4,5,May,2,2022,Wednesday,FALSE
20220505,05-05-2022,5,5,May,2,2022,Thursday,FALSE
20220506,06-05-2022,6,5,May,2,2022,Friday,FALSE
20220507,07-05-2022,7,5,May,2,2022,Saturday,TRUE
20220508,08-05-2022,8,5,May,2,2022,Sunday,TRUE
20220509,09-05-2022,9,5,May,2,2022,Monday,FALSE
20220510,10-05-2022,10,5,May,2,2022,Tuesday,FALSE
20220511,11-05-2022,11,5,May,2,2022,Wednesday,FALSE
20220512,12-05-2022,12,5,May,2,2022,Thursday,FALSE
20220513,13-05-2022,13,5,May,2,2022,Friday,FALSE
20220514,14-05-2022,14,5,May,2,2022,Saturday,TRUE
20220515,15-05-2022,15,5,May,2,2022,Sunday,TRUE
20220516,16-05-2022,16,5,May,2,2022,Monday,FALSE
20220517,17-05-2022,17,5,May,2,2022,Tuesday,FALSE
20220518,18-05-2022,18,5,May,2,2022,Wednesday,FALSE
20220519,19-05-2022,19,5,May,2,2022,Thursday,FALSE
20220520,20-05-2022,20,5,May,2,2022,Friday,FALSE
20220521,21-05-2022,21,5,May,2,2022,Saturday,TRUE
20220522,22-05-2022,22,5,May,2,2022,Sunday,TRUE
20220523,23-05-2022,23,5,May,2,2022,Monday,FALSE
20220524,24-05-2022,24,5,May,2,2022,Tuesday,FALSE
20220525,25-05-2022,25,5,May,2,2022,Wednesday,FALSE
20220526,26-05-2022,26,5,May,2,2022,Thursday,FALSE
20220527,27-05-2022,27,5,May,2,2022,Friday,FALSE
20220528,28-05-2022,28,5,May,2,2022,Saturday,TRUE
20220529,29-05-2022,29,5,May,2,2022,Sunday,TRUE
20220530,30-05-2022,30,5,May,2,2022,Monday,FALSE
20220531,31-05-2022,31,5,May,2,2022,Tuesday,FALSE
20220601,01-06-2022,1,6,June,2,2022,Wednesday,FALSE
20220602,02-06-2022,2,6,June,2,2022,Thursday,FALSE
20220603,03-06-2022,3,6,June,2,2022,Friday,FALSE
20220604,04-06-2022,4,6,June,2,2022,Saturday,TRUE
20220605,05-06-2022,5,6,June,2,2022,Sunday,TRUE
20220606,06-06-2022,6,6,June,2,2022,Monday,FALSE
20220607,07-06-2022,7,6,June,2,2022,Tuesday,FALSE
20220608,08-06-2022,8,6,June,2,2022,Wednesday,FALSE
20220609,09-06-2022,9,6,June,2,2022,Thursday,FALSE
20220610,10-06-2022,10,6,June,2,2022,Friday,FALSE
20220611,11-06-2022,11,6,June,2,2022,Saturday,TRUE
20220612,12-06-2022,12,6,June,2,2022,Sunday,TRUE
20220613,13-06-2022,13,6,June,2,2022,Monday,FALSE
20220614,14-06-2022,14,6,June,2,2022,Tuesday,FALSE
20220615,15-06-2022,15,6,June,2,2022,Wednesday,FALSE
20220616,16-06-2022,16,6,June,2,2022,Thursday,FALSE
20220617,17-06-2022,17,6,June,2,2022,Friday,FALSE
20220618,18-06-2022,18,6,June,2,2022,Saturday,TRUE
20220619,19-06-2022,19,6,June,2,2022,Sunday,TRUE
20220620,20-06-2022,20,6,June,2,2022,Monday,FALSE
20220621,21-06-2022,21,6,June,2,2022,Tuesday,FALSE
20220622,22-06-2022,22,6,June,2,2022,Wednesday,FALSE
20220623,23-06-2022,23,6,June,2,2022,Thursday,FALSE
20220624,24-06-2022,24,6,June,2,2022,Friday,FALSE
20220625,25-06-2022,25,6,June,2,2022,Saturday,TRUE
20220626,26-06-2022,26,6,June,2,2022,Sunday,TRUE
20220627,27-06-2022,27,6,June,2,2022,Monday,FALSE
20220628,28-06-2022,28,6,June,2,2022,Tuesday,FALSE
20220629,29-06-2022,29,6,June,2,2022,Wednesday,FALSE
20220630,30-06-2022,30,6,June,2,2022,Thursday,FALSE
20220701,01-07-2022,1,7,July,3,2022,Friday,FALSE
20220702,02-07-2022,2,7,July,3,2022,Saturday,TRUE
20220703,03-07-2022,3,7,July,3,2022,Sunday,TRUE
20220704,04-07-2022,4,7,July,3,2022,Monday,FALSE
20220705,05-07-2022,5,7,July,3,2022,Tuesday,FALSE
20220706,06-07-2022,6,7,July,3,2022,Wednesday,FALSE
20220707,07-07-2022,7,7,July,3,2022,Thursday,FALSE
20220708,08-07-2022,8,7,July,3,2022,Friday,FALSE
20220709,09-07-2022,9,7,July,3,2022,Saturday,TRUE
20220710,10-07-2022,10,7,July,3,2022,Sunday,TRUE
20220711,11-07-2022,11,7,July,3,2022,Monday,FALSE
20220712,12-07-2022,12,7,July,3,2022,Tuesday,FALSE
20220713,13-07-2022,13,7,July,3,2022,Wednesday,FALSE
20220714,14-07-2022,14,7,July,3,2022,Thursday,FALSE
20220715,15-07-2022,15,7,July,3,2022,Friday,FALSE
20220716,16-07-2022,16,7,July,3,2022,Saturday,TRUE
20220717,17-07-2022,17,7,July,3,2022,Sunday,TRUE
20220718,18-07-2022,18,7,July,3,2022,Monday,FALSE
20220719,19-07-2022,19,7,July,3,2022,Tuesday,FALSE
20220720,20-07-2022,20,7,July,3,2022,Wednesday,FALSE
20220721,21-07-2022,21,7,July,3,2022,Thursday,FALSE
20220722,22-07-2022,22,7,July,3,2022,Friday,FALSE
20220723,23-07-2022,23,7,July,3,2022,Saturday,TRUE
20220724,24-07-2022,24,7,July,3,2022,Sunday,TRUE
20220725,25-07-2022,25,7,July,3,2022,Monday,FALSE
20220726,26-07-2022,26,7,July,3,2022,Tuesday,FALSE
20220727,27-07-2022,27,7,July,3,2022,Wednesday,FALSE
20220728,28-07-2022,28,7,July,3,2022,Thursday,FALSE
20220729,29-07-2022,29,7,July,3,2022,Friday,FALSE
20220730,30-07-2022,30,7,July,3,2022,Saturday,TRUE
20220731,31-07-2022,31,7,July,3,2022,Sunday,TRUE
20220801,01-08-2022,1,8,August,3,2022,Monday,FALSE
20220802,02-08-2022,2,8,August,3,2022,Tuesday,FALSE
20220803,03-08-2022,3,8,August,3,2022,Wednesday,FALSE
20220804,04-08-2022,4,8,August,3,2022,Thursday,FALSE
20220805,05-08-2022,5,8,August,3,2022,Friday,FALSE
20220806,06-08-2022,6,8,August,3,2022,Saturday,TRUE
20220807,07-08-2022,7,8,August,3,2022,Sunday,TRUE
20220808,08-08-2022,8,8,August,3,2022,Monday,FALSE
20220809,09-08-2022,9,8,August,3,2022,Tuesday,FALSE
20220810,10-08-2022,10,8,August,3,2022,Wednesday,FALSE
20220811,11-08-2022,11,8,August,3,2022,Thursday,FALSE
20220812,12-08-2022,12,8,August,3,2022,Friday,FALSE
20220813,13-08-2022,13,8,August,3,2022,Saturday,TRUE
20220814,14-08-2022,14,8,August,3,2022,Sunday,TRUE
20220815,15-08-2022,15,8,August,3,2022,Monday,FALSE
20220816,16-08-2022,16,8,August,3,2022,Tuesday,FALSE
20220817,17-08-2022,17,8,August,3,2022,Wednesday,FALSE
20220818,18-08-2022,18,8,August,3,2022,Thursday,FALSE
20220819,19-08-2022,19,8,August,3,2022,Friday,FALSE
20220820,20-08-2022,20,8,August,3,2022,Saturday,TRUE
20220821,21-08-2022,21,8,August,3,2022,Sunday,TRUE
20220822,22-08-2022,22,8,August,3,2022,Monday,FALSE
20220823,23-08-2022,23,8,August,3,2022,Tuesday,FALSE
20220824,24-08-2022,24,8,August,3,2022,Wednesday,FALSE
20220825,25-08-2022,25,8,August,3,2022,Thursday,FALSE
20220826,26-08-2022,26,8,August,3,2022,Friday,FALSE
20220827,27-08-2022,27,8,August,3,2022,Saturday,TRUE
20220828,28-08-2022,28,8,August,3,2022,Sunday,TRUE
20220829,29-08-2022,29,8,August,3,2022,Monday,FALSE
20220830,30-08-2022,30,8,August,3,2022,Tuesday,FALSE
20220831,31-08-2022,31,8,August,3,2022,Wednesday,FALSE
20220901,01-09-2022,1,9,September,3,2022,Thursday,FALSE
20220902,02-09-2022,2,9,September,3,2022,Friday,FALSE
20220903,03-09-2022,3,9,September,3,2022,Saturday,TRUE
20220904,04-09-2022,4,9,September,3,2022,Sunday,TRUE
20220905,05-09-2022,5,9,September,3,2022,Monday,FALSE
20220906,06-09-2022,6,9,September,3,2022,Tuesday,FALSE
20220907,07-09-2022,7,9,September,3,2022,Wednesday,FALSE
20220908,08-09-2022,8,9,September,3,2022,Thursday,FALSE
20220909,09-09-2022,9,9,September,3,2022,Friday,FALSE
20220910,10-09-2022,10,9,September,3,2022,Saturday,TRUE
20220911,11-09-2022,11,9,September,3,2022,Sunday,TRUE
20220912,12-09-2022,12,9,September,3,2022,Monday,FALSE
20220913,13-09-2022,13,9,September,3,2022,Tuesday,FALSE
20220914,14-09-2022,14,9,September,3,2022,Wednesday,FALSE
20220915,15-09-2022,15,9,September,3,2022,Thursday,FALSE
20220916,16-09-2022,16,9,September,3,2022,Friday,FALSE
20220917,17-09-2022,17,9,September,3,2022,Saturday,TRUE
20220918,18-09-2022,18,9,September,3,2022,Sunday,TRUE
20220919,19-09-2022,19,9,September,3,2022,Monday,FALSE
20220920,20-09-2022,20,9,September,3,2022,Tuesday,FALSE
20220921,21-09-2022,21,9,September,3,2022,Wednesday,FALSE
20220922,22-09-2022,22,9,September,3,2022,Thursday,FALSE
20220923,23-09-2022,23,9,September,3,2022,Friday,FALSE
20220924,24-09-2022,24,9,September,3,2022,Saturday,TRUE
20220925,25-09-2022,25,9,September,3,2022,Sunday,TRUE
20220926,26-09-2022,26,9,September,3,2022,Monday,FALSE
20220927,27-09-2022,27,9,September,3,2022,Tuesday,FALSE
20220928,28-09-2022,28,9,September,3,2022,Wednesday,FALSE
20220929,29-09-2022,29,9,September,3,2022,Thursday,FALSE
20220930,30-09-2022,30,9,September,3,2022,Friday,FALSE
20221001,01-10-2022,1,10,October,4,2022,Saturday,TRUE
20221002,02-10-2022,2,10,October,4,2022,Sunday,TRUE
20221003,03-10-2022,3,10,October,4,2022,Monday,FALSE
20221004,04-10-2022,4,10,October,4,2022,Tuesday,FALSE
20221005,05-10-2022,5,10,October,4,2022,Wednesday,FALSE
20221006,06-10-2022,6,10,October,4,2022,Thursday,FALSE
20221007,07-10-2022,7,10,October,4,2022,Friday,FALSE
20221008,08-10-2022,8,10,October,4,2022,Saturday,TRUE
20221009,09-10-2022,9,10,October,4,2022,Sunday,TRUE
20221010,10-10-2022,10,10,October,4,2022,Monday,FALSE
20221011,11-10-2022,11,10,October,4,2022,Tuesday,FALSE
20221012,12-10-2022,12,10,October,4,2022,Wednesday,FALSE
20221013,13-10-2022,13,10,October,4,2022,Thursday,FALSE
20221014,14-10-2022,14,10,October,4,2022,Friday,FALSE
20221015,15-10-2022,15,10,October,4,2022,Saturday,TRUE
20221016,16-10-2022,16,10,October,4,2022,Sunday,TRUE
20221017,17-10-2022,17,10,October,4,2022,Monday,FALSE
20221018,18-10-2022,18,10,October,4,2022,Tuesday,FALSE
20221019,19-10-2022,19,10,October,4,2022,Wednesday,FALSE
20221020,20-10-2022,20,10,October,4,2022,Thursday,FALSE
20221021,21-10-2022,21,10,October,4,2022,Friday,FALSE
20221022,22-10-2022,22,10,October,4,2022,Saturday,TRUE
20221023,23-10-2022,23,10,October,4,2022,Sunday,TRUE
20221024,24-10-2022,24,10,October,4,2022,Monday,FALSE
20221025,25-10-2022,25,10,October,4,2022,Tuesday,FALSE
20221026,26-10-2022,26,10,October,4,2022,Wednesday,FALSE
20221027,27-10-2022,27,10,October,4,2022,Thursday,FALSE
20221028,28-10-2022,28,10,October,4,2022,Friday,FALSE
20221029,29-10-2022,29,10,October,4,2022,Saturday,TRUE
20221030,30-10-2022,30,10,October,4,2022,Sunday,TRUE
20221031,31-10-2022,31,10,October,4,2022,Monday,FALSE
20221101,01-11-2022,1,11,November,4,2022,Tuesday,FALSE
20221102,02-11-2022,2,11,November,4,2022,Wednesday,FALSE
20221103,03-11-2022,3,11,November,4,2022,Thursday,FALSE
20221104,04-11-2022,4,11,November,4,2022,Friday,FALSE
20221105,05-11-2022,5,11,November,4,2022,Saturday,TRUE
20221106,06-11-2022,6,11,November,4,2022,Sunday,TRUE
20221107,07-11-2022,7,11,November,4,2022,Monday,FALSE
20221108,08-11-2022,8,11,November,4,2022,Tuesday,FALSE
20221109,09-11-2022,9,11,November,4,2022,Wednesday,FALSE
20221110,10-11-2022,10,11,November,4,2022,Thursday,FALSE
20221111,11-11-2022,11,11,November,4,2022,Friday,FALSE
20221112,12-11-2022,12,11,November,4,2022,Saturday,TRUE
20221113,13-11-2022,13,11,November,4,2022,Sunday,TRUE
20221114,14-11-2022,14,11,November,4,2022,Monday,FALSE
20221115,15-11-2022,15,11,November,4,2022,Tuesday,FALSE
20221116,16-11-2022,16,11,November,4,2022,Wednesday,FALSE
20221117,17-11-2022,17,11,November,4,2022,Thursday,FALSE
20221118,18-11-2022,18,11,November,4,2022,Friday,FALSE
20221119,19-11-2022,19,11,November,4,2022,Saturday,TRUE
20221120,20-11-2022,20,11,November,4,2022,Sunday,TRUE
20221121,21-11-2022,21,11,November,4,2022,Monday,FALSE
20221122,22-11-2022,22,11,November,4,2022,Tuesday,FALSE
20221123,23-11-2022,23,11,November,4,2022,Wednesday,FALSE
20221124,24-11-2022,24,11,November,4,2022,Thursday,FALSE
20221125,25-11-2022,25,11,November,4,2022,Friday,FALSE
20221126,26-11-2022,26,11,November,4,2022,Saturday,TRUE
20221127,27-11-2022,27,11,November,4,2022,Sunday,TRUE
20221128,28-11-2022,28,11,November,4,2022,Monday,FALSE
20221129,29-11-2022,29,11,November,4,2022,Tuesday,FALSE
20221130,30-11-2022,30,11,November,4,2022,Wednesday,FALSE
20221201,01-12-2022,1,12,December,4,2022,Thursday,FALSE
20221202,02-12-2022,2,12,December,4,2022,Friday,FALSE
20221203,03-12-2022,3,12,December,4,2022,Saturday,TRUE
20221204,04-12-2022,4,12,December,4,2022,Sunday,TRUE
20221205,05-12-2022,5,12,December,4,2022,Monday,FALSE
20221206,06-12-2022,6,12,December,4,2022,Tuesday,FALSE
20221207,07-12-2022,7,12,December,4,2022,Wednesday,FALSE
20221208,08-12-2022,8,12,December,4,2022,Thursday,FALSE
20221209,09-12-2022,9,12,December,4,2022,Friday,FALSE
20221210,10-12-2022,10,12,December,4,2022,Saturday,TRUE
20221211,11-12-2022,11,12,December,4,2022,Sunday,TRUE
20221212,12-12-2022,12,12,December,4,2022,Monday,FALSE
20221213,13-12-2022,13,12,December,4,2022,Tuesday,FALSE
20221214,14-12-2022,14,12,December,4,2022,Wednesday,FALSE
20221215,15-12-2022,15,12,December,4,2022,Thursday,FALSE
20221216,16-12-2022,16,12,December,4,2022,Friday,FALSE
20221217,17-12-2022,17,12,December,4,2022,Saturday,TRUE
20221218,18-12-2022,18,12,December,4,2022,Sunday,TRUE
20221219,19-12-2022,19,12,December,4,2022,Monday,FALSE
20221220,20-12-2022,20,12,December,4,2022,Tuesday,FALSE
20221221,21-12-2022,21,12,December,4,2022,Wednesday,FALSE
20221222,22-12-2022,22,12,December,4,2022,Thursday,FALSE
20221223,23-12-2022,23,12,December,4,2022,Friday,FALSE
20221224,24-12-2022,24,12,December,4,2022,Saturday,TRUE
20221225,25-12-2022,25,12,December,4,2022,Sunday,TRUE
20221226,26-12-2022,26,12,December,4,2022,Monday,FALSE
20221227,27-12-2022,27,12,December,4,2022,Tuesday,FALSE
20221228,28-12-2022,28,12,December,4,2022,Wednesday,FALSE
20221229,29-12-2022,29,12,December,4,2022,Thursday,FALSE
20221230,30-12-2022,30,12,December,4,2022,Friday,FALSE
20221231,31-12-2022,31,12,December,4,2022,Saturday,TRUE
20230101,01-01-2023,1,1,January,1,2023,Sunday,TRUE
20230102,02-01-2023,2,1,January,1,2023,Monday,FALSE
20230103,03-01-2023,3,1,January,1,2023,Tuesday,FALSE
20230104,04-01-2023,4,1,January,1,2023,Wednesday,FALSE
20230105,05-01-2023,5,1,January,1,2023,Thursday,FALSE
20230106,06-01-2023,6,1,January,1,2023,Friday,FALSE
20230107,07-01-2023,7,1,January,1,2023,Saturday,TRUE
20230108,08-01-2023,8,1,January,1,2023,Sunday,TRUE
20230109,09-01-2023,9,1,January,1,2023,Monday,FALSE
20230110,10-01-2023,10,1,January,1,2023,Tuesday,FALSE
20230111,11-01-2023,11,1,January,1,2023,Wednesday,FALSE
20230112,12-01-2023,12,1,January,1,2023,Thursday,FALSE
20230113,13-01-2023,13,1,January,1,2023,Friday,FALSE
20230114,14-01-2023,14,1,January,1,2023,Saturday,TRUE
20230115,15-01-2023,15,1,January,1,2023,Sunday,TRUE
20230116,16-01-2023,16,1,January,1,2023,Monday,FALSE
20230117,17-01-2023,17,1,January,1,2023,Tuesday,FALSE
20230118,18-01-2023,18,1,January,1,2023,Wednesday,FALSE
20230119,19-01-2023,19,1,January,1,2023,Thursday,FALSE
20230120,20-01-2023,20,1,January,1,2023,Friday,FALSE
20230121,21-01-2023,21,1,January,1,2023,Saturday,TRUE
20230122,22-01-2023,22,1,January,1,2023,Sunday,TRUE
20230123,23-01-2023,23,1,January,1,2023,Monday,FALSE
20230124,24-01-2023,24,1,January,1,2023,Tuesday,FALSE
20230125,25-01-2023,25,1,January,1,2023,Wednesday,FALSE
20230126,26-01-2023,26,1,January,1,2023,Thursday,FALSE
20230127,27-01-2023,27,1,January,1,2023,Friday,FALSE
20230128,28-01-2023,28,1,January,1,2023,Saturday,TRUE
20230129,29-01-2023,29,1,January,1,2023,Sunday,TRUE
20230130,30-01-2023,30,1,January,1,2023,Monday,FALSE
20230131,31-01-2023,31,1,January,1,2023,Tuesday,FALSE
20230201,01-02-2023,1,2,February,1,2023,Wednesday,FALSE
20230202,02-02-2023,2,2,February,1,2023,Thursday,FALSE
20230203,03-02-2023,3,2,February,1,2023,Friday,FALSE
20230204,04-02-2023,4,2,February,1,2023,Saturday,TRUE
20230205,05-02-2023,5,2,February,1,2023,Sunday,TRUE
20230206,06-02-2023,6,2,February,1,2023,Monday,FALSE
20230207,07-02-2023,7,2,February,1,2023,Tuesday,FALSE
20230208,08-02-2023,8,2,February,1,2023,Wednesday,FALSE
20230209,09-02-2023,9,2,February,1,2023,Thursday,FALSE
20230210,10-02-2023,10,2,February,1,2023,Friday,FALSE
20230211,11-02-2023,11,2,February,1,2023,Saturday,TRUE
20230212,12-02-2023,12,2,February,1,2023,Sunday,TRUE
20230213,13-02-2023,13,2,February,1,2023,Monday,FALSE
20230214,14-02-2023,14,2,February,1,2023,Tuesday,FALSE
20230215,15-02-2023,15,2,February,1,2023,Wednesday,FALSE
20230216,16-02-2023,16,2,February,1,2023,Thursday,FALSE
20230217,17-02-2023,17,2,February,1,2023,Friday,FALSE
20230218,18-02-2023,18,2,February,1,2023,Saturday,TRUE
20230219,19-02-2023,19,2,February,1,2023,Sunday,TRUE
20230220,20-02-2023,20,2,February,1,2023,Monday,FALSE
20230221,21-02-2023,21,2,February,1,2023,Tuesday,FALSE
20230222,22-02-2023,22,2,February,1,2023,Wednesday,FALSE
20230223,23-02-2023,23,2,February,1,2023,Thursday,FALSE
20230224,24-02-2023,24,2,February,1,2023,Friday,FALSE
20230225,25-02-2023,25,2,February,1,2023,Saturday,TRUE
20230226,26-02-2023,26,2,February,1,2023,Sunday,TRUE
20230227,27-02-2023,27,2,February,1,2023,Monday,FALSE
20230228,28-02-2023,28,2,February,1,2023,Tuesday,FALSE
20230301,01-03-2023,1,3,March,1,2023,Wednesday,FALSE
20230302,02-03-2023,2,3,March,1,2023,Thursday,FALSE
20230303,03-03-2023,3,3,March,1,2023,Friday,FALSE
20230304,04-03-2023,4,3,March,1,2023,Saturday,TRUE
20230305,05-03-2023,5,3,March,1,2023,Sunday,TRUE
20230306,06-03-2023,6,3,March,1,2023,Monday,FALSE
20230307,07-03-2023,7,3,March,1,2023,Tuesday,FALSE
20230308,08-03-2023,8,3,March,1,2023,Wednesday,FALSE
20230309,09-03-2023,9,3,March,1,2023,Thursday,FALSE
20230310,10-03-2023,10,3,March,1,2023,Friday,FALSE
20230311,11-03-2023,11,3,March,1,2023,Saturday,TRUE
20230312,12-03-2023,12,3,March,1,2023,Sunday,TRUE
20230313,13-03-2023,13,3,March,1,2023,Monday,FALSE
20230314,14-03-2023,14,3,March,1,2023,Tuesday,FALSE
20230315,15-03-2023,15,3,March,1,2023,Wednesday,FALSE
20230316,16-03-2023,16,3,March,1,2023,Thursday,FALSE
20230317,17-03-2023,17,3,March,1,2023,Friday,FALSE
20230318,18-03-2023,18,3,March,1,2023,Saturday,TRUE
20230319,19-03-2023,19,3,March,1,2023,Sunday,TRUE
20230320,20-03-2023,20,3,March,1,2023,Monday,FALSE
20230321,21-03-2023,21,3,March,1,2023,Tuesday,FALSE
20230322,22-03-2023,22,3,March,1,2023,Wednesday,FALSE
20230323,23-03-2023,23,3,March,1,2023,Thursday,FALSE
20230324,24-03-2023,24,3,March,1,2023,Friday,FALSE
20230325,25-03-2023,25,3,March,1,2023,Saturday,TRUE
20230326,26-03-2023,26,3,March,1,2023,Sunday,TRUE
20230327,27-03-2023,27,3,March,1,2023,Monday,FALSE
20230328,28-03-2023,28,3,March,1,2023,Tuesday,FALSE
20230329,29-03-2023,29,3,March,1,2023,Wednesday,FALSE
20230330,30-03-2023,30,3,March,1,2023,Thursday,FALSE
20230331,31-03-2023,31,3,March,1,2023,Friday,FALSE
20230401,01-04-2023,1,4,April,2,2023,Saturday,TRUE
20230402,02-04-2023,2,4,April,2,2023,Sunday,TRUE
20230403,03-04-2023,3,4,April,2,2023,Monday,FALSE
20230404,04-04-2023,4,4,April,2,2023,Tuesday,FALSE
20230405,05-04-2023,5,4,April,2,2023,Wednesday,FALSE
20230406,06-04-2023,6,4,April,2,2023,Thursday,FALSE
20230407,07-04-2023,7,4,April,2,2023,Friday,FALSE
20230408,08-04-2023,8,4,April,2,2023,Saturday,TRUE
20230409,09-04-2023,9,4,April,2,2023,Sunday,TRUE
20230410,10-04-2023,10,4,April,2,2023,Monday,FALSE
20230411,11-04-2023,11,4,April,2,2023,Tuesday,FALSE
20230412,12-04-2023,12,4,April,2,2023,Wednesday,FALSE
20230413,13-04-2023,13,4,April,2,2023,Thursday,FALSE
20230414,14-04-2023,14,4,April,2,2023,Friday,FALSE
20230415,15-04-2023,15,4,April,2,2023,Saturday,TRUE
20230416,16-04-2023,16,4,April,2,2023,Sunday,TRUE
20230417,17-04-2023,17,4,April,2,2023,Monday,FALSE
20230418,18-04-2023,18,4,April,2,2023,Tuesday,FALSE
20230419,19-04-2023,19,4,April,2,2023,Wednesday,FALSE
20230420,20-04-2023,20,4,April,2,2023,Thursday,FALSE
20230421,21-04-2023,21,4,April,2,2023,Friday,FALSE
20230422,22-04-2023,22,4,April,2,2023,Saturday,TRUE
20230423,23-04-2023,23,4,April,2,2023,Sunday,TRUE
20230424,24-04-2023,24,4,April,2,2023,Monday,FALSE
20230425,25-04-2023,25,4,April,2,2023,Tuesday,FALSE
20230426,26-04-2023,26,4,April,2,2023,Wednesday,FALSE
20230427,27-04-2023,27,4,April,2,2023,Thursday,FALSE
20230428,28-04-2023,28,4,April,2,2023,Friday,FALSE
20230429,29-04-2023,29,4,April,2,2023,Saturday,TRUE
20230430,30-04-2023,30,4,April,2,2023,Sunday,TRUE
20230501,01-05-2023,1,5,May,2,2023,Monday,FALSE
20230502,02-05-2023,2,5,May,2,2023,Tuesday,FALSE
20230503,03-05-2023,3,5,May,2,2023,Wednesday,FALSE
20230504,04-05-2023,4,5,May,2,2023,Thursday,FALSE
20230505,05-05-2023,5,5,May,2,2023,Friday,FALSE
20230506,06-05-2023,6,5,May,2,2023,Saturday,TRUE
20230507,07-05-2023,7,5,May,2,2023,Sunday,TRUE
20230508,08-05-2023,8,5,May,2,2023,Monday,FALSE
20230509,09-05-2023,9,5,May,2,2023,Tuesday,FALSE
20230510,10-05-2023,10,5,May,2,2023,Wednesday,FALSE
20230511,11-05-2023,11,5,May,2,2023,Thursday,FALSE
20230512,12-05-2023,12,5,May,2,2023,Friday,FALSE
20230513,13-05-2023,13,5,May,2,2023,Saturday,TRUE
20230514,14-05-2023,14,5,May,2,2023,Sunday,TRUE
20230515,15-05-2023,15,5,May,2,2023,Monday,FALSE
20230516,16-05-2023,16,5,May,2,2023,Tuesday,FALSE
20230517,17-05-2023,17,5,May,2,2023,Wednesday,FALSE
20230518,18-05-2023,18,5,May,2,2023,Thursday,FALSE
20230519,19-05-2023,19,5,May,2,2023,Friday,FALSE
20230520,20-05-2023,20,5,May,2,2023,Saturday,TRUE
20230521,21-05-2023,21,5,May,2,2023,Sunday,TRUE
20230522,22-05-2023,22,5,May,2,2023,Monday,FALSE
20230523,23-05-2023,23,5,May,2,2023,Tuesday,FALSE
20230524,24-05-2023,24,5,May,2,2023,Wednesday,FALSE
20230525,25-05-2023,25,5,May,2,2023,Thursday,FALSE
20230526,26-05-2023,26,5,May,2,2023,Friday,FALSE
20230527,27-05-2023,27,5,May,2,2023,Saturday,TRUE
20230528,28-05-2023,28,5,May,2,2023,Sunday,TRUE
20230529,29-05-2023,29,5,May,2,2023,Monday,FALSE
20230530,30-05-2023,30,5,May,2,2023,Tuesday,FALSE
20230531,31-05-2023,31,5,May,2,2023,Wednesday,FALSE
20230601,01-06-2023,1,6,June,2,2023,Thursday,FALSE
20230602,02-06-2023,2,6,June,2,2023,Friday,FALSE
20230603,03-06-2023,3,6,June,2,2023,Saturday,TRUE
20230604,04-06-2023,4,6,June,2,2023,Sunday,TRUE
20230605,05-06-2023,5,6,June,2,2023,Monday,FALSE
20230606,06-06-2023,6,6,June,2,2023,Tuesday,FALSE
20230607,07-06-2023,7,6,June,2,2023,Wednesday,FALSE
20230608,08-06-2023,8,6,June,2,2023,Thursday,FALSE
20230609,09-06-2023,9,6,June,2,2023,Friday,FALSE
20230610,10-06-2023,10,6,June,2,2023,Saturday,TRUE
20230611,11-06-2023,11,6,June,2,2023,Sunday,TRUE
20230612,12-06-2023,12,6,June,2,2023,Monday,FALSE
20230613,13-06-2023,13,6,June,2,2023,Tuesday,FALSE
20230614,14-06-2023,14,6,June,2,2023,Wednesday,FALSE
20230615,15-06-2023,15,6,June,2,2023,Thursday,FALSE
20230616,16-06-2023,16,6,June,2,2023,Friday,FALSE
20230617,17-06-2023,17,6,June,2,2023,Saturday,TRUE
20230618,18-06-2023,18,6,June,2,2023,Sunday,TRUE
20230619,19-06-2023,19,6,June,2,2023,Monday,FALSE
20230620,20-06-2023,20,6,June,2,2023,Tuesday,FALSE
20230621,21-06-2023,21,6,June,2,2023,Wednesday,FALSE
20230622,22-06-2023,22,6,June,2,2023,Thursday,FALSE
20230623,23-06-2023,23,6,June,2,2023,Friday,FALSE
20230624,24-06-2023,24,6,June,2,2023,Saturday,TRUE
20230625,25-06-2023,25,6,June,2,2023,Sunday,TRUE
20230626,26-06-2023,26,6,June,2,2023,Monday,FALSE
20230627,27-06-2023,27,6,June,2,2023,Tuesday,FALSE
20230628,28-06-2023,28,6,June,2,2023,Wednesday,FALSE
20230629,29-06-2023,29,6,June,2,2023,Thursday,FALSE
20230630,30-06-2023,30,6,June,2,2023,Friday,FALSE
20230701,01-07-2023,1,7,July,3,2023,Saturday,TRUE
20230702,02-07-2023,2,7,July,3,2023,Sunday,TRUE
20230703,03-07-2023,3,7,July,3,2023,Monday,FALSE
20230704,04-07-2023,4,7,July,3,2023,Tuesday,FALSE
20230705,05-07-2023,5,7,July,3,2023,Wednesday,FALSE
20230706,06-07-2023,6,7,July,3,2023,Thursday,FALSE
20230707,07-07-2023,7,7,July,3,2023,Friday,FALSE
20230708,08-07-2023,8,7,July,3,2023,Saturday,TRUE
20230709,09-07-2023,9,7,July,3,2023,Sunday,TRUE
20230710,10-07-2023,10,7,July,3,2023,Monday,FALSE
20230711,11-07-2023,11,7,July,3,2023,Tuesday,FALSE
20230712,12-07-2023,12,7,July,3,2023,Wednesday,FALSE
20230713,13-07-2023,13,7,July,3,2023,Thursday,FALSE
20230714,14-07-2023,14,7,July,3,2023,Friday,FALSE
20230715,15-07-2023,15,7,July,3,2023,Saturday,TRUE
20230716,16-07-2023,16,7,July,3,2023,Sunday,TRUE
20230717,17-07-2023,17,7,July,3,2023,Monday,FALSE
20230718,18-07-2023,18,7,July,3,2023,Tuesday,FALSE
20230719,19-07-2023,19,7,July,3,2023,Wednesday,FALSE
20230720,20-07-2023,20,7,July,3,2023,Thursday,FALSE
20230721,21-07-2023,21,7,July,3,2023,Friday,FALSE
20230722,22-07-2023,22,7,July,3,2023,Saturday,TRUE
20230723,23-07-2023,23,7,July,3,2023,Sunday,TRUE
20230724,24-07-2023,24,7,July,3,2023,Monday,FALSE
20230725,25-07-2023,25,7,July,3,2023,Tuesday,FALSE
20230726,26-07-2023,26,7,July,3,2023,Wednesday,FALSE
20230727,27-07-2023,27,7,July,3,2023,Thursday,FALSE
20230728,28-07-2023,28,7,July,3,2023,Friday,FALSE
20230729,29-07-2023,29,7,July,3,2023,Saturday,TRUE
20230730,30-07-2023,30,7,July,3,2023,Sunday,TRUE
20230731,31-07-2023,31,7,July,3,2023,Monday,FALSE
20230801,01-08-2023,1,8,August,3,2023,Tuesday,FALSE
20230802,02-08-2023,2,8,August,3,2023,Wednesday,FALSE
20230803,03-08-2023,3,8,August,3,2023,Thursday,FALSE
20230804,04-08-2023,4,8,August,3,2023,Friday,FALSE
20230805,05-08-2023,5,8,August,3,2023,Saturday,TRUE
20230806,06-08-2023,6,8,August,3,2023,Sunday,TRUE
20230807,07-08-2023,7,8,August,3,2023,Monday,FALSE
20230808,08-08-2023,8,8,August,3,2023,Tuesday,FALSE
20230809,09-08-2023,9,8,August,3,2023,Wednesday,FALSE
20230810,10-08-2023,10,8,August,3,2023,Thursday,FALSE
20230811,11-08-2023,11,8,August,3,2023,Friday,FALSE
20230812,12-08-2023,12,8,August,3,2023,Saturday,TRUE
20230813,13-08-2023,13,8,August,3,2023,Sunday,TRUE
20230814,14-08-2023,14,8,August,3,2023,Monday,FALSE
20230815,15-08-2023,15,8,August,3,2023,Tuesday,FALSE
20230816,16-08-2023,16,8,August,3,2023,Wednesday,FALSE
20230817,17-08-2023,17,8,August,3,2023,Thursday,FALSE
20230818,18-08-2023,18,8,August,3,2023,Friday,FALSE
20230819,19-08-2023,19,8,August,3,2023,Saturday,TRUE
20230820,20-08-2023,20,8,August,3,2023,Sunday,TRUE
20230821,21-08-2023,21,8,August,3,2023,Monday,FALSE
20230822,22-08-2023,22,8,August,3,2023,Tuesday,FALSE
20230823,23-08-2023,23,8,August,3,2023,Wednesday,FALSE
20230824,24-08-2023,24,8,August,3,2023,Thursday,FALSE
20230825,25-08-2023,25,8,August,3,2023,Friday,FALSE
20230826,26-08-2023,26,8,August,3,2023,Saturday,TRUE
20230827,27-08-2023,27,8,August,3,2023,Sunday,TRUE
20230828,28-08-2023,28,8,August,3,2023,Monday,FALSE
20230829,29-08-2023,29,8,August,3,2023,Tuesday,FALSE
20230830,30-08-2023,30,8,August,3,2023,Wednesday,FALSE
20230831,31-08-2023,31,8,August,3,2023,Thursday,FALSE
20230901,01-09-2023,1,9,September,3,2023,Friday,FALSE
20230902,02-09-2023,2,9,September,3,2023,Saturday,TRUE
20230903,03-09-2023,3,9,September,3,2023,Sunday,TRUE
20230904,04-09-2023,4,9,September,3,2023,Monday,FALSE
20230905,05-09-2023,5,9,September,3,2023,Tuesday,FALSE
20230906,06-09-2023,6,9,September,3,2023,Wednesday,FALSE
20230907,07-09-2023,7,9,September,3,2023,Thursday,FALSE
20230908,08-09-2023,8,9,September,3,2023,Friday,FALSE
20230909,09-09-2023,9,9,September,3,2023,Saturday,TRUE
20230910,10-09-2023,10,9,September,3,2023,Sunday,TRUE
20230911,11-09-2023,11,9,September,3,2023,Monday,FALSE
20230912,12-09-2023,12,9,September,3,2023,Tuesday,FALSE
20230913,13-09-2023,13,9,September,3,2023,Wednesday,FALSE
20230914,14-09-2023,14,9,September,3,2023,Thursday,FALSE
20230915,15-09-2023,15,9,September,3,2023,Friday,FALSE
20230916,16-09-2023,16,9,September,3,2023,Saturday,TRUE
20230917,17-09-2023,17,9,September,3,2023,Sunday,TRUE
20230918,18-09-2023,18,9,September,3,2023,Monday,FALSE
20230919,19-09-2023,19,9,September,3,2023,Tuesday,FALSE
20230920,20-09-2023,20,9,September,3,2023,Wednesday,FALSE
20230921,21-09-2023,21,9,September,3,2023,Thursday,FALSE
20230922,22-09-2023,22,9,September,3,2023,Friday,FALSE
20230923,23-09-2023,23,9,September,3,2023,Saturday,TRUE
20230924,24-09-2023,24,9,September,3,2023,Sunday,TRUE
20230925,25-09-2023,25,9,September,3,2023,Monday,FALSE
20230926,26-09-2023,26,9,September,3,2023,Tuesday,FALSE
20230927,27-09-2023,27,9,September,3,2023,Wednesday,FALSE
20230928,28-09-2023,28,9,September,3,2023,Thursday,FALSE
20230929,29-09-2023,29,9,September,3,2023,Friday,FALSE
20230930,30-09-2023,30,9,September,3,2023,Saturday,TRUE
20231001,01-10-2023,1,10,October,4,2023,Sunday,TRUE
20231002,02-10-2023,2,10,October,4,2023,Monday,FALSE
20231003,03-10-2023,3,10,October,4,2023,Tuesday,FALSE
20231004,04-10-2023,4,10,October,4,2023,Wednesday,FALSE
20231005,05-10-2023,5,10,October,4,2023,Thursday,FALSE
20231006,06-10-2023,6,10,October,4,2023,Friday,FALSE
20231007,07-10-2023,7,10,October,4,2023,Saturday,TRUE
20231008,08-10-2023,8,10,October,4,2023,Sunday,TRUE
20231009,09-10-2023,9,10,October,4,2023,Monday,FALSE
20231010,10-10-2023,10,10,October,4,2023,Tuesday,FALSE
20231011,11-10-2023,11,10,October,4,2023,Wednesday,FALSE
20231012,12-10-2023,12,10,October,4,2023,Thursday,FALSE
20231013,13-10-2023,13,10,October,4,2023,Friday,FALSE
20231014,14-10-2023,14,10,October,4,2023,Saturday,TRUE
20231015,15-10-2023,15,10,October,4,2023,Sunday,TRUE
20231016,16-10-2023,16,10,October,4,2023,Monday,FALSE
20231017,17-10-2023,17,10,October,4,2023,Tuesday,FALSE
20231018,18-10-2023,18,10,October,4,2023,Wednesday,FALSE
20231019,19-10-2023,19,10,October,4,2023,Thursday,FALSE
20231020,20-10-2023,20,10,October,4,2023,Friday,FALSE
20231021,21-10-2023,21,10,October,4,2023,Saturday,TRUE
20231022,22-10-2023,22,10,October,4,2023,Sunday,TRUE
20231023,23-10-2023,23,10,October,4,2023,Monday,FALSE
20231024,24-10-2023,24,10,October,4,2023,Tuesday,FALSE
20231025,25-10-2023,25,10,October,4,2023,Wednesday,FALSE
20231026,26-10-2023,26,10,October,4,2023,Thursday,FALSE
20231027,27-10-2023,27,10,October,4,2023,Friday,FALSE
20231028,28-10-2023,28,10,October,4,2023,Saturday,TRUE
20231029,29-10-2023,29,10,October,4,2023,Sunday,TRUE
20231030,30-10-2023,30,10,October,4,2023,Monday,FALSE
20231031,31-10-2023,31,10,October,4,2023,Tuesday,FALSE
20231101,01-11-2023,1,11,November,4,2023,Wednesday,FALSE
20231102,02-11-2023,2,11,November,4,2023,Thursday,FALSE
20231103,03-11-2023,3,11,November,4,2023,Friday,FALSE
20231104,04-11-2023,4,11,November,4,2023,Saturday,TRUE
20231105,05-11-2023,5,11,November,4,2023,Sunday,TRUE
20231106,06-11-2023,6,11,November,4,2023,Monday,FALSE
20231107,07-11-2023,7,11,November,4,2023,Tuesday,FALSE
20231108,08-11-2023,8,11,November,4,2023,Wednesday,FALSE
20231109,09-11-2023,9,11,November,4,2023,Thursday,FALSE
20231110,10-11-2023,10,11,November,4,2023,Friday,FALSE
20231111,11-11-2023,11,11,November,4,2023,Saturday,TRUE
20231112,12-11-2023,12,11,November,4,2023,Sunday,TRUE
20231113,13-11-2023,13,11,November,4,2023,Monday,FALSE
20231114,14-11-2023,14,11,November,4,2023,Tuesday,FALSE
20231115,15-11-2023,15,11,November,4,2023,Wednesday,FALSE
20231116,16-11-2023,16,11,November,4,2023,Thursday,FALSE
20231117,17-11-2023,17,11,November,4,2023,Friday,FALSE
20231118,18-11-2023,18,11,November,4,2023,Saturday,TRUE
20231119,19-11-2023,19,11,November,4,2023,Sunday,TRUE
20231120,20-11-2023,20,11,November,4,2023,Monday,FALSE
20231121,21-11-2023,21,11,November,4,2023,Tuesday,FALSE
20231122,22-11-2023,22,11,November,4,2023,Wednesday,FALSE
20231123,23-11-2023,23,11,November,4,2023,Thursday,FALSE
20231124,24-11-2023,24,11,November,4,2023,Friday,FALSE
20231125,25-11-2023,25,11,November,4,2023,Saturday,TRUE
20231126,26-11-2023,26,11,November,4,2023,Sunday,TRUE
20231127,27-11-2023,27,11,November,4,2023,Monday,FALSE
20231128,28-11-2023,28,11,November,4,2023,Tuesday,FALSE
20231129,29-11-2023,29,11,November,4,2023,Wednesday,FALSE
20231130,30-11-2023,30,11,November,4,2023,Thursday,FALSE
20231201,01-12-2023,1,12,December,4,2023,Friday,FALSE
20231202,02-12-2023,2,12,December,4,2023,Saturday,TRUE
20231203,03-12-2023,3,12,December,4,2023,Sunday,TRUE
20231204,04-12-2023,4,12,December,4,2023,Monday,FALSE
20231205,05-12-2023,5,12,December,4,2023,Tuesday,FALSE
20231206,06-12-2023,6,12,December,4,2023,Wednesday,FALSE
20231207,07-12-2023,7,12,December,4,2023,Thursday,FALSE
20231208,08-12-2023,8,12,December,4,2023,Friday,FALSE
20231209,09-12-2023,9,12,December,4,2023,Saturday,TRUE
20231210,10-12-2023,10,12,December,4,2023,Sunday,TRUE
20231211,11-12-2023,11,12,December,4,2023,Monday,FALSE
20231212,12-12-2023,12,12,December,4,2023,Tuesday,FALSE
20231213,13-12-2023,13,12,December,4,2023,Wednesday,FALSE
20231214,14-12-2023,14,12,December,4,2023,Thursday,FALSE
20231215,15-12-2023,15,12,December,4,2023,Friday,FALSE
20231216,16-12-2023,16,12,December,4,2023,Saturday,TRUE
20231217,17-12-2023,17,12,December,4,2023,Sunday,TRUE
20231218,18-12-2023,18,12,December,4,2023,Monday,FALSE
20231219,19-12-2023,19,12,December,4,2023,Tuesday,FALSE
20231220,20-12-2023,20,12,December,4,2023,Wednesday,FALSE
20231221,21-12-2023,21,12,December,4,2023,Thursday,FALSE
20231222,22-12-2023,22,12,December,4,2023,Friday,FALSE
20231223,23-12-2023,23,12,December,4,2023,Saturday,TRUE
20231224,24-12-2023,24,12,December,4,2023,Sunday,TRUE
20231225,25-12-2023,25,12,December,4,2023,Monday,FALSE
20231226,26-12-2023,26,12,December,4,2023,Tuesday,FALSE
20231227,27-12-2023,27,12,December,4,2023,Wednesday,FALSE
20231228,28-12-2023,28,12,December,4,2023,Thursday,FALSE
20231229,29-12-2023,29,12,December,4,2023,Friday,FALSE
20231230,30-12-2023,30,12,December,4,2023,Saturday,TRUE
20231231,31-12-2023,31,12,December,4,2023,Sunday,TRUE
20240101,01-01-2024,1,1,January,1,2024,Monday,FALSE
20240102,02-01-2024,2,1,January,1,2024,Tuesday,FALSE
20240103,03-01-2024,3,1,January,1,2024,Wednesday,FALSE
20240104,04-01-2024,4,1,January,1,2024,Thursday,FALSE
20240105,05-01-2024,5,1,January,1,2024,Friday,FALSE
20240106,06-01-2024,6,1,January,1,2024,Saturday,TRUE
20240107,07-01-2024,7,1,January,1,2024,Sunday,TRUE
20240108,08-01-2024,8,1,January,1,2024,Monday,FALSE
20240109,09-01-2024,9,1,January,1,2024,Tuesday,FALSE
20240110,10-01-2024,10,1,January,1,2024,Wednesday,FALSE
20240111,11-01-2024,11,1,January,1,2024,Thursday,FALSE
20240112,12-01-2024,12,1,January,1,2024,Friday,FALSE
20240113,13-01-2024,13,1,January,1,2024,Saturday,TRUE
20240114,14-01-2024,14,1,January,1,2024,Sunday,TRUE
20240115,15-01-2024,15,1,January,1,2024,Monday,FALSE
20240116,16-01-2024,16,1,January,1,2024,Tuesday,FALSE
20240117,17-01-2024,17,1,January,1,2024,Wednesday,FALSE
20240118,18-01-2024,18,1,January,1,2024,Thursday,FALSE
20240119,19-01-2024,19,1,January,1,2024,Friday,FALSE
20240120,20-01-2024,20,1,January,1,2024,Saturday,TRUE
20240121,21-01-2024,21,1,January,1,2024,Sunday,TRUE
20240122,22-01-2024,22,1,January,1,2024,Monday,FALSE
20240123,23-01-2024,23,1,January,1,2024,Tuesday,FALSE
20240124,24-01-2024,24,1,January,1,2024,Wednesday,FALSE
20240125,25-01-2024,25,1,January,1,2024,Thursday,FALSE
20240126,26-01-2024,26,1,January,1,2024,Friday,FALSE
20240127,27-01-2024,27,1,January,1,2024,Saturday,TRUE
20240128,28-01-2024,28,1,January,1,2024,Sunday,TRUE
20240129,29-01-2024,29,1,January,1,2024,Monday,FALSE
20240130,30-01-2024,30,1,January,1,2024,Tuesday,FALSE
20240131,31-01-2024,31,1,January,1,2024,Wednesday,FALSE
20240201,01-02-2024,1,2,February,1,2024,Thursday,FALSE
20240202,02-02-2024,2,2,February,1,2024,Friday,FALSE
20240203,03-02-2024,3,2,February,1,2024,Saturday,TRUE
20240204,04-02-2024,4,2,February,1,2024,Sunday,TRUE
20240205,05-02-2024,5,2,February,1,2024,Monday,FALSE
20240206,06-02-2024,6,2,February,1,2024,Tuesday,FALSE
20240207,07-02-2024,7,2,February,1,2024,Wednesday,FALSE
20240208,08-02-2024,8,2,February,1,2024,Thursday,FALSE
20240209,09-02-2024,9,2,February,1,2024,Friday,FALSE
20240210,10-02-2024,10,2,February,1,2024,Saturday,TRUE
20240211,11-02-2024,11,2,February,1,2024,Sunday,TRUE
20240212,12-02-2024,12,2,February,1,2024,Monday,FALSE
20240213,13-02-2024,13,2,February,1,2024,Tuesday,FALSE
20240214,14-02-2024,14,2,February,1,2024,Wednesday,FALSE
20240215,15-02-2024,15,2,February,1,2024,Thursday,FALSE
20240216,16-02-2024,16,2,February,1,2024,Friday,FALSE
20240217,17-02-2024,17,2,February,1,2024,Saturday,TRUE
20240218,18-02-2024,18,2,February,1,2024,Sunday,TRUE
20240219,19-02-2024,19,2,February,1,2024,Monday,FALSE
20240220,20-02-2024,20,2,February,1,2024,Tuesday,FALSE
20240221,21-02-2024,21,2,February,1,2024,Wednesday,FALSE
20240222,22-02-2024,22,2,February,1,2024,Thursday,FALSE
20240223,23-02-2024,23,2,February,1,2024,Friday,FALSE
20240224,24-02-2024,24,2,February,1,2024,Saturday,TRUE
20240225,25-02-2024,25,2,February,1,2024,Sunday,TRUE
20240226,26-02-2024,26,2,February,1,2024,Monday,FALSE
20240227,27-02-2024,27,2,February,1,2024,Tuesday,FALSE
20240228,28-02-2024,28,2,February,1,2024,Wednesday,FALSE
20240229,29-02-2024,29,2,February,1,2024,Thursday,FALSE
20240301,01-03-2024,1,3,March,1,2024,Friday,FALSE
20240302,02-03-2024,2,3,March,1,2024,Saturday,TRUE
20240303,03-03-2024,3,3,March,1,2024,Sunday,TRUE
20240304,04-03-2024,4,3,March,1,2024,Monday,FALSE
20240305,05-03-2024,5,3,March,1,2024,Tuesday,FALSE
20240306,06-03-2024,6,3,March,1,2024,Wednesday,FALSE
20240307,07-03-2024,7,3,March,1,2024,Thursday,FALSE
20240308,08-03-2024,8,3,March,1,2024,Friday,FALSE
20240309,09-03-2024,9,3,March,1,2024,Saturday,TRUE
20240310,10-03-2024,10,3,March,1,2024,Sunday,TRUE
20240311,11-03-2024,11,3,March,1,2024,Monday,FALSE
20240312,12-03-2024,12,3,March,1,2024,Tuesday,FALSE
20240313,13-03-2024,13,3,March,1,2024,Wednesday,FALSE
20240314,14-03-2024,14,3,March,1,2024,Thursday,FALSE
20240315,15-03-2024,15,3,March,1,2024,Friday,FALSE
20240316,16-03-2024,16,3,March,1,2024,Saturday,TRUE
20240317,17-03-2024,17,3,March,1,2024,Sunday,TRUE
20240318,18-03-2024,18,3,March,1,2024,Monday,FALSE
20240319,19-03-2024,19,3,March,1,2024,Tuesday,FALSE
20240320,20-03-2024,20,3,March,1,2024,Wednesday,FALSE
20240321,21-03-2024,21,3,March,1,2024,Thursday,FALSE
20240322,22-03-2024,22,3,March,1,2024,Friday,FALSE
20240323,23-03-2024,23,3,March,1,2024,Saturday,TRUE
20240324,24-03-2024,24,3,March,1,2024,Sunday,TRUE
20240325,25-03-2024,25,3,March,1,2024,Monday,FALSE
20240326,26-03-2024,26,3,March,1,2024,Tuesday,FALSE
20240327,27-03-2024,27,3,March,1,2024,Wednesday,FALSE
20240328,28-03-2024,28,3,March,1,2024,Thursday,FALSE
20240329,29-03-2024,29,3,March,1,2024,Friday,FALSE
20240330,30-03-2024,30,3,March,1,2024,Saturday,TRUE
20240331,31-03-2024,31,3,March,1,2024,Sunday,TRUE
20240401,01-04-2024,1,4,April,2,2024,Monday,FALSE
20240402,02-04-2024,2,4,April,2,2024,Tuesday,FALSE
20240403,03-04-2024,3,4,April,2,2024,Wednesday,FALSE
20240404,04-04-2024,4,4,April,2,2024,Thursday,FALSE
20240405,05-04-2024,5,4,April,2,2024,Friday,FALSE
20240406,06-04-2024,6,4,April,2,2024,Saturday,TRUE
20240407,07-04-2024,7,4,April,2,2024,Sunday,TRUE
20240408,08-04-2024,8,4,April,2,2024,Monday,FALSE
20240409,09-04-2024,9,4,April,2,2024,Tuesday,FALSE
20240410,10-04-2024,10,4,April,2,2024,Wednesday,FALSE
20240411,11-04-2024,11,4,April,2,2024,Thursday,FALSE
20240412,12-04-2024,12,4,April,2,2024,Friday,FALSE
20240413,13-04-2024,13,4,April,2,2024,Saturday,TRUE
20240414,14-04-2024,14,4,April,2,2024,Sunday,TRUE
20240415,15-04-2024,15,4,April,2,2024,Monday,FALSE
20240416,16-04-2024,16,4,April,2,2024,Tuesday,FALSE
20240417,17-04-2024,17,4,April,2,2024,Wednesday,FALSE
20240418,18-04-2024,18,4,April,2,2024,Thursday,FALSE
20240419,19-04-2024,19,4,April,2,2024,Friday,FALSE
20240420,20-04-2024,20,4,April,2,2024,Saturday,TRUE
20240421,21-04-2024,21,4,April,2,2024,Sunday,TRUE
20240422,22-04-2024,22,4,April,2,2024,Monday,FALSE
20240423,23-04-2024,23,4,April,2,2024,Tuesday,FALSE
20240424,24-04-2024,24,4,April,2,2024,Wednesday,FALSE
20240425,25-04-2024,25,4,April,2,2024,Thursday,FALSE
20240426,26-04-2024,26,4,April,2,2024,Friday,FALSE
20240427,27-04-2024,27,4,April,2,2024,Saturday,TRUE
20240428,28-04-2024,28,4,April,2,2024,Sunday,TRUE
20240429,29-04-2024,29,4,April,2,2024,Monday,FALSE
20240430,30-04-2024,30,4,April,2,2024,Tuesday,FALSE
20240501,01-05-2024,1,5,May,2,2024,Wednesday,FALSE
20240502,02-05-2024,2,5,May,2,2024,Thursday,FALSE
20240503,03-05-2024,3,5,May,2,2024,Friday,FALSE
20240504,04-05-2024,4,5,May,2,2024,Saturday,TRUE
20240505,05-05-2024,5,5,May,2,2024,Sunday,TRUE
20240506,06-05-2024,6,5,May,2,2024,Monday,FALSE
20240507,07-05-2024,7,5,May,2,2024,Tuesday,FALSE
20240508,08-05-2024,8,5,May,2,2024,Wednesday,FALSE
20240509,09-05-2024,9,5,May,2,2024,Thursday,FALSE
20240510,10-05-2024,10,5,May,2,2024,Friday,FALSE
20240511,11-05-2024,11,5,May,2,2024,Saturday,TRUE
20240512,12-05-2024,12,5,May,2,2024,Sunday,TRUE
20240513,13-05-2024,13,5,May,2,2024,Monday,FALSE
20240514,14-05-2024,14,5,May,2,2024,Tuesday,FALSE
20240515,15-05-2024,15,5,May,2,2024,Wednesday,FALSE
20240516,16-05-2024,16,5,May,2,2024,Thursday,FALSE
20240517,17-05-2024,17,5,May,2,2024,Friday,FALSE
20240518,18-05-2024,18,5,May,2,2024,Saturday,TRUE
20240519,19-05-2024,19,5,May,2,2024,Sunday,TRUE
20240520,20-05-2024,20,5,May,2,2024,Monday,FALSE
20240521,21-05-2024,21,5,May,2,2024,Tuesday,FALSE
20240522,22-05-2024,22,5,May,2,2024,Wednesday,FALSE
20240523,23-05-2024,23,5,May,2,2024,Thursday,FALSE
20240524,24-05-2024,24,5,May,2,2024,Friday,FALSE
20240525,25-05-2024,25,5,May,2,2024,Saturday,TRUE
20240526,26-05-2024,26,5,May,2,2024,Sunday,TRUE
20240527,27-05-2024,27,5,May,2,2024,Monday,FALSE
20240528,28-05-2024,28,5,May,2,2024,Tuesday,FALSE
20240529,29-05-2024,29,5,May,2,2024,Wednesday,FALSE
20240530,30-05-2024,30,5,May,2,2024,Thursday,FALSE
20240531,31-05-2024,31,5,May,2,2024,Friday,FALSE
20240601,01-06-2024,1,6,June,2,2024,Saturday,TRUE
20240602,02-06-2024,2,6,June,2,2024,Sunday,TRUE
20240603,03-06-2024,3,6,June,2,2024,Monday,FALSE
20240604,04-06-2024,4,6,June,2,2024,Tuesday,FALSE
20240605,05-06-2024,5,6,June,2,2024,Wednesday,FALSE
20240606,06-06-2024,6,6,June,2,2024,Thursday,FALSE
20240607,07-06-2024,7,6,June,2,2024,Friday,FALSE
20240608,08-06-2024,8,6,June,2,2024,Saturday,TRUE
20240609,09-06-2024,9,6,June,2,2024,Sunday,TRUE
20240610,10-06-2024,10,6,June,2,2024,Monday,FALSE
20240611,11-06-2024,11,6,June,2,2024,Tuesday,FALSE
20240612,12-06-2024,12,6,June,2,2024,Wednesday,FALSE
20240613,13-06-2024,13,6,June,2,2024,Thursday,FALSE
20240614,14-06-2024,14,6,June,2,2024,Friday,FALSE
20240615,15-06-2024,15,6,June,2,2024,Saturday,TRUE
20240616,16-06-2024,16,6,June,2,2024,Sunday,TRUE
20240617,17-06-2024,17,6,June,2,2024,Monday,FALSE
20240618,18-06-2024,18,6,June,2,2024,Tuesday,FALSE
20240619,19-06-2024,19,6,June,2,2024,Wednesday,FALSE
20240620,20-06-2024,20,6,June,2,2024,Thursday,FALSE
20240621,21-06-2024,21,6,June,2,2024,Friday,FALSE
20240622,22-06-2024,22,6,June,2,2024,Saturday,TRUE
20240623,23-06-2024,23,6,June,2,2024,Sunday,TRUE
20240624,24-06-2024,24,6,June,2,2024,Monday,FALSE
20240625,25-06-2024,25,6,June,2,2024,Tuesday,FALSE
20240626,26-06-2024,26,6,June,2,2024,Wednesday,FALSE
20240627,27-06-2024,27,6,June,2,2024,Thursday,FALSE
20240628,28-06-2024,28,6,June,2,2024,Friday,FALSE
20240629,29-06-2024,29,6,June,2,2024,Saturday,TRUE
20240630,30-06-2024,30,6,June,2,2024,Sunday,TRUE
20240701,01-07-2024,1,7,July,3,2024,Monday,FALSE
20240702,02-07-2024,2,7,July,3,2024,Tuesday,FALSE
20240703,03-07-2024,3,7,July,3,2024,Wednesday,FALSE
20240704,04-07-2024,4,7,July,3,2024,Thursday,FALSE
20240705,05-07-2024,5,7,July,3,2024,Friday,FALSE
20240706,06-07-2024,6,7,July,3,2024,Saturday,TRUE
20240707,07-07-2024,7,7,July,3,2024,Sunday,TRUE
20240708,08-07-2024,8,7,July,3,2024,Monday,FALSE
20240709,09-07-2024,9,7,July,3,2024,Tuesday,FALSE
20240710,10-07-2024,10,7,July,3,2024,Wednesday,FALSE
20240711,11-07-2024,11,7,July,3,2024,Thursday,FALSE
20240712,12-07-2024,12,7,July,3,2024,Friday,FALSE
20240713,13-07-2024,13,7,July,3,2024,Saturday,TRUE
20240714,14-07-2024,14,7,July,3,2024,Sunday,TRUE
20240715,15-07-2024,15,7,July,3,2024,Monday,FALSE
20240716,16-07-2024,16,7,July,3,2024,Tuesday,FALSE
20240717,17-07-2024,17,7,July,3,2024,Wednesday,FALSE
20240718,18-07-2024,18,7,July,3,2024,Thursday,FALSE
20240719,19-07-2024,19,7,July,3,2024,Friday,FALSE
20240720,20-07-2024,20,7,July,3,2024,Saturday,TRUE
20240721,21-07-2024,21,7,July,3,2024,Sunday,TRUE
20240722,22-07-2024,22,7,July,3,2024,Monday,FALSE
20240723,23-07-2024,23,7,July,3,2024,Tuesday,FALSE
20240724,24-07-2024,24,7,July,3,2024,Wednesday,FALSE
20240725,25-07-2024,25,7,July,3,2024,Thursday,FALSE
20240726,26-07-2024,26,7,July,3,2024,Friday,FALSE
20240727,27-07-2024,27,7,July,3,2024,Saturday,TRUE
20240728,28-07-2024,28,7,July,3,2024,Sunday,TRUE
20240729,29-07-2024,29,7,July,3,2024,Monday,FALSE
20240730,30-07-2024,30,7,July,3,2024,Tuesday,FALSE
20240731,31-07-2024,31,7,July,3,2024,Wednesday,FALSE
20240801,01-08-2024,1,8,August,3,2024,Thursday,FALSE
20240802,02-08-2024,2,8,August,3,2024,Friday,FALSE
20240803,03-08-2024,3,8,August,3,2024,Saturday,TRUE
20240804,04-08-2024,4,8,August,3,2024,Sunday,TRUE
20240805,05-08-2024,5,8,August,3,2024,Monday,FALSE
20240806,06-08-2024,6,8,August,3,2024,Tuesday,FALSE
20240807,07-08-2024,7,8,August,3,2024,Wednesday,FALSE
20240808,08-08-2024,8,8,August,3,2024,Thursday,FALSE
20240809,09-08-2024,9,8,August,3,2024,Friday,FALSE
20240810,10-08-2024,10,8,August,3,2024,Saturday,TRUE
20240811,11-08-2024,11,8,August,3,2024,Sunday,TRUE
20240812,12-08-2024,12,8,August,3,2024,Monday,FALSE
20240813,13-08-2024,13,8,August,3,2024,Tuesday,FALSE
20240814,14-08-2024,14,8,August,3,2024,Wednesday,FALSE
20240815,15-08-2024,15,8,August,3,2024,Thursday,FALSE
20240816,16-08-2024,16,8,August,3,2024,Friday,FALSE
20240817,17-08-2024,17,8,August,3,2024,Saturday,TRUE
20240818,18-08-2024,18,8,August,3,2024,Sunday,TRUE
20240819,19-08-2024,19,8,August,3,2024,Monday,FALSE
20240820,20-08-2024,20,8,August,3,2024,Tuesday,FALSE
20240821,21-08-2024,21,8,August,3,2024,Wednesday,FALSE
20240822,22-08-2024,22,8,August,3,2024,Thursday,FALSE
20240823,23-08-2024,23,8,August,3,2024,Friday,FALSE
20240824,24-08-2024,24,8,August,3,2024,Saturday,TRUE
20240825,25-08-2024,25,8,August,3,2024,Sunday,TRUE
20240826,26-08-2024,26,8,August,3,2024,Monday,FALSE
20240827,27-08-2024,27,8,August,3,2024,Tuesday,FALSE
20240828,28-08-2024,28,8,August,3,2024,Wednesday,FALSE
20240829,29-08-2024,29,8,August,3,2024,Thursday,FALSE
20240830,30-08-2024,30,8,August,3,2024,Friday,FALSE
20240831,31-08-2024,31,8,August,3,2024,Saturday,TRUE
20240901,01-09-2024,1,9,September,3,2024,Sunday,TRUE
20240902,02-09-2024,2,9,September,3,2024,Monday,FALSE
20240903,03-09-2024,3,9,September,3,2024,Tuesday,FALSE
20240904,04-09-2024,4,9,September,3,2024,Wednesday,FALSE
20240905,05-09-2024,5,9,September,3,2024,Thursday,FALSE
20240906,06-09-2024,6,9,September,3,2024,Friday,FALSE
20240907,07-09-2024,7,9,September,3,2024,Saturday,TRUE
20240908,08-09-2024,8,9,September,3,2024,Sunday,TRUE
20240909,09-09-2024,9,9,September,3,2024,Monday,FALSE
20240910,10-09-2024,10,9,September,3,2024,Tuesday,FALSE
20240911,11-09-2024,11,9,September,3,2024,Wednesday,FALSE
20240912,12-09-2024,12,9,September,3,2024,Thursday,FALSE
20240913,13-09-2024,13,9,September,3,2024,Friday,FALSE
20240914,14-09-2024,14,9,September,3,2024,Saturday,TRUE
20240915,15-09-2024,15,9,September,3,2024,Sunday,TRUE
20240916,16-09-2024,16,9,September,3,2024,Monday,FALSE
20240917,17-09-2024,17,9,September,3,2024,Tuesday,FALSE
20240918,18-09-2024,18,9,September,3,2024,Wednesday,FALSE
20240919,19-09-2024,19,9,September,3,2024,Thursday,FALSE
20240920,20-09-2024,20,9,September,3,2024,Friday,FALSE
20240921,21-09-2024,21,9,September,3,2024,Saturday,TRUE
20240922,22-09-2024,22,9,September,3,2024,Sunday,TRUE
20240923,23-09-2024,23,9,September,3,2024,Monday,FALSE
20240924,24-09-2024,24,9,September,3,2024,Tuesday,FALSE
20240925,25-09-2024,25,9,September,3,2024,Wednesday,FALSE
20240926,26-09-2024,26,9,September,3,2024,Thursday,FALSE
20240927,27-09-2024,27,9,September,3,2024,Friday,FALSE
20240928,28-09-2024,28,9,September,3,2024,Saturday,TRUE
20240929,29-09-2024,29,9,September,3,2024,Sunday,TRUE
20240930,30-09-2024,30,9,September,3,2024,Monday,FALSE
20241001,01-10-2024,1,10,October,4,2024,Tuesday,FALSE
20241002,02-10-2024,2,10,October,4,2024,Wednesday,FALSE
20241003,03-10-2024,3,10,October,4,2024,Thursday,FALSE
20241004,04-10-2024,4,10,October,4,2024,Friday,FALSE
20241005,05-10-2024,5,10,October,4,2024,Saturday,TRUE
20241006,06-10-2024,6,10,October,4,2024,Sunday,TRUE
20241007,07-10-2024,7,10,October,4,2024,Monday,FALSE
20241008,08-10-2024,8,10,October,4,2024,Tuesday,FALSE
20241009,09-10-2024,9,10,October,4,2024,Wednesday,FALSE
20241010,10-10-2024,10,10,October,4,2024,Thursday,FALSE
20241011,11-10-2024,11,10,October,4,2024,Friday,FALSE
20241012,12-10-2024,12,10,October,4,2024,Saturday,TRUE
20241013,13-10-2024,13,10,October,4,2024,Sunday,TRUE
20241014,14-10-2024,14,10,October,4,2024,Monday,FALSE
20241015,15-10-2024,15,10,October,4,2024,Tuesday,FALSE
20241016,16-10-2024,16,10,October,4,2024,Wednesday,FALSE
20241017,17-10-2024,17,10,October,4,2024,Thursday,FALSE
20241018,18-10-2024,18,10,October,4,2024,Friday,FALSE
20241019,19-10-2024,19,10,October,4,2024,Saturday,TRUE
20241020,20-10-2024,20,10,October,4,2024,Sunday,TRUE
20241021,21-10-2024,21,10,October,4,2024,Monday,FALSE
20241022,22-10-2024,22,10,October,4,2024,Tuesday,FALSE
20241023,23-10-2024,23,10,October,4,2024,Wednesday,FALSE
20241024,24-10-2024,24,10,October,4,2024,Thursday,FALSE
20241025,25-10-2024,25,10,October,4,2024,Friday,FALSE
20241026,26-10-2024,26,10,October,4,2024,Saturday,TRUE
20241027,27-10-2024,27,10,October,4,2024,Sunday,TRUE
20241028,28-10-2024,28,10,October,4,2024,Monday,FALSE
20241029,29-10-2024,29,10,October,4,2024,Tuesday,FALSE
20241030,30-10-2024,30,10,October,4,2024,Wednesday,FALSE
20241031,31-10-2024,31,10,October,4,2024,Thursday,FALSE
20241101,01-11-2024,1,11,November,4,2024,Friday,FALSE
20241102,02-11-2024,2,11,November,4,2024,Saturday,TRUE
20241103,03-11-2024,3,11,November,4,2024,Sunday,TRUE
20241104,04-11-2024,4,11,November,4,2024,Monday,FALSE
20241105,05-11-2024,5,11,November,4,2024,Tuesday,FALSE
20241106,06-11-2024,6,11,November,4,2024,Wednesday,FALSE
20241107,07-11-2024,7,11,November,4,2024,Thursday,FALSE
20241108,08-11-2024,8,11,November,4,2024,Friday,FALSE
20241109,09-11-2024,9,11,November,4,2024,Saturday,TRUE
20241110,10-11-2024,10,11,November,4,2024,Sunday,TRUE
20241111,11-11-2024,11,11,November,4,2024,Monday,FALSE
20241112,12-11-2024,12,11,November,4,2024,Tuesday,FALSE
20241113,13-11-2024,13,11,November,4,2024,Wednesday,FALSE
20241114,14-11-2024,14,11,November,4,2024,Thursday,FALSE
20241115,15-11-2024,15,11,November,4,2024,Friday,FALSE
20241116,16-11-2024,16,11,November,4,2024,Saturday,TRUE
20241117,17-11-2024,17,11,November,4,2024,Sunday,TRUE
20241118,18-11-2024,18,11,November,4,2024,Monday,FALSE
20241119,19-11-2024,19,11,November,4,2024,Tuesday,FALSE
20241120,20-11-2024,20,11,November,4,2024,Wednesday,FALSE
20241121,21-11-2024,21,11,November,4,2024,Thursday,FALSE
20241122,22-11-2024,22,11,November,4,2024,Friday,FALSE
20241123,23-11-2024,23,11,November,4,2024,Saturday,TRUE
20241124,24-11-2024,24,11,November,4,2024,Sunday,TRUE
20241125,25-11-2024,25,11,November,4,2024,Monday,FALSE
20241126,26-11-2024,26,11,November,4,2024,Tuesday,FALSE
20241127,27-11-2024,27,11,November,4,2024,Wednesday,FALSE
20241128,28-11-2024,28,11,November,4,2024,Thursday,FALSE
20241129,29-11-2024,29,11,November,4,2024,Friday,FALSE
20241130,30-11-2024,30,11,November,4,2024,Saturday,TRUE
20241201,01-12-2024,1,12,December,4,2024,Sunday,TRUE
20241202,02-12-2024,2,12,December,4,2024,Monday,FALSE
20241203,03-12-2024,3,12,December,4,2024,Tuesday,FALSE
20241204,04-12-2024,4,12,December,4,2024,Wednesday,FALSE
20241205,05-12-2024,5,12,December,4,2024,Thursday,FALSE
20241206,06-12-2024,6,12,December,4,2024,Friday,FALSE
20241207,07-12-2024,7,12,December,4,2024,Saturday,TRUE
20241208,08-12-2024,8,12,December,4,2024,Sunday,TRUE
20241209,09-12-2024,9,12,December,4,2024,Monday,FALSE
20241210,10-12-2024,10,12,December,4,2024,Tuesday,FALSE
20241211,11-12-2024,11,12,December,4,2024,Wednesday,FALSE
20241212,12-12-2024,12,12,December,4,2024,Thursday,FALSE
20241213,13-12-2024,13,12,December,4,2024,Friday,FALSE
20241214,14-12-2024,14,12,December,4,2024,Saturday,TRUE
20241215,15-12-2024,15,12,December,4,2024,Sunday,TRUE
20241216,16-12-2024,16,12,December,4,2024,Monday,FALSE
20241217,17-12-2024,17,12,December,4,2024,Tuesday,FALSE
20241218,18-12-2024,18,12,December,4,2024,Wednesday,FALSE
20241219,19-12-2024,19,12,December,4,2024,Thursday,FALSE
20241220,20-12-2024,20,12,December,4,2024,Friday,FALSE
20241221,21-12-2024,21,12,December,4,2024,Saturday,TRUE
20241222,22-12-2024,22,12,December,4,2024,Sunday,TRUE
20241223,23-12-2024,23,12,December,4,2024,Monday,FALSE
20241224,24-12-2024,24,12,December,4,2024,Tuesday,FALSE
20241225,25-12-2024,25,12,December,4,2024,Wednesday,FALSE
20241226,26-12-2024,26,12,December,4,2024,Thursday,FALSE
20241227,27-12-2024,27,12,December,4,2024,Friday,FALSE
20241228,28-12-2024,28,12,December,4,2024,Saturday,TRUE
20241229,29-12-2024,29,12,December,4,2024,Sunday,TRUE
20241230,30-12-2024,30,12,December,4,2024,Monday,FALSE
20241231,31-12-2024,31,12,December,4,2024,Tuesday,FALSE
20250101,01-01-2025,1,1,January,1,2025,Wednesday,FALSE
20250102,02-01-2025,2,1,January,1,2025,Thursday,FALSE
20250103,03-01-2025,3,1,January,1,2025,Friday,FALSE
20250104,04-01-2025,4,1,January,1,2025,Saturday,TRUE
20250105,05-01-2025,5,1,January,1,2025,Sunday,TRUE
20250106,06-01-2025,6,1,January,1,2025,Monday,FALSE
20250107,07-01-2025,7,1,January,1,2025,Tuesday,FALSE
20250108,08-01-2025,8,1,January,1,2025,Wednesday,FALSE
20250109,09-01-2025,9,1,January,1,2025,Thursday,FALSE
20250110,10-01-2025,10,1,January,1,2025,Friday,FALSE
20250111,11-01-2025,11,1,January,1,2025,Saturday,TRUE
20250112,12-01-2025,12,1,January,1,2025,Sunday,TRUE
20250113,13-01-2025,13,1,January,1,2025,Monday,FALSE
20250114,14-01-2025,14,1,January,1,2025,Tuesday,FALSE
20250115,15-01-2025,15,1,January,1,2025,Wednesday,FALSE
20250116,16-01-2025,16,1,January,1,2025,Thursday,FALSE
20250117,17-01-2025,17,1,January,1,2025,Friday,FALSE
20250118,18-01-2025,18,1,January,1,2025,Saturday,TRUE
20250119,19-01-2025,19,1,January,1,2025,Sunday,TRUE
20250120,20-01-2025,20,1,January,1,2025,Monday,FALSE
20250121,21-01-2025,21,1,January,1,2025,Tuesday,FALSE
20250122,22-01-2025,22,1,January,1,2025,Wednesday,FALSE
20250123,23-01-2025,23,1,January,1,2025,Thursday,FALSE
20250124,24-01-2025,24,1,January,1,2025,Friday,FALSE
20250125,25-01-2025,25,1,January,1,2025,Saturday,TRUE
20250126,26-01-2025,26,1,January,1,2025,Sunday,TRUE
20250127,27-01-2025,27,1,January,1,2025,Monday,FALSE
20250128,28-01-2025,28,1,January,1,2025,Tuesday,FALSE
20250129,29-01-2025,29,1,January,1,2025,Wednesday,FALSE
20250130,30-01-2025,30,1,January,1,2025,Thursday,FALSE
20250131,31-01-2025,31,1,January,1,2025,Friday,FALSE
20250201,01-02-2025,1,2,February,1,2025,Saturday,TRUE
20250202,02-02-2025,2,2,February,1,2025,Sunday,TRUE
20250203,03-02-2025,3,2,February,1,2025,Monday,FALSE
20250204,04-02-2025,4,2,February,1,2025,Tuesday,FALSE
20250205,05-02-2025,5,2,February,1,2025,Wednesday,FALSE
20250206,06-02-2025,6,2,February,1,2025,Thursday,FALSE
20250207,07-02-2025,7,2,February,1,2025,Friday,FALSE
20250208,08-02-2025,8,2,February,1,2025,Saturday,TRUE
20250209,09-02-2025,9,2,February,1,2025,Sunday,TRUE
20250210,10-02-2025,10,2,February,1,2025,Monday,FALSE
20250211,11-02-2025,11,2,February,1,2025,Tuesday,FALSE
20250212,12-02-2025,12,2,February,1,2025,Wednesday,FALSE
20250213,13-02-2025,13,2,February,1,2025,Thursday,FALSE
20250214,14-02-2025,14,2,February,1,2025,Friday,FALSE
20250215,15-02-2025,15,2,February,1,2025,Saturday,TRUE
20250216,16-02-2025,16,2,February,1,2025,Sunday,TRUE
20250217,17-02-2025,17,2,February,1,2025,Monday,FALSE
20250218,18-02-2025,18,2,February,1,2025,Tuesday,FALSE
20250219,19-02-2025,19,2,February,1,2025,Wednesday,FALSE
20250220,20-02-2025,20,2,February,1,2025,Thursday,FALSE
20250221,21-02-2025,21,2,February,1,2025,Friday,FALSE
20250222,22-02-2025,22,2,February,1,2025,Saturday,TRUE
20250223,23-02-2025,23,2,February,1,2025,Sunday,TRUE
20250224,24-02-2025,24,2,February,1,2025,Monday,FALSE
20250225,25-02-2025,25,2,February,1,2025,Tuesday,FALSE
20250226,26-02-2025,26,2,February,1,2025,Wednesday,FALSE
20250227,27-02-2025,27,2,February,1,2025,Thursday,FALSE
20250228,28-02-2025,28,2,February,1,2025,Friday,FALSE
20250301,01-03-2025,1,3,March,1,2025,Saturday,TRUE
20250302,02-03-2025,2,3,March,1,2025,Sunday,TRUE
20250303,03-03-2025,3,3,March,1,2025,Monday,FALSE
20250304,04-03-2025,4,3,March,1,2025,Tuesday,FALSE
20250305,05-03-2025,5,3,March,1,2025,Wednesday,FALSE
20250306,06-03-2025,6,3,March,1,2025,Thursday,FALSE
20250307,07-03-2025,7,3,March,1,2025,Friday,FALSE
20250308,08-03-2025,8,3,March,1,2025,Saturday,TRUE
20250309,09-03-2025,9,3,March,1,2025,Sunday,TRUE
20250310,10-03-2025,10,3,March,1,2025,Monday,FALSE
20250311,11-03-2025,11,3,March,1,2025,Tuesday,FALSE
20250312,12-03-2025,12,3,March,1,2025,Wednesday,FALSE
20250313,13-03-2025,13,3,March,1,2025,Thursday,FALSE
20250314,14-03-2025,14,3,March,1,2025,Friday,FALSE
20250315,15-03-2025,15,3,March,1,2025,Saturday,TRUE
20250316,16-03-2025,16,3,March,1,2025,Sunday,TRUE
20250317,17-03-2025,17,3,March,1,2025,Monday,FALSE
20250318,18-03-2025,18,3,March,1,2025,Tuesday,FALSE
20250319,19-03-2025,19,3,March,1,2025,Wednesday,FALSE
20250320,20-03-2025,20,3,March,1,2025,Thursday,FALSE
20250321,21-03-2025,21,3,March,1,2025,Friday,FALSE
20250322,22-03-2025,22,3,March,1,2025,Saturday,TRUE
20250323,23-03-2025,23,3,March,1,2025,Sunday,TRUE
20250324,24-03-2025,24,3,March,1,2025,Monday,FALSE
20250325,25-03-2025,25,3,March,1,2025,Tuesday,FALSE
20250326,26-03-2025,26,3,March,1,2025,Wednesday,FALSE
20250327,27-03-2025,27,3,March,1,2025,Thursday,FALSE
20250328,28-03-2025,28,3,March,1,2025,Friday,FALSE
20250329,29-03-2025,29,3,March,1,2025,Saturday,TRUE
20250330,30-03-2025,30,3,March,1,2025,Sunday,TRUE
20250331,31-03-2025,31,3,March,1,2025,Monday,FALSE
20250401,01-04-2025,1,4,April,2,2025,Tuesday,FALSE
20250402,02-04-2025,2,4,April,2,2025,Wednesday,FALSE
20250403,03-04-2025,3,4,April,2,2025,Thursday,FALSE
20250404,04-04-2025,4,4,April,2,2025,Friday,FALSE
20250405,05-04-2025,5,4,April,2,2025,Saturday,TRUE
20250406,06-04-2025,6,4,April,2,2025,Sunday,TRUE
20250407,07-04-2025,7,4,April,2,2025,Monday,FALSE
20250408,08-04-2025,8,4,April,2,2025,Tuesday,FALSE
20250409,09-04-2025,9,4,April,2,2025,Wednesday,FALSE
20250410,10-04-2025,10,4,April,2,2025,Thursday,FALSE
20250411,11-04-2025,11,4,April,2,2025,Friday,FALSE
20250412,12-04-2025,12,4,April,2,2025,Saturday,TRUE
20250413,13-04-2025,13,4,April,2,2025,Sunday,TRUE
20250414,14-04-2025,14,4,April,2,2025,Monday,FALSE
20250415,15-04-2025,15,4,April,2,2025,Tuesday,FALSE
20250416,16-04-2025,16,4,April,2,2025,Wednesday,FALSE
20250417,17-04-2025,17,4,April,2,2025,Thursday,FALSE
20250418,18-04-2025,18,4,April,2,2025,Friday,FALSE
20250419,19-04-2025,19,4,April,2,2025,Saturday,TRUE
20250420,20-04-2025,20,4,April,2,2025,Sunday,TRUE
20250421,21-04-2025,21,4,April,2,2025,Monday,FALSE
20250422,22-04-2025,22,4,April,2,2025,Tuesday,FALSE
20250423,23-04-2025,23,4,April,2,2025,Wednesday,FALSE
20250424,24-04-2025,24,4,April,2,2025,Thursday,FALSE
20250425,25-04-2025,25,4,April,2,2025,Friday,FALSE
20250426,26-04-2025,26,4,April,2,2025,Saturday,TRUE
20250427,27-04-2025,27,4,April,2,2025,Sunday,TRUE
20250428,28-04-2025,28,4,April,2,2025,Monday,FALSE
20250429,29-04-2025,29,4,April,2,2025,Tuesday,FALSE
20250430,30-04-2025,30,4,April,2,2025,Wednesday,FALSE
20250501,01-05-2025,1,5,May,2,2025,Thursday,FALSE
20250502,02-05-2025,2,5,May,2,2025,Friday,FALSE
20250503,03-05-2025,3,5,May,2,2025,Saturday,TRUE
20250504,04-05-2025,4,5,May,2,2025,Sunday,TRUE
20250505,05-05-2025,5,5,May,2,2025,Monday,FALSE
20250506,06-05-2025,6,5,May,2,2025,Tuesday,FALSE
20250507,07-05-2025,7,5,May,2,2025,Wednesday,FALSE
20250508,08-05-2025,8,5,May,2,2025,Thursday,FALSE
20250509,09-05-2025,9,5,May,2,2025,Friday,FALSE
20250510,10-05-2025,10,5,May,2,2025,Saturday,TRUE
20250511,11-05-2025,11,5,May,2,2025,Sunday,TRUE
20250512,12-05-2025,12,5,May,2,2025,Monday,FALSE
20250513,13-05-2025,13,5,May,2,2025,Tuesday,FALSE
20250514,14-05-2025,14,5,May,2,2025,Wednesday,FALSE
20250515,15-05-2025,15,5,May,2,2025,Thursday,FALSE
20250516,16-05-2025,16,5,May,2,2025,Friday,FALSE
20250517,17-05-2025,17,5,May,2,2025,Saturday,TRUE
20250518,18-05-2025,18,5,May,2,2025,Sunday,TRUE
20250519,19-05-2025,19,5,May,2,2025,Monday,FALSE
20250520,20-05-2025,20,5,May,2,2025,Tuesday,FALSE
20250521,21-05-2025,21,5,May,2,2025,Wednesday,FALSE
20250522,22-05-2025,22,5,May,2,2025,Thursday,FALSE
20250523,23-05-2025,23,5,May,2,2025,Friday,FALSE
20250524,24-05-2025,24,5,May,2,2025,Saturday,TRUE
20250525,25-05-2025,25,5,May,2,2025,Sunday,TRUE
20250526,26-05-2025,26,5,May,2,2025,Monday,FALSE
20250527,27-05-2025,27,5,May,2,2025,Tuesday,FALSE
20250528,28-05-2025,28,5,May,2,2025,Wednesday,FALSE
20250529,29-05-2025,29,5,May,2,2025,Thursday,FALSE
20250530,30-05-2025,30,5,May,2,2025,Friday,FALSE
20250531,31-05-2025,31,5,May,2,2025,Saturday,TRUE
20250601,01-06-2025,1,6,June,2,2025,Sunday,TRUE
20250602,02-06-2025,2,6,June,2,2025,Monday,FALSE
20250603,03-06-2025,3,6,June,2,2025,Tuesday,FALSE
20250604,04-06-2025,4,6,June,2,2025,Wednesday,FALSE
20250605,05-06-2025,5,6,June,2,2025,Thursday,FALSE
20250606,06-06-2025,6,6,June,2,2025,Friday,FALSE
20250607,07-06-2025,7,6,June,2,2025,Saturday,TRUE
20250608,08-06-2025,8,6,June,2,2025,Sunday,TRUE
20250609,09-06-2025,9,6,June,2,2025,Monday,FALSE
20250610,10-06-2025,10,6,June,2,2025,Tuesday,FALSE
20250611,11-06-2025,11,6,June,2,2025,Wednesday,FALSE
20250612,12-06-2025,12,6,June,2,2025,Thursday,FALSE
20250613,13-06-2025,13,6,June,2,2025,Friday,FALSE
20250614,14-06-2025,14,6,June,2,2025,Saturday,TRUE
20250615,15-06-2025,15,6,June,2,2025,Sunday,TRUE
20250616,16-06-2025,16,6,June,2,2025,Monday,FALSE
20250617,17-06-2025,17,6,June,2,2025,Tuesday,FALSE
20250618,18-06-2025,18,6,June,2,2025,Wednesday,FALSE
20250619,19-06-2025,19,6,June,2,2025,Thursday,FALSE
20250620,20-06-2025,20,6,June,2,2025,Friday,FALSE
20250621,21-06-2025,21,6,June,2,2025,Saturday,TRUE
20250622,22-06-2025,22,6,June,2,2025,Sunday,TRUE
20250623,23-06-2025,23,6,June,2,2025,Monday,FALSE
20250624,24-06-2025,24,6,June,2,2025,Tuesday,FALSE
20250625,25-06-2025,25,6,June,2,2025,Wednesday,FALSE
20250626,26-06-2025,26,6,June,2,2025,Thursday,FALSE
20250627,27-06-2025,27,6,June,2,2025,Friday,FALSE
20250628,28-06-2025,28,6,June,2,2025,Saturday,TRUE
20250629,29-06-2025,29,6,June,2,2025,Sunday,TRUE
20250630,30-06-2025,30,6,June,2,2025,Monday,FALSE
20250701,01-07-2025,1,7,July,3,2025,Tuesday,FALSE
20250702,02-07-2025,2,7,July,3,2025,Wednesday,FALSE
20250703,03-07-2025,3,7,July,3,2025,Thursday,FALSE
20250704,04-07-2025,4,7,July,3,2025,Friday,FALSE
20250705,05-07-2025,5,7,July,3,2025,Saturday,TRUE
20250706,06-07-2025,6,7,July,3,2025,Sunday,TRUE
20250707,07-07-2025,7,7,July,3,2025,Monday,FALSE
20250708,08-07-2025,8,7,July,3,2025,Tuesday,FALSE
20250709,09-07-2025,9,7,July,3,2025,Wednesday,FALSE
20250710,10-07-2025,10,7,July,3,2025,Thursday,FALSE
20250711,11-07-2025,11,7,July,3,2025,Friday,FALSE
20250712,12-07-2025,12,7,July,3,2025,Saturday,TRUE
20250713,13-07-2025,13,7,July,3,2025,Sunday,TRUE
20250714,14-07-2025,14,7,July,3,2025,Monday,FALSE
20250715,15-07-2025,15,7,July,3,2025,Tuesday,FALSE
20250716,16-07-2025,16,7,July,3,2025,Wednesday,FALSE
20250717,17-07-2025,17,7,July,3,2025,Thursday,FALSE
20250718,18-07-2025,18,7,July,3,2025,Friday,FALSE
20250719,19-07-2025,19,7,July,3,2025,Saturday,TRUE
20250720,20-07-2025,20,7,July,3,2025,Sunday,TRUE
20250721,21-07-2025,21,7,July,3,2025,Monday,FALSE
20250722,22-07-2025,22,7,July,3,2025,Tuesday,FALSE
20250723,23-07-2025,23,7,July,3,2025,Wednesday,FALSE
20250724,24-07-2025,24,7,July,3,2025,Thursday,FALSE
20250725,25-07-2025,25,7,July,3,2025,Friday,FALSE
20250726,26-07-2025,26,7,July,3,2025,Saturday,TRUE
20250727,27-07-2025,27,7,July,3,2025,Sunday,TRUE
20250728,28-07-2025,28,7,July,3,2025,Monday,FALSE
20250729,29-07-2025,29,7,July,3,2025,Tuesday,FALSE
20250730,30-07-2025,30,7,July,3,2025,Wednesday,FALSE
20250731,31-07-2025,31,7,July,3,2025,Thursday,FALSE
20250801,01-08-2025,1,8,August,3,2025,Friday,FALSE
20250802,02-08-2025,2,8,August,3,2025,Saturday,TRUE
20250803,03-08-2025,3,8,August,3,2025,Sunday,TRUE
20250804,04-08-2025,4,8,August,3,2025,Monday,FALSE
20250805,05-08-2025,5,8,August,3,2025,Tuesday,FALSE
20250806,06-08-2025,6,8,August,3,2025,Wednesday,FALSE
20250807,07-08-2025,7,8,August,3,2025,Thursday,FALSE
20250808,08-08-2025,8,8,August,3,2025,Friday,FALSE
20250809,09-08-2025,9,8,August,3,2025,Saturday,TRUE
20250810,10-08-2025,10,8,August,3,2025,Sunday,TRUE
20250811,11-08-2025,11,8,August,3,2025,Monday,FALSE
20250812,12-08-2025,12,8,August,3,2025,Tuesday,FALSE
20250813,13-08-2025,13,8,August,3,2025,Wednesday,FALSE
20250814,14-08-2025,14,8,August,3,2025,Thursday,FALSE
20250815,15-08-2025,15,8,August,3,2025,Friday,FALSE
20250816,16-08-2025,16,8,August,3,2025,Saturday,TRUE
20250817,17-08-2025,17,8,August,3,2025,Sunday,TRUE
20250818,18-08-2025,18,8,August,3,2025,Monday,FALSE
20250819,19-08-2025,19,8,August,3,2025,Tuesday,FALSE
20250820,20-08-2025,20,8,August,3,2025,Wednesday,FALSE
20250821,21-08-2025,21,8,August,3,2025,Thursday,FALSE
20250822,22-08-2025,22,8,August,3,2025,Friday,FALSE
20250823,23-08-2025,23,8,August,3,2025,Saturday,TRUE
20250824,24-08-2025,24,8,August,3,2025,Sunday,TRUE
20250825,25-08-2025,25,8,August,3,2025,Monday,FALSE
20250826,26-08-2025,26,8,August,3,2025,Tuesday,FALSE
20250827,27-08-2025,27,8,August,3,2025,Wednesday,FALSE
20250828,28-08-2025,28,8,August,3,2025,Thursday,FALSE
20250829,29-08-2025,29,8,August,3,2025,Friday,FALSE
20250830,30-08-2025,30,8,August,3,2025,Saturday,TRUE
20250831,31-08-2025,31,8,August,3,2025,Sunday,TRUE
20250901,01-09-2025,1,9,September,3,2025,Monday,FALSE
20250902,02-09-2025,2,9,September,3,2025,Tuesday,FALSE
20250903,03-09-2025,3,9,September,3,2025,Wednesday,FALSE
20250904,04-09-2025,4,9,September,3,2025,Thursday,FALSE
20250905,05-09-2025,5,9,September,3,2025,Friday,FALSE
20250906,06-09-2025,6,9,September,3,2025,Saturday,TRUE
20250907,07-09-2025,7,9,September,3,2025,Sunday,TRUE
20250908,08-09-2025,8,9,September,3,2025,Monday,FALSE
20250909,09-09-2025,9,9,September,3,2025,Tuesday,FALSE
20250910,10-09-2025,10,9,September,3,2025,Wednesday,FALSE
20250911,11-09-2025,11,9,September,3,2025,Thursday,FALSE
20250912,12-09-2025,12,9,September,3,2025,Friday,FALSE
20250913,13-09-2025,13,9,September,3,2025,Saturday,TRUE
20250914,14-09-2025,14,9,September,3,2025,Sunday,TRUE
20250915,15-09-2025,15,9,September,3,2025,Monday,FALSE
20250916,16-09-2025,16,9,September,3,2025,Tuesday,FALSE
20250917,17-09-2025,17,9,September,3,2025,Wednesday,FALSE
20250918,18-09-2025,18,9,September,3,2025,Thursday,FALSE
20250919,19-09-2025,19,9,September,3,2025,Friday,FALSE
20250920,20-09-2025,20,9,September,3,2025,Saturday,TRUE
20250921,21-09-2025,21,9,September,3,2025,Sunday,TRUE
20250922,22-09-2025,22,9,September,3,2025,Monday,FALSE
20250923,23-09-2025,23,9,September,3,2025,Tuesday,FALSE
20250924,24-09-2025,24,9,September,3,2025,Wednesday,FALSE
20250925,25-09-2025,25,9,September,3,2025,Thursday,FALSE
20250926,26-09-2025,26,9,September,3,2025,Friday,FALSE
20250927,27-09-2025,27,9,September,3,2025,Saturday,TRUE
20250928,28-09-2025,28,9,September,3,2025,Sunday,TRUE
20250929,29-09-2025,29,9,September,3,2025,Monday,FALSE
20250930,30-09-2025,30,9,September,3,2025,Tuesday,FALSE
20251001,01-10-2025,1,10,October,4,2025,Wednesday,FALSE
20251002,02-10-2025,2,10,October,4,2025,Thursday,FALSE
20251003,03-10-2025,3,10,October,4,2025,Friday,FALSE
20251004,04-10-2025,4,10,October,4,2025,Saturday,TRUE
20251005,05-10-2025,5,10,October,4,2025,Sunday,TRUE
20251006,06-10-2025,6,10,October,4,2025,Monday,FALSE
20251007,07-10-2025,7,10,October,4,2025,Tuesday,FALSE
20251008,08-10-2025,8,10,October,4,2025,Wednesday,FALSE
20251009,09-10-2025,9,10,October,4,2025,Thursday,FALSE
20251010,10-10-2025,10,10,October,4,2025,Friday,FALSE
20251011,11-10-2025,11,10,October,4,2025,Saturday,TRUE
20251012,12-10-2025,12,10,October,4,2025,Sunday,TRUE
20251013,13-10-2025,13,10,October,4,2025,Monday,FALSE
20251014,14-10-2025,14,10,October,4,2025,Tuesday,FALSE
20251015,15-10-2025,15,10,October,4,2025,Wednesday,FALSE
20251016,16-10-2025,16,10,October,4,2025,Thursday,FALSE
20251017,17-10-2025,17,10,October,4,2025,Friday,FALSE
20251018,18-10-2025,18,10,October,4,2025,Saturday,TRUE
20251019,19-10-2025,19,10,October,4,2025,Sunday,TRUE
20251020,20-10-2025,20,10,October,4,2025,Monday,FALSE
20251021,21-10-2025,21,10,October,4,2025,Tuesday,FALSE
20251022,22-10-2025,22,10,October,4,2025,Wednesday,FALSE
20251023,23-10-2025,23,10,October,4,2025,Thursday,FALSE
20251024,24-10-2025,24,10,October,4,2025,Friday,FALSE
20251025,25-10-2025,25,10,October,4,2025,Saturday,TRUE
20251026,26-10-2025,26,10,October,4,2025,Sunday,TRUE
20251027,27-10-2025,27,10,October,4,2025,Monday,FALSE
20251028,28-10-2025,28,10,October,4,2025,Tuesday,FALSE
20251029,29-10-2025,29,10,October,4,2025,Wednesday,FALSE
20251030,30-10-2025,30,10,October,4,2025,Thursday,FALSE
20251031,31-10-2025,31,10,October,4,2025,Friday,FALSE
20251101,01-11-2025,1,11,November,4,2025,Saturday,TRUE
20251102,02-11-2025,2,11,November,4,2025,Sunday,TRUE
20251103,03-11-2025,3,11,November,4,2025,Monday,FALSE
20251104,04-11-2025,4,11,November,4,2025,Tuesday,FALSE
20251105,05-11-2025,5,11,November,4,2025,Wednesday,FALSE
20251106,06-11-2025,6,11,November,4,2025,Thursday,FALSE
20251107,07-11-2025,7,11,November,4,2025,Friday,FALSE
20251108,08-11-2025,8,11,November,4,2025,Saturday,TRUE
20251109,09-11-2025,9,11,November,4,2025,Sunday,TRUE
20251110,10-11-2025,10,11,November,4,2025,Monday,FALSE
20251111,11-11-2025,11,11,November,4,2025,Tuesday,FALSE
20251112,12-11-2025,12,11,November,4,2025,Wednesday,FALSE
20251113,13-11-2025,13,11,November,4,2025,Thursday,FALSE
20251114,14-11-2025,14,11,November,4,2025,Friday,FALSE
20251115,15-11-2025,15,11,November,4,2025,Saturday,TRUE
20251116,16-11-2025,16,11,November,4,2025,Sunday,TRUE
20251117,17-11-2025,17,11,November,4,2025,Monday,FALSE
20251118,18-11-2025,18,11,November,4,2025,Tuesday,FALSE
20251119,19-11-2025,19,11,November,4,2025,Wednesday,FALSE
20251120,20-11-2025,20,11,November,4,2025,Thursday,FALSE
20251121,21-11-2025,21,11,November,4,2025,Friday,FALSE
20251122,22-11-2025,22,11,November,4,2025,Saturday,TRUE
20251123,23-11-2025,23,11,November,4,2025,Sunday,TRUE
20251124,24-11-2025,24,11,November,4,2025,Monday,FALSE
20251125,25-11-2025,25,11,November,4,2025,Tuesday,FALSE
20251126,26-11-2025,26,11,November,4,2025,Wednesday,FALSE
20251127,27-11-2025,27,11,November,4,2025,Thursday,FALSE
20251128,28-11-2025,28,11,November,4,2025,Friday,FALSE
20251129,29-11-2025,29,11,November,4,2025,Saturday,TRUE
20251130,30-11-2025,30,11,November,4,2025,Sunday,TRUE
20251201,01-12-2025,1,12,December,4,2025,Monday,FALSE
20251202,02-12-2025,2,12,December,4,2025,Tuesday,FALSE
20251203,03-12-2025,3,12,December,4,2025,Wednesday,FALSE
20251204,04-12-2025,4,12,December,4,2025,Thursday,FALSE
20251205,05-12-2025,5,12,December,4,2025,Friday,FALSE
20251206,06-12-2025,6,12,December,4,2025,Saturday,TRUE
20251207,07-12-2025,7,12,December,4,2025,Sunday,TRUE
20251208,08-12-2025,8,12,December,4,2025,Monday,FALSE
20251209,09-12-2025,9,12,December,4,2025,Tuesday,FALSE
20251210,10-12-2025,10,12,December,4,2025,Wednesday,FALSE
20251211,11-12-2025,11,12,December,4,2025,Thursday,FALSE
20251212,12-12-2025,12,12,December,4,2025,Friday,FALSE
20251213,13-12-2025,13,12,December,4,2025,Saturday,TRUE
20251214,14-12-2025,14,12,December,4,2025,Sunday,TRUE
20251215,15-12-2025,15,12,December,4,2025,Monday,FALSE
20251216,16-12-2025,16,12,December,4,2025,Tuesday,FALSE
20251217,17-12-2025,17,12,December,4,2025,Wednesday,FALSE
20251218,18-12-2025,18,12,December,4,2025,Thursday,FALSE
20251219,19-12-2025,19,12,December,4,2025,Friday,FALSE
20251220,20-12-2025,20,12,December,4,2025,Saturday,TRUE
20251221,21-12-2025,21,12,December,4,2025,Sunday,TRUE
20251222,22-12-2025,22,12,December,4,2025,Monday,FALSE
20251223,23-12-2025,23,12,December,4,2025,Tuesday,FALSE
20251224,24-12-2025,24,12,December,4,2025,Wednesday,FALSE
20251225,25-12-2025,25,12,December,4,2025,Thursday,FALSE
20251226,26-12-2025,26,12,December,4,2025,Friday,FALSE
20251227,27-12-2025,27,12,December,4,2025,Saturday,TRUE
20251228,28-12-2025,28,12,December,4,2025,Sunday,TRUE
20251229,29-12-2025,29,12,December,4,2025,Monday,FALSE
20251230,30-12-2025,30,12,December,4,2025,Tuesday,FALSE
20251231,31-12-2025,31,12,December,4,2025,Wednesday,FALSE
20260101,01-01-2026,1,1,January,1,2026,Thursday,FALSE
20260102,02-01-2026,2,1,January,1,2026,Friday,FALSE
20260103,03-01-2026,3,1,January,1,2026,Saturday,TRUE
20260104,04-01-2026,4,1,January,1,2026,Sunday,TRUE
20260105,05-01-2026,5,1,January,1,2026,Monday,FALSE
20260106,06-01-2026,6,1,January,1,2026,Tuesday,FALSE
20260107,07-01-2026,7,1,January,1,2026,Wednesday,FALSE
20260108,08-01-2026,8,1,January,1,2026,Thursday,FALSE
20260109,09-01-2026,9,1,January,1,2026,Friday,FALSE
20260110,10-01-2026,10,1,January,1,2026,Saturday,TRUE
20260111,11-01-2026,11,1,January,1,2026,Sunday,TRUE
20260112,12-01-2026,12,1,January,1,2026,Monday,FALSE
20260113,13-01-2026,13,1,January,1,2026,Tuesday,FALSE
20260114,14-01-2026,14,1,January,1,2026,Wednesday,FALSE
20260115,15-01-2026,15,1,January,1,2026,Thursday,FALSE
20260116,16-01-2026,16,1,January,1,2026,Friday,FALSE
20260117,17-01-2026,17,1,January,1,2026,Saturday,TRUE
20260118,18-01-2026,18,1,January,1,2026,Sunday,TRUE
20260119,19-01-2026,19,1,January,1,2026,Monday,FALSE
20260120,20-01-2026,20,1,January,1,2026,Tuesday,FALSE
20260121,21-01-2026,21,1,January,1,2026,Wednesday,FALSE
20260122,22-01-2026,22,1,January,1,2026,Thursday,FALSE
20260123,23-01-2026,23,1,January,1,2026,Friday,FALSE
20260124,24-01-2026,24,1,January,1,2026,Saturday,TRUE
20260125,25-01-2026,25,1,January,1,2026,Sunday,TRUE
20260126,26-01-2026,26,1,January,1,2026,Monday,FALSE
20260127,27-01-2026,27,1,January,1,2026,Tuesday,FALSE
20260128,28-01-2026,28,1,January,1,2026,Wednesday,FALSE
20260129,29-01-2026,29,1,January,1,2026,Thursday,FALSE
20260130,30-01-2026,30,1,January,1,2026,Friday,FALSE
20260131,31-01-2026,31,1,January,1,2026,Saturday,TRUE
20260201,01-02-2026,1,2,February,1,2026,Sunday,TRUE
20260202,02-02-2026,2,2,February,1,2026,Monday,FALSE
20260203,03-02-2026,3,2,February,1,2026,Tuesday,FALSE
20260204,04-02-2026,4,2,February,1,2026,Wednesday,FALSE
20260205,05-02-2026,5,2,February,1,2026,Thursday,FALSE
20260206,06-02-2026,6,2,February,1,2026,Friday,FALSE
20260207,07-02-2026,7,2,February,1,2026,Saturday,TRUE
20260208,08-02-2026,8,2,February,1,2026,Sunday,TRUE
20260209,09-02-2026,9,2,February,1,2026,Monday,FALSE
20260210,10-02-2026,10,2,February,1,2026,Tuesday,FALSE
20260211,11-02-2026,11,2,February,1,2026,Wednesday,FALSE
20260212,12-02-2026,12,2,February,1,2026,Thursday,FALSE
20260213,13-02-2026,13,2,February,1,2026,Friday,FALSE
20260214,14-02-2026,14,2,February,1,2026,Saturday,TRUE
20260215,15-02-2026,15,2,February,1,2026,Sunday,TRUE
20260216,16-02-2026,16,2,February,1,2026,Monday,FALSE
20260217,17-02-2026,17,2,February,1,2026,Tuesday,FALSE
20260218,18-02-2026,18,2,February,1,2026,Wednesday,FALSE
20260219,19-02-2026,19,2,February,1,2026,Thursday,FALSE
20260220,20-02-2026,20,2,February,1,2026,Friday,FALSE
20260221,21-02-2026,21,2,February,1,2026,Saturday,TRUE
20260222,22-02-2026,22,2,February,1,2026,Sunday,TRUE
20260223,23-02-2026,23,2,February,1,2026,Monday,FALSE
20260224,24-02-2026,24,2,February,1,2026,Tuesday,FALSE
20260225,25-02-2026,25,2,February,1,2026,Wednesday,FALSE
20260226,26-02-2026,26,2,February,1,2026,Thursday,FALSE
20260227,27-02-2026,27,2,February,1,2026,Friday,FALSE
20260228,28-02-2026,28,2,February,1,2026,Saturday,TRUE
20260301,01-03-2026,1,3,March,1,2026,Sunday,TRUE
20260302,02-03-2026,2,3,March,1,2026,Monday,FALSE
20260303,03-03-2026,3,3,March,1,2026,Tuesday,FALSE
20260304,04-03-2026,4,3,March,1,2026,Wednesday,FALSE
20260305,05-03-2026,5,3,March,1,2026,Thursday,FALSE
20260306,06-03-2026,6,3,March,1,2026,Friday,FALSE
20260307,07-03-2026,7,3,March,1,2026,Saturday,TRUE
20260308,08-03-2026,8,3,March,1,2026,Sunday,TRUE
20260309,09-03-2026,9,3,March,1,2026,Monday,FALSE
20260310,10-03-2026,10,3,March,1,2026,Tuesday,FALSE
20260311,11-03-2026,11,3,March,1,2026,Wednesday,FALSE
20260312,12-03-2026,12,3,March,1,2026,Thursday,FALSE
20260313,13-03-2026,13,3,March,1,2026,Friday,FALSE
20260314,14-03-2026,14,3,March,1,2026,Saturday,TRUE
20260315,15-03-2026,15,3,March,1,2026,Sunday,TRUE
20260316,16-03-2026,16,3,March,1,2026,Monday,FALSE
20260317,17-03-2026,17,3,March,1,2026,Tuesday,FALSE
20260318,18-03-2026,18,3,March,1,2026,Wednesday,FALSE
20260319,19-03-2026,19,3,March,1,2026,Thursday,FALSE
20260320,20-03-2026,20,3,March,1,2026,Friday,FALSE
20260321,21-03-2026,21,3,March,1,2026,Saturday,TRUE
20260322,22-03-2026,22,3,March,1,2026,Sunday,TRUE
20260323,23-03-2026,23,3,March,1,2026,Monday,FALSE
20260324,24-03-2026,24,3,March,1,2026,Tuesday,FALSE
20260325,25-03-2026,25,3,March,1,2026,Wednesday,FALSE
20260326,26-03-2026,26,3,March,1,2026,Thursday,FALSE
20260327,27-03-2026,27,3,March,1,2026,Friday,FALSE
20260328,28-03-2026,28,3,March,1,2026,Saturday,TRUE
20260329,29-03-2026,29,3,March,1,2026,Sunday,TRUE
20260330,30-03-2026,30,3,March,1,2026,Monday,FALSE
20260331,31-03-2026,31,3,March,1,2026,Tuesday,FALSE
20260401,01-04-2026,1,4,April,2,2026,Wednesday,FALSE
20260402,02-04-2026,2,4,April,2,2026,Thursday,FALSE
20260403,03-04-2026,3,4,April,2,2026,Friday,FALSE
20260404,04-04-2026,4,4,April,2,2026,Saturday,TRUE
20260405,05-04-2026,5,4,April,2,2026,Sunday,TRUE
20260406,06-04-2026,6,4,April,2,2026,Monday,FALSE
20260407,07-04-2026,7,4,April,2,2026,Tuesday,FALSE
20260408,08-04-2026,8,4,April,2,2026,Wednesday,FALSE
20260409,09-04-2026,9,4,April,2,2026,Thursday,FALSE
20260410,10-04-2026,10,4,April,2,2026,Friday,FALSE
20260411,11-04-2026,11,4,April,2,2026,Saturday,TRUE
20260412,12-04-2026,12,4,April,2,2026,Sunday,TRUE
20260413,13-04-2026,13,4,April,2,2026,Monday,FALSE
20260414,14-04-2026,14,4,April,2,2026,Tuesday,FALSE
20260415,15-04-2026,15,4,April,2,2026,Wednesday,FALSE
20260416,16-04-2026,16,4,April,2,2026,Thursday,FALSE
20260417,17-04-2026,17,4,April,2,2026,Friday,FALSE
20260418,18-04-2026,18,4,April,2,2026,Saturday,TRUE
20260419,19-04-2026,19,4,April,2,2026,Sunday,TRUE
20260420,20-04-2026,20,4,April,2,2026,Monday,FALSE
20260421,21-04-2026,21,4,April,2,2026,Tuesday,FALSE
20260422,22-04-2026,22,4,April,2,2026,Wednesday,FALSE
20260423,23-04-2026,23,4,April,2,2026,Thursday,FALSE
20260424,24-04-2026,24,4,April,2,2026,Friday,FALSE
20260425,25-04-2026,25,4,April,2,2026,Saturday,TRUE
20260426,26-04-2026,26,4,April,2,2026,Sunday,TRUE
20260427,27-04-2026,27,4,April,2,2026,Monday,FALSE
20260428,28-04-2026,28,4,April,2,2026,Tuesday,FALSE
20260429,29-04-2026,29,4,April,2,2026,Wednesday,FALSE
20260430,30-04-2026,30,4,April,2,2026,Thursday,FALSE
20260501,01-05-2026,1,5,May,2,2026,Friday,FALSE
20260502,02-05-2026,2,5,May,2,2026,Saturday,TRUE
20260503,03-05-2026,3,5,May,2,2026,Sunday,TRUE
20260504,04-05-2026,4,5,May,2,2026,Monday,FALSE
20260505,05-05-2026,5,5,May,2,2026,Tuesday,FALSE
20260506,06-05-2026,6,5,May,2,2026,Wednesday,FALSE
20260507,07-05-2026,7,5,May,2,2026,Thursday,FALSE
20260508,08-05-2026,8,5,May,2,2026,Friday,FALSE
20260509,09-05-2026,9,5,May,2,2026,Saturday,TRUE
20260510,10-05-2026,10,5,May,2,2026,Sunday,TRUE
20260511,11-05-2026,11,5,May,2,2026,Monday,FALSE
20260512,12-05-2026,12,5,May,2,2026,Tuesday,FALSE
20260513,13-05-2026,13,5,May,2,2026,Wednesday,FALSE
20260514,14-05-2026,14,5,May,2,2026,Thursday,FALSE
20260515,15-05-2026,15,5,May,2,2026,Friday,FALSE
20260516,16-05-2026,16,5,May,2,2026,Saturday,TRUE
20260517,17-05-2026,17,5,May,2,2026,Sunday,TRUE
20260518,18-05-2026,18,5,May,2,2026,Monday,FALSE
20260519,19-05-2026,19,5,May,2,2026,Tuesday,FALSE
20260520,20-05-2026,20,5,May,2,2026,Wednesday,FALSE
20260521,21-05-2026,21,5,May,2,2026,Thursday,FALSE
20260522,22-05-2026,22,5,May,2,2026,Friday,FALSE
20260523,23-05-2026,23,5,May,2,2026,Saturday,TRUE
20260524,24-05-2026,24,5,May,2,2026,Sunday,TRUE
20260525,25-05-2026,25,5,May,2,2026,Monday,FALSE
20260526,26-05-2026,26,5,May,2,2026,Tuesday,FALSE
20260527,27-05-2026,27,5,May,2,2026,Wednesday,FALSE
20260528,28-05-2026,28,5,May,2,2026,Thursday,FALSE
20260529,29-05-2026,29,5,May,2,2026,Friday,FALSE
20260530,30-05-2026,30,5,May,2,2026,Saturday,TRUE
20260531,31-05-2026,31,5,May,2,2026,Sunday,TRUE
20260601,01-06-2026,1,6,June,2,2026,Monday,FALSE
20260602,02-06-2026,2,6,June,2,2026,Tuesday,FALSE
20260603,03-06-2026,3,6,June,2,2026,Wednesday,FALSE
20260604,04-06-2026,4,6,June,2,2026,Thursday,FALSE
20260605,05-06-2026,5,6,June,2,2026,Friday,FALSE
20260606,06-06-2026,6,6,June,2,2026,Saturday,TRUE
20260607,07-06-2026,7,6,June,2,2026,Sunday,TRUE
20260608,08-06-2026,8,6,June,2,2026,Monday,FALSE
20260609,09-06-2026,9,6,June,2,2026,Tuesday,FALSE
20260610,10-06-2026,10,6,June,2,2026,Wednesday,FALSE
20260611,11-06-2026,11,6,June,2,2026,Thursday,FALSE
20260612,12-06-2026,12,6,June,2,2026,Friday,FALSE
20260613,13-06-2026,13,6,June,2,2026,Saturday,TRUE
20260614,14-06-2026,14,6,June,2,2026,Sunday,TRUE
20260615,15-06-2026,15,6,June,2,2026,Monday,FALSE
20260616,16-06-2026,16,6,June,2,2026,Tuesday,FALSE
20260617,17-06-2026,17,6,June,2,2026,Wednesday,FALSE
20260618,18-06-2026,18,6,June,2,2026,Thursday,FALSE
20260619,19-06-2026,19,6,June,2,2026,Friday,FALSE
20260620,20-06-2026,20,6,June,2,2026,Saturday,TRUE
20260621,21-06-2026,21,6,June,2,2026,Sunday,TRUE
20260622,22-06-2026,22,6,June,2,2026,Monday,FALSE
20260623,23-06-2026,23,6,June,2,2026,Tuesday,FALSE
20260624,24-06-2026,24,6,June,2,2026,Wednesday,FALSE
20260625,25-06-2026,25,6,June,2,2026,Thursday,FALSE
20260626,26-06-2026,26,6,June,2,2026,Friday,FALSE
20260627,27-06-2026,27,6,June,2,2026,Saturday,TRUE
20260628,28-06-2026,28,6,June,2,2026,Sunday,TRUE
20260629,29-06-2026,29,6,June,2,2026,Monday,FALSE
20260630,30-06-2026,30,6,June,2,2026,Tuesday,FALSE
